area,district,margin,name,no,count
1,district 4 precinct 1,row,black,1,130.0
1,district 4 precinct 1,row,white,2,424.0
1,district 4 precinct 1,row,hispanic,3,1.0
1,district 4 precinct 1,col,dem,1,112.0
1,district 4 precinct 1,col,rep,2,225.0
1,district 4 precinct 1,col,novote,3,218.0
2,district 1 precinct 2,row,black,1,195.0
2,district 1 precinct 2,row,white,2,189.0
2,district 1 precinct 2,row,hispanic,3,220.0
2,district 1 precinct 2,col,dem,1,259.0
2,district 1 precinct 2,col,rep,2,144.0
2,district 1 precinct 2,col,novote,3,201.0
3,district 3 precinct 3,row,black,1,5.0
3,district 3 precinct 3,row,white,2,798.0
3,district 3 precinct 3,row,hispanic,3,0.0
3,district 3 precinct 3,col,dem,1,38.0
3,district 3 precinct 3,col,rep,2,572.0
3,district 3 precinct 3,col,novote,3,193.0
4,district 2 precinct 4,row,black,1,258.0
4,district 2 precinct 4,row,white,2,437.0
4,district 2 precinct 4,row,hispanic,3,0.0
4,district 2 precinct 4,col,dem,1,153.0
4,district 2 precinct 4,col,rep,2,202.0
4,district 2 precinct 4,col,novote,3,340.0
5,district 4 precinct 5,row,black,1,21.0
5,district 4 precinct 5,row,white,2,820.0
5,district 4 precinct 5,row,hispanic,3,0.0
5,district 4 precinct 5,col,dem,1,90.0
5,district 4 precinct 5,col,rep,2,402.0
5,district 4 precinct 5,col,novote,3,349.0
6,district 3 precinct 6,row,black,1,11.0
6,district 3 precinct 6,row,white,2,857.0
6,district 3 precinct 6,row,hispanic,3,0.0
6,district 3 precinct 6,col,dem,1,134.0
6,district 3 precinct 6,col,rep,2,252.0
6,district 3 precinct 6,col,novote,3,482.0
7,district 3 precinct 7,row,black,1,4.0
7,district 3 precinct 7,row,white,2,791.0
7,district 3 precinct 7,row,hispanic,3,0.0
7,district 3 precinct 7,col,dem,1,120.0
7,district 3 precinct 7,col,rep,2,201.0
7,district 3 precinct 7,col,novote,3,474.0
8,district 4 precinct 8,row,black,1,72.0
8,district 4 precinct 8,row,white,2,627.0
8,district 4 precinct 8,row,hispanic,3,0.0
8,district 4 precinct 8,col,dem,1,68.0
8,district 4 precinct 8,col,rep,2,358.0
8,district 4 precinct 8,col,novote,3,273.0
9,district 2 precinct 9,row,black,1,226.0
9,district 2 precinct 9,row,white,2,333.0
9,district 2 precinct 9,row,hispanic,3,1.0
9,district 2 precinct 9,col,dem,1,173.0
9,district 2 precinct 9,col,rep,2,51.0
9,district 2 precinct 9,col,novote,3,336.0
10,district 3 precinct 10,row,black,1,11.0
10,district 3 precinct 10,row,white,2,654.0
10,district 3 precinct 10,row,hispanic,3,1.0
10,district 3 precinct 10,col,dem,1,141.0
10,district 3 precinct 10,col,rep,2,84.0
10,district 3 precinct 10,col,novote,3,441.0
11,district 3 precinct 11,row,black,1,3.0
11,district 3 precinct 11,row,white,2,519.0
11,district 3 precinct 11,row,hispanic,3,0.0
11,district 3 precinct 11,col,dem,1,52.0
11,district 3 precinct 11,col,rep,2,313.0
11,district 3 precinct 11,col,novote,3,157.0
12,district 3 precinct 12,row,black,1,18.0
12,district 3 precinct 12,row,white,2,813.0
12,district 3 precinct 12,row,hispanic,3,2.0
12,district 3 precinct 12,col,dem,1,39.0
12,district 3 precinct 12,col,rep,2,506.0
12,district 3 precinct 12,col,novote,3,288.0
13,district 4 precinct 13,row,black,1,29.0
13,district 4 precinct 13,row,white,2,488.0
13,district 4 precinct 13,row,hispanic,3,6.0
13,district 4 precinct 13,col,dem,1,129.0
13,district 4 precinct 13,col,rep,2,144.0
13,district 4 precinct 13,col,novote,3,250.0
14,district 3 precinct 14,row,black,1,6.0
14,district 3 precinct 14,row,white,2,588.0
14,district 3 precinct 14,row,hispanic,3,0.0
14,district 3 precinct 14,col,dem,1,109.0
14,district 3 precinct 14,col,rep,2,174.0
14,district 3 precinct 14,col,novote,3,311.0
15,district 4 precinct 15,row,black,1,5.0
15,district 4 precinct 15,row,white,2,571.0
15,district 4 precinct 15,row,hispanic,3,1.0
15,district 4 precinct 15,col,dem,1,47.0
15,district 4 precinct 15,col,rep,2,201.0
15,district 4 precinct 15,col,novote,3,329.0
16,district 2 precinct 16,row,black,1,476.0
16,district 2 precinct 16,row,white,2,68.0
16,district 2 precinct 16,row,hispanic,3,10.0
16,district 2 precinct 16,col,dem,1,136.0
16,district 2 precinct 16,col,rep,2,64.0
16,district 2 precinct 16,col,novote,3,354.0
17,district 3 precinct 17,row,black,1,130.0
17,district 3 precinct 17,row,white,2,617.0
17,district 3 precinct 17,row,hispanic,3,0.0
17,district 3 precinct 17,col,dem,1,94.0
17,district 3 precinct 17,col,rep,2,273.0
17,district 3 precinct 17,col,novote,3,380.0
18,district 2 precinct 18,row,black,1,277.0
18,district 2 precinct 18,row,white,2,331.0
18,district 2 precinct 18,row,hispanic,3,0.0
18,district 2 precinct 18,col,dem,1,96.0
18,district 2 precinct 18,col,rep,2,232.0
18,district 2 precinct 18,col,novote,3,280.0
19,district 1 precinct 19,row,black,1,520.0
19,district 1 precinct 19,row,white,2,24.0
19,district 1 precinct 19,row,hispanic,3,26.0
19,district 1 precinct 19,col,dem,1,129.0
19,district 1 precinct 19,col,rep,2,47.0
19,district 1 precinct 19,col,novote,3,394.0
20,district 2 precinct 20,row,black,1,469.0
20,district 2 precinct 20,row,white,2,327.0
20,district 2 precinct 20,row,hispanic,3,6.0
20,district 2 precinct 20,col,dem,1,271.0
20,district 2 precinct 20,col,rep,2,89.0
20,district 2 precinct 20,col,novote,3,442.0
21,district 3 precinct 21,row,black,1,10.0
21,district 3 precinct 21,row,white,2,749.0
21,district 3 precinct 21,row,hispanic,3,0.0
21,district 3 precinct 21,col,dem,1,36.0
21,district 3 precinct 21,col,rep,2,428.0
21,district 3 precinct 21,col,novote,3,295.0
22,district 1 precinct 22,row,black,1,428.0
22,district 1 precinct 22,row,white,2,138.0
22,district 1 precinct 22,row,hispanic,3,0.0
22,district 1 precinct 22,col,dem,1,211.0
22,district 1 precinct 22,col,rep,2,56.0
22,district 1 precinct 22,col,novote,3,299.0
23,district 1 precinct 23,row,black,1,555.0
23,district 1 precinct 23,row,white,2,134.0
23,district 1 precinct 23,row,hispanic,3,174.0
23,district 1 precinct 23,col,dem,1,266.0
23,district 1 precinct 23,col,rep,2,69.0
23,district 1 precinct 23,col,novote,3,528.0
24,district 1 precinct 24,row,black,1,350.0
24,district 1 precinct 24,row,white,2,191.0
24,district 1 precinct 24,row,hispanic,3,3.0
24,district 1 precinct 24,col,dem,1,122.0
24,district 1 precinct 24,col,rep,2,103.0
24,district 1 precinct 24,col,novote,3,319.0
25,district 3 precinct 25,row,black,1,126.0
25,district 3 precinct 25,row,white,2,406.0
25,district 3 precinct 25,row,hispanic,3,26.0
25,district 3 precinct 25,col,dem,1,95.0
25,district 3 precinct 25,col,rep,2,224.0
25,district 3 precinct 25,col,novote,3,239.0
26,district 1 precinct 26,row,black,1,542.0
26,district 1 precinct 26,row,white,2,83.0
26,district 1 precinct 26,row,hispanic,3,72.0
26,district 1 precinct 26,col,dem,1,249.0
26,district 1 precinct 26,col,rep,2,56.0
26,district 1 precinct 26,col,novote,3,392.0
27,district 2 precinct 27,row,black,1,589.0
27,district 2 precinct 27,row,white,2,29.0
27,district 2 precinct 27,row,hispanic,3,0.0
27,district 2 precinct 27,col,dem,1,310.0
27,district 2 precinct 27,col,rep,2,53.0
27,district 2 precinct 27,col,novote,3,255.0
28,district 3 precinct 28,row,black,1,121.0
28,district 3 precinct 28,row,white,2,431.0
28,district 3 precinct 28,row,hispanic,3,27.0
28,district 3 precinct 28,col,dem,1,95.0
28,district 3 precinct 28,col,rep,2,247.0
28,district 3 precinct 28,col,novote,3,237.0
29,district 4 precinct 29,row,black,1,211.0
29,district 4 precinct 29,row,white,2,269.0
29,district 4 precinct 29,row,hispanic,3,0.0
29,district 4 precinct 29,col,dem,1,62.0
29,district 4 precinct 29,col,rep,2,147.0
29,district 4 precinct 29,col,novote,3,271.0
30,district 4 precinct 30,row,black,1,120.0
30,district 4 precinct 30,row,white,2,798.0
30,district 4 precinct 30,row,hispanic,3,6.0
30,district 4 precinct 30,col,dem,1,57.0
30,district 4 precinct 30,col,rep,2,506.0
30,district 4 precinct 30,col,novote,3,361.0
31,district 2 precinct 31,row,black,1,457.0
31,district 2 precinct 31,row,white,2,77.0
31,district 2 precinct 31,row,hispanic,3,0.0
31,district 2 precinct 31,col,dem,1,163.0
31,district 2 precinct 31,col,rep,2,36.0
31,district 2 precinct 31,col,novote,3,335.0
32,district 2 precinct 32,row,black,1,392.0
32,district 2 precinct 32,row,white,2,229.0
32,district 2 precinct 32,row,hispanic,3,192.0
32,district 2 precinct 32,col,dem,1,242.0
32,district 2 precinct 32,col,rep,2,80.0
32,district 2 precinct 32,col,novote,3,491.0
33,district 1 precinct 33,row,black,1,523.0
33,district 1 precinct 33,row,white,2,263.0
33,district 1 precinct 33,row,hispanic,3,0.0
33,district 1 precinct 33,col,dem,1,309.0
33,district 1 precinct 33,col,rep,2,108.0
33,district 1 precinct 33,col,novote,3,369.0
34,district 4 precinct 34,row,black,1,2.0
34,district 4 precinct 34,row,white,2,738.0
34,district 4 precinct 34,row,hispanic,3,0.0
34,district 4 precinct 34,col,dem,1,302.0
34,district 4 precinct 34,col,rep,2,190.0
34,district 4 precinct 34,col,novote,3,248.0
35,district 2 precinct 35,row,black,1,283.0
35,district 2 precinct 35,row,white,2,271.0
35,district 2 precinct 35,row,hispanic,3,0.0
35,district 2 precinct 35,col,dem,1,80.0
35,district 2 precinct 35,col,rep,2,180.0
35,district 2 precinct 35,col,novote,3,294.0
36,district 4 precinct 36,row,black,1,6.0
36,district 4 precinct 36,row,white,2,869.0
36,district 4 precinct 36,row,hispanic,3,0.0
36,district 4 precinct 36,col,dem,1,63.0
36,district 4 precinct 36,col,rep,2,296.0
36,district 4 precinct 36,col,novote,3,516.0
37,district 3 precinct 37,row,black,1,211.0
37,district 3 precinct 37,row,white,2,394.0
37,district 3 precinct 37,row,hispanic,3,4.0
37,district 3 precinct 37,col,dem,1,77.0
37,district 3 precinct 37,col,rep,2,281.0
37,district 3 precinct 37,col,novote,3,251.0
38,district 1 precinct 38,row,black,1,505.0
38,district 1 precinct 38,row,white,2,81.0
38,district 1 precinct 38,row,hispanic,3,80.0
38,district 1 precinct 38,col,dem,1,223.0
38,district 1 precinct 38,col,rep,2,86.0
38,district 1 precinct 38,col,novote,3,357.0
39,district 3 precinct 39,row,black,1,8.0
39,district 3 precinct 39,row,white,2,659.0
39,district 3 precinct 39,row,hispanic,3,0.0
39,district 3 precinct 39,col,dem,1,70.0
39,district 3 precinct 39,col,rep,2,374.0
39,district 3 precinct 39,col,novote,3,223.0
40,district 3 precinct 40,row,black,1,27.0
40,district 3 precinct 40,row,white,2,765.0
40,district 3 precinct 40,row,hispanic,3,1.0
40,district 3 precinct 40,col,dem,1,155.0
40,district 3 precinct 40,col,rep,2,291.0
40,district 3 precinct 40,col,novote,3,347.0
41,district 4 precinct 41,row,black,1,4.0
41,district 4 precinct 41,row,white,2,522.0
41,district 4 precinct 41,row,hispanic,3,0.0
41,district 4 precinct 41,col,dem,1,99.0
41,district 4 precinct 41,col,rep,2,137.0
41,district 4 precinct 41,col,novote,3,290.0
42,district 3 precinct 42,row,black,1,7.0
42,district 3 precinct 42,row,white,2,580.0
42,district 3 precinct 42,row,hispanic,3,0.0
42,district 3 precinct 42,col,dem,1,63.0
42,district 3 precinct 42,col,rep,2,221.0
42,district 3 precinct 42,col,novote,3,303.0
43,district 4 precinct 43,row,black,1,66.0
43,district 4 precinct 43,row,white,2,768.0
43,district 4 precinct 43,row,hispanic,3,3.0
43,district 4 precinct 43,col,dem,1,85.0
43,district 4 precinct 43,col,rep,2,406.0
43,district 4 precinct 43,col,novote,3,346.0
44,district 4 precinct 44,row,black,1,18.0
44,district 4 precinct 44,row,white,2,537.0
44,district 4 precinct 44,row,hispanic,3,0.0
44,district 4 precinct 44,col,dem,1,41.0
44,district 4 precinct 44,col,rep,2,369.0
44,district 4 precinct 44,col,novote,3,145.0
45,district 1 precinct 45,row,black,1,529.0
45,district 1 precinct 45,row,white,2,4.0
45,district 1 precinct 45,row,hispanic,3,34.0
45,district 1 precinct 45,col,dem,1,227.0
45,district 1 precinct 45,col,rep,2,17.0
45,district 1 precinct 45,col,novote,3,323.0
46,district 3 precinct 46,row,black,1,27.0
46,district 3 precinct 46,row,white,2,742.0
46,district 3 precinct 46,row,hispanic,3,6.0
46,district 3 precinct 46,col,dem,1,66.0
46,district 3 precinct 46,col,rep,2,394.0
46,district 3 precinct 46,col,novote,3,315.0
47,district 3 precinct 47,row,black,1,95.0
47,district 3 precinct 47,row,white,2,411.0
47,district 3 precinct 47,row,hispanic,3,0.0
47,district 3 precinct 47,col,dem,1,45.0
47,district 3 precinct 47,col,rep,2,175.0
47,district 3 precinct 47,col,novote,3,286.0
48,district 4 precinct 48,row,black,1,149.0
48,district 4 precinct 48,row,white,2,559.0
48,district 4 precinct 48,row,hispanic,3,4.0
48,district 4 precinct 48,col,dem,1,54.0
48,district 4 precinct 48,col,rep,2,343.0
48,district 4 precinct 48,col,novote,3,315.0
49,district 2 precinct 49,row,black,1,228.0
49,district 2 precinct 49,row,white,2,409.0
49,district 2 precinct 49,row,hispanic,3,2.0
49,district 2 precinct 49,col,dem,1,90.0
49,district 2 precinct 49,col,rep,2,194.0
49,district 2 precinct 49,col,novote,3,355.0
50,district 4 precinct 50,row,black,1,33.0
50,district 4 precinct 50,row,white,2,688.0
50,district 4 precinct 50,row,hispanic,3,0.0
50,district 4 precinct 50,col,dem,1,173.0
50,district 4 precinct 50,col,rep,2,172.0
50,district 4 precinct 50,col,novote,3,376.0
51,district 2 precinct 51,row,black,1,356.0
51,district 2 precinct 51,row,white,2,463.0
51,district 2 precinct 51,row,hispanic,3,0.0
51,district 2 precinct 51,col,dem,1,209.0
51,district 2 precinct 51,col,rep,2,211.0
51,district 2 precinct 51,col,novote,3,399.0
52,district 3 precinct 52,row,black,1,41.0
52,district 3 precinct 52,row,white,2,536.0
52,district 3 precinct 52,row,hispanic,3,0.0
52,district 3 precinct 52,col,dem,1,68.0
52,district 3 precinct 52,col,rep,2,215.0
52,district 3 precinct 52,col,novote,3,294.0
53,district 3 precinct 53,row,black,1,191.0
53,district 3 precinct 53,row,white,2,544.0
53,district 3 precinct 53,row,hispanic,3,0.0
53,district 3 precinct 53,col,dem,1,206.0
53,district 3 precinct 53,col,rep,2,163.0
53,district 3 precinct 53,col,novote,3,366.0
54,district 3 precinct 54,row,black,1,16.0
54,district 3 precinct 54,row,white,2,654.0
54,district 3 precinct 54,row,hispanic,3,0.0
54,district 3 precinct 54,col,dem,1,55.0
54,district 3 precinct 54,col,rep,2,280.0
54,district 3 precinct 54,col,novote,3,335.0
55,district 1 precinct 55,row,black,1,219.0
55,district 1 precinct 55,row,white,2,405.0
55,district 1 precinct 55,row,hispanic,3,44.0
55,district 1 precinct 55,col,dem,1,119.0
55,district 1 precinct 55,col,rep,2,263.0
55,district 1 precinct 55,col,novote,3,286.0
56,district 1 precinct 56,row,black,1,311.0
56,district 1 precinct 56,row,white,2,35.0
56,district 1 precinct 56,row,hispanic,3,332.0
56,district 1 precinct 56,col,dem,1,244.0
56,district 1 precinct 56,col,rep,2,19.0
56,district 1 precinct 56,col,novote,3,415.0
57,district 3 precinct 57,row,black,1,70.0
57,district 3 precinct 57,row,white,2,459.0
57,district 3 precinct 57,row,hispanic,3,0.0
57,district 3 precinct 57,col,dem,1,109.0
57,district 3 precinct 57,col,rep,2,62.0
57,district 3 precinct 57,col,novote,3,358.0
58,district 4 precinct 58,row,black,1,166.0
58,district 4 precinct 58,row,white,2,336.0
58,district 4 precinct 58,row,hispanic,3,21.0
58,district 4 precinct 58,col,dem,1,67.0
58,district 4 precinct 58,col,rep,2,237.0
58,district 4 precinct 58,col,novote,3,219.0
59,district 3 precinct 59,row,black,1,2.0
59,district 3 precinct 59,row,white,2,621.0
59,district 3 precinct 59,row,hispanic,3,0.0
59,district 3 precinct 59,col,dem,1,54.0
59,district 3 precinct 59,col,rep,2,129.0
59,district 3 precinct 59,col,novote,3,440.0
60,district 3 precinct 60,row,black,1,4.0
60,district 3 precinct 60,row,white,2,774.0
60,district 3 precinct 60,row,hispanic,3,0.0
60,district 3 precinct 60,col,dem,1,42.0
60,district 3 precinct 60,col,rep,2,466.0
60,district 3 precinct 60,col,novote,3,270.0
61,district 4 precinct 61,row,black,1,66.0
61,district 4 precinct 61,row,white,2,457.0
61,district 4 precinct 61,row,hispanic,3,1.0
61,district 4 precinct 61,col,dem,1,42.0
61,district 4 precinct 61,col,rep,2,354.0
61,district 4 precinct 61,col,novote,3,128.0
62,district 1 precinct 62,row,black,1,590.0
62,district 1 precinct 62,row,white,2,23.0
62,district 1 precinct 62,row,hispanic,3,32.0
62,district 1 precinct 62,col,dem,1,259.0
62,district 1 precinct 62,col,rep,2,38.0
62,district 1 precinct 62,col,novote,3,348.0
63,district 2 precinct 63,row,black,1,569.0
63,district 2 precinct 63,row,white,2,73.0
63,district 2 precinct 63,row,hispanic,3,0.0
63,district 2 precinct 63,col,dem,1,138.0
63,district 2 precinct 63,col,rep,2,51.0
63,district 2 precinct 63,col,novote,3,453.0
64,district 3 precinct 64,row,black,1,69.0
64,district 3 precinct 64,row,white,2,951.0
64,district 3 precinct 64,row,hispanic,3,0.0
64,district 3 precinct 64,col,dem,1,376.0
64,district 3 precinct 64,col,rep,2,71.0
64,district 3 precinct 64,col,novote,3,573.0
65,district 4 precinct 65,row,black,1,9.0
65,district 4 precinct 65,row,white,2,699.0
65,district 4 precinct 65,row,hispanic,3,0.0
65,district 4 precinct 65,col,dem,1,51.0
65,district 4 precinct 65,col,rep,2,384.0
65,district 4 precinct 65,col,novote,3,273.0
66,district 4 precinct 66,row,black,1,13.0
66,district 4 precinct 66,row,white,2,944.0
66,district 4 precinct 66,row,hispanic,3,1.0
66,district 4 precinct 66,col,dem,1,68.0
66,district 4 precinct 66,col,rep,2,229.0
66,district 4 precinct 66,col,novote,3,661.0
67,district 3 precinct 67,row,black,1,23.0
67,district 3 precinct 67,row,white,2,489.0
67,district 3 precinct 67,row,hispanic,3,12.0
67,district 3 precinct 67,col,dem,1,79.0
67,district 3 precinct 67,col,rep,2,225.0
67,district 3 precinct 67,col,novote,3,220.0
68,district 2 precinct 68,row,black,1,324.0
68,district 2 precinct 68,row,white,2,78.0
68,district 2 precinct 68,row,hispanic,3,416.0
68,district 2 precinct 68,col,dem,1,394.0
68,district 2 precinct 68,col,rep,2,49.0
68,district 2 precinct 68,col,novote,3,375.0
69,district 2 precinct 69,row,black,1,532.0
69,district 2 precinct 69,row,white,2,164.0
69,district 2 precinct 69,row,hispanic,3,0.0
69,district 2 precinct 69,col,dem,1,179.0
69,district 2 precinct 69,col,rep,2,86.0
69,district 2 precinct 69,col,novote,3,431.0
70,district 2 precinct 70,row,black,1,417.0
70,district 2 precinct 70,row,white,2,67.0
70,district 2 precinct 70,row,hispanic,3,0.0
70,district 2 precinct 70,col,dem,1,146.0
70,district 2 precinct 70,col,rep,2,35.0
70,district 2 precinct 70,col,novote,3,303.0
71,district 1 precinct 71,row,black,1,853.0
71,district 1 precinct 71,row,white,2,32.0
71,district 1 precinct 71,row,hispanic,3,1.0
71,district 1 precinct 71,col,dem,1,143.0
71,district 1 precinct 71,col,rep,2,70.0
71,district 1 precinct 71,col,novote,3,673.0
72,district 4 precinct 72,row,black,1,5.0
72,district 4 precinct 72,row,white,2,659.0
72,district 4 precinct 72,row,hispanic,3,0.0
72,district 4 precinct 72,col,dem,1,106.0
72,district 4 precinct 72,col,rep,2,235.0
72,district 4 precinct 72,col,novote,3,323.0
73,district 2 precinct 73,row,black,1,440.0
73,district 2 precinct 73,row,white,2,7.0
73,district 2 precinct 73,row,hispanic,3,196.0
73,district 2 precinct 73,col,dem,1,212.0
73,district 2 precinct 73,col,rep,2,30.0
73,district 2 precinct 73,col,novote,3,401.0
74,district 3 precinct 74,row,black,1,77.0
74,district 3 precinct 74,row,white,2,433.0
74,district 3 precinct 74,row,hispanic,3,0.0
74,district 3 precinct 74,col,dem,1,93.0
74,district 3 precinct 74,col,rep,2,150.0
74,district 3 precinct 74,col,novote,3,267.0
75,district 2 precinct 75,row,black,1,545.0
75,district 2 precinct 75,row,white,2,3.0
75,district 2 precinct 75,row,hispanic,3,8.0
75,district 2 precinct 75,col,dem,1,194.0
75,district 2 precinct 75,col,rep,2,31.0
75,district 2 precinct 75,col,novote,3,331.0
76,district 2 precinct 76,row,black,1,0.0
76,district 2 precinct 76,row,white,2,43.0
76,district 2 precinct 76,row,hispanic,3,652.0
76,district 2 precinct 76,col,dem,1,281.0
76,district 2 precinct 76,col,rep,2,49.0
76,district 2 precinct 76,col,novote,3,365.0
77,district 1 precinct 77,row,black,1,556.0
77,district 1 precinct 77,row,white,2,134.0
77,district 1 precinct 77,row,hispanic,3,6.0
77,district 1 precinct 77,col,dem,1,204.0
77,district 1 precinct 77,col,rep,2,145.0
77,district 1 precinct 77,col,novote,3,347.0
78,district 2 precinct 78,row,black,1,232.0
78,district 2 precinct 78,row,white,2,67.0
78,district 2 precinct 78,row,hispanic,3,362.0
78,district 2 precinct 78,col,dem,1,398.0
78,district 2 precinct 78,col,rep,2,67.0
78,district 2 precinct 78,col,novote,3,196.0
79,district 1 precinct 79,row,black,1,12.0
79,district 1 precinct 79,row,white,2,270.0
79,district 1 precinct 79,row,hispanic,3,378.0
79,district 1 precinct 79,col,dem,1,230.0
79,district 1 precinct 79,col,rep,2,89.0
79,district 1 precinct 79,col,novote,3,341.0
80,district 4 precinct 80,row,black,1,3.0
80,district 4 precinct 80,row,white,2,659.0
80,district 4 precinct 80,row,hispanic,3,1.0
80,district 4 precinct 80,col,dem,1,45.0
80,district 4 precinct 80,col,rep,2,368.0
80,district 4 precinct 80,col,novote,3,250.0
81,district 2 precinct 81,row,black,1,303.0
81,district 2 precinct 81,row,white,2,96.0
81,district 2 precinct 81,row,hispanic,3,78.0
81,district 2 precinct 81,col,dem,1,165.0
81,district 2 precinct 81,col,rep,2,65.0
81,district 2 precinct 81,col,novote,3,247.0
82,district 1 precinct 82,row,black,1,0.0
82,district 1 precinct 82,row,white,2,159.0
82,district 1 precinct 82,row,hispanic,3,302.0
82,district 1 precinct 82,col,dem,1,207.0
82,district 1 precinct 82,col,rep,2,43.0
82,district 1 precinct 82,col,novote,3,211.0
83,district 3 precinct 83,row,black,1,0.0
83,district 3 precinct 83,row,white,2,313.0
83,district 3 precinct 83,row,hispanic,3,168.0
83,district 3 precinct 83,col,dem,1,37.0
83,district 3 precinct 83,col,rep,2,225.0
83,district 3 precinct 83,col,novote,3,219.0
84,district 3 precinct 84,row,black,1,0.0
84,district 3 precinct 84,row,white,2,585.0
84,district 3 precinct 84,row,hispanic,3,158.0
84,district 3 precinct 84,col,dem,1,170.0
84,district 3 precinct 84,col,rep,2,189.0
84,district 3 precinct 84,col,novote,3,384.0
85,district 1 precinct 85,row,black,1,0.0
85,district 1 precinct 85,row,white,2,76.0
85,district 1 precinct 85,row,hispanic,3,457.0
85,district 1 precinct 85,col,dem,1,278.0
85,district 1 precinct 85,col,rep,2,33.0
85,district 1 precinct 85,col,novote,3,222.0
86,district 2 precinct 86,row,black,1,363.0
86,district 2 precinct 86,row,white,2,22.0
86,district 2 precinct 86,row,hispanic,3,246.0
86,district 2 precinct 86,col,dem,1,248.0
86,district 2 precinct 86,col,rep,2,27.0
86,district 2 precinct 86,col,novote,3,356.0
87,district 4 precinct 87,row,black,1,0.0
87,district 4 precinct 87,row,white,2,563.0
87,district 4 precinct 87,row,hispanic,3,11.0
87,district 4 precinct 87,col,dem,1,34.0
87,district 4 precinct 87,col,rep,2,379.0
87,district 4 precinct 87,col,novote,3,161.0
88,district 1 precinct 88,row,black,1,0.0
88,district 1 precinct 88,row,white,2,391.0
88,district 1 precinct 88,row,hispanic,3,249.0
88,district 1 precinct 88,col,dem,1,162.0
88,district 1 precinct 88,col,rep,2,150.0
88,district 1 precinct 88,col,novote,3,328.0
89,district 2 precinct 89,row,black,1,1.0
89,district 2 precinct 89,row,white,2,168.0
89,district 2 precinct 89,row,hispanic,3,429.0
89,district 2 precinct 89,col,dem,1,286.0
89,district 2 precinct 89,col,rep,2,49.0
89,district 2 precinct 89,col,novote,3,263.0
90,district 4 precinct 90,row,black,1,175.0
90,district 4 precinct 90,row,white,2,390.0
90,district 4 precinct 90,row,hispanic,3,22.0
90,district 4 precinct 90,col,dem,1,110.0
90,district 4 precinct 90,col,rep,2,102.0
90,district 4 precinct 90,col,novote,3,375.0
91,district 1 precinct 91,row,black,1,128.0
91,district 1 precinct 91,row,white,2,1.0
91,district 1 precinct 91,row,hispanic,3,391.0
91,district 1 precinct 91,col,dem,1,231.0
91,district 1 precinct 91,col,rep,2,16.0
91,district 1 precinct 91,col,novote,3,273.0
92,district 1 precinct 92,row,black,1,305.0
92,district 1 precinct 92,row,white,2,1.0
92,district 1 precinct 92,row,hispanic,3,285.0
92,district 1 precinct 92,col,dem,1,352.0
92,district 1 precinct 92,col,rep,2,18.0
92,district 1 precinct 92,col,novote,3,221.0
93,district 1 precinct 93,row,black,1,3.0
93,district 1 precinct 93,row,white,2,108.0
93,district 1 precinct 93,row,hispanic,3,468.0
93,district 1 precinct 93,col,dem,1,145.0
93,district 1 precinct 93,col,rep,2,62.0
93,district 1 precinct 93,col,novote,3,372.0
94,district 4 precinct 94,row,black,1,0.0
94,district 4 precinct 94,row,white,2,534.0
94,district 4 precinct 94,row,hispanic,3,1.0
94,district 4 precinct 94,col,dem,1,95.0
94,district 4 precinct 94,col,rep,2,90.0
94,district 4 precinct 94,col,novote,3,350.0
95,district 4 precinct 95,row,black,1,117.0
95,district 4 precinct 95,row,white,2,503.0
95,district 4 precinct 95,row,hispanic,3,23.0
95,district 4 precinct 95,col,dem,1,82.0
95,district 4 precinct 95,col,rep,2,236.0
95,district 4 precinct 95,col,novote,3,325.0
96,district 1 precinct 96,row,black,1,13.0
96,district 1 precinct 96,row,white,2,2.0
96,district 1 precinct 96,row,hispanic,3,624.0
96,district 1 precinct 96,col,dem,1,314.0
96,district 1 precinct 96,col,rep,2,15.0
96,district 1 precinct 96,col,novote,3,310.0
97,district 4 precinct 97,row,black,1,3.0
97,district 4 precinct 97,row,white,2,596.0
97,district 4 precinct 97,row,hispanic,3,99.0
97,district 4 precinct 97,col,dem,1,81.0
97,district 4 precinct 97,col,rep,2,173.0
97,district 4 precinct 97,col,novote,3,444.0
98,district 4 precinct 98,row,black,1,0.0
98,district 4 precinct 98,row,white,2,421.0
98,district 4 precinct 98,row,hispanic,3,162.0
98,district 4 precinct 98,col,dem,1,142.0
98,district 4 precinct 98,col,rep,2,124.0
98,district 4 precinct 98,col,novote,3,317.0
99,district 2 precinct 99,row,black,1,0.0
99,district 2 precinct 99,row,white,2,253.0
99,district 2 precinct 99,row,hispanic,3,362.0
99,district 2 precinct 99,col,dem,1,286.0
99,district 2 precinct 99,col,rep,2,203.0
99,district 2 precinct 99,col,novote,3,126.0
100,district 4 precinct 100,row,black,1,49.0
100,district 4 precinct 100,row,white,2,463.0
100,district 4 precinct 100,row,hispanic,3,101.0
100,district 4 precinct 100,col,dem,1,64.0
100,district 4 precinct 100,col,rep,2,381.0
100,district 4 precinct 100,col,novote,3,168.0
101,district 2 precinct 101,row,black,1,322.0
101,district 2 precinct 101,row,white,2,344.0
101,district 2 precinct 101,row,hispanic,3,0.0
101,district 2 precinct 101,col,dem,1,117.0
101,district 2 precinct 101,col,rep,2,170.0
101,district 2 precinct 101,col,novote,3,379.0
102,district 2 precinct 102,row,black,1,1.0
102,district 2 precinct 102,row,white,2,243.0
102,district 2 precinct 102,row,hispanic,3,351.0
102,district 2 precinct 102,col,dem,1,202.0
102,district 2 precinct 102,col,rep,2,95.0
102,district 2 precinct 102,col,novote,3,298.0
103,district 1 precinct 103,row,black,1,0.0
103,district 1 precinct 103,row,white,2,5.0
103,district 1 precinct 103,row,hispanic,3,586.0
103,district 1 precinct 103,col,dem,1,415.0
103,district 1 precinct 103,col,rep,2,2.0
103,district 1 precinct 103,col,novote,3,174.0
104,district 1 precinct 104,row,black,1,0.0
104,district 1 precinct 104,row,white,2,469.0
104,district 1 precinct 104,row,hispanic,3,331.0
104,district 1 precinct 104,col,dem,1,256.0
104,district 1 precinct 104,col,rep,2,215.0
104,district 1 precinct 104,col,novote,3,329.0
105,district 3 precinct 105,row,black,1,0.0
105,district 3 precinct 105,row,white,2,716.0
105,district 3 precinct 105,row,hispanic,3,64.0
105,district 3 precinct 105,col,dem,1,90.0
105,district 3 precinct 105,col,rep,2,265.0
105,district 3 precinct 105,col,novote,3,425.0
106,district 2 precinct 106,row,black,1,0.0
106,district 2 precinct 106,row,white,2,22.0
106,district 2 precinct 106,row,hispanic,3,819.0
106,district 2 precinct 106,col,dem,1,556.0
106,district 2 precinct 106,col,rep,2,23.0
106,district 2 precinct 106,col,novote,3,262.0
107,district 2 precinct 107,row,black,1,290.0
107,district 2 precinct 107,row,white,2,11.0
107,district 2 precinct 107,row,hispanic,3,351.0
107,district 2 precinct 107,col,dem,1,331.0
107,district 2 precinct 107,col,rep,2,29.0
107,district 2 precinct 107,col,novote,3,292.0
108,district 1 precinct 108,row,black,1,409.0
108,district 1 precinct 108,row,white,2,14.0
108,district 1 precinct 108,row,hispanic,3,186.0
108,district 1 precinct 108,col,dem,1,217.0
108,district 1 precinct 108,col,rep,2,69.0
108,district 1 precinct 108,col,novote,3,323.0
109,district 4 precinct 109,row,black,1,0.0
109,district 4 precinct 109,row,white,2,769.0
109,district 4 precinct 109,row,hispanic,3,40.0
109,district 4 precinct 109,col,dem,1,92.0
109,district 4 precinct 109,col,rep,2,138.0
109,district 4 precinct 109,col,novote,3,579.0
110,district 3 precinct 110,row,black,1,0.0
110,district 3 precinct 110,row,white,2,539.0
110,district 3 precinct 110,row,hispanic,3,1.0
110,district 3 precinct 110,col,dem,1,77.0
110,district 3 precinct 110,col,rep,2,188.0
110,district 3 precinct 110,col,novote,3,275.0
111,district 4 precinct 111,row,black,1,0.0
111,district 4 precinct 111,row,white,2,443.0
111,district 4 precinct 111,row,hispanic,3,78.0
111,district 4 precinct 111,col,dem,1,54.0
111,district 4 precinct 111,col,rep,2,266.0
111,district 4 precinct 111,col,novote,3,201.0
112,district 1 precinct 112,row,black,1,0.0
112,district 1 precinct 112,row,white,2,50.0
112,district 1 precinct 112,row,hispanic,3,716.0
112,district 1 precinct 112,col,dem,1,310.0
112,district 1 precinct 112,col,rep,2,56.0
112,district 1 precinct 112,col,novote,3,400.0
113,district 4 precinct 113,row,black,1,50.0
113,district 4 precinct 113,row,white,2,755.0
113,district 4 precinct 113,row,hispanic,3,0.0
113,district 4 precinct 113,col,dem,1,51.0
113,district 4 precinct 113,col,rep,2,547.0
113,district 4 precinct 113,col,novote,3,207.0
114,district 3 precinct 114,row,black,1,0.0
114,district 3 precinct 114,row,white,2,682.0
114,district 3 precinct 114,row,hispanic,3,4.0
114,district 3 precinct 114,col,dem,1,71.0
114,district 3 precinct 114,col,rep,2,299.0
114,district 3 precinct 114,col,novote,3,316.0
115,district 4 precinct 115,row,black,1,0.0
115,district 4 precinct 115,row,white,2,648.0
115,district 4 precinct 115,row,hispanic,3,1.0
115,district 4 precinct 115,col,dem,1,40.0
115,district 4 precinct 115,col,rep,2,219.0
115,district 4 precinct 115,col,novote,3,390.0
116,district 1 precinct 116,row,black,1,154.0
116,district 1 precinct 116,row,white,2,266.0
116,district 1 precinct 116,row,hispanic,3,205.0
116,district 1 precinct 116,col,dem,1,183.0
116,district 1 precinct 116,col,rep,2,60.0
116,district 1 precinct 116,col,novote,3,382.0
117,district 3 precinct 117,row,black,1,0.0
117,district 3 precinct 117,row,white,2,566.0
117,district 3 precinct 117,row,hispanic,3,21.0
117,district 3 precinct 117,col,dem,1,29.0
117,district 3 precinct 117,col,rep,2,363.0
117,district 3 precinct 117,col,novote,3,195.0
118,district 2 precinct 118,row,black,1,18.0
118,district 2 precinct 118,row,white,2,0.0
118,district 2 precinct 118,row,hispanic,3,678.0
118,district 2 precinct 118,col,dem,1,106.0
118,district 2 precinct 118,col,rep,2,65.0
118,district 2 precinct 118,col,novote,3,525.0
119,district 2 precinct 119,row,black,1,0.0
119,district 2 precinct 119,row,white,2,22.0
119,district 2 precinct 119,row,hispanic,3,726.0
119,district 2 precinct 119,col,dem,1,155.0
119,district 2 precinct 119,col,rep,2,47.0
119,district 2 precinct 119,col,novote,3,546.0
120,district 3 precinct 120,row,black,1,6.0
120,district 3 precinct 120,row,white,2,605.0
120,district 3 precinct 120,row,hispanic,3,83.0
120,district 3 precinct 120,col,dem,1,234.0
120,district 3 precinct 120,col,rep,2,102.0
120,district 3 precinct 120,col,novote,3,358.0
121,district 4 precinct 121,row,black,1,0.0
121,district 4 precinct 121,row,white,2,698.0
121,district 4 precinct 121,row,hispanic,3,7.0
121,district 4 precinct 121,col,dem,1,168.0
121,district 4 precinct 121,col,rep,2,104.0
121,district 4 precinct 121,col,novote,3,433.0
122,district 2 precinct 122,row,black,1,0.0
122,district 2 precinct 122,row,white,2,155.0
122,district 2 precinct 122,row,hispanic,3,586.0
122,district 2 precinct 122,col,dem,1,170.0
122,district 2 precinct 122,col,rep,2,96.0
122,district 2 precinct 122,col,novote,3,475.0
123,district 2 precinct 123,row,black,1,0.0
123,district 2 precinct 123,row,white,2,272.0
123,district 2 precinct 123,row,hispanic,3,521.0
123,district 2 precinct 123,col,dem,1,402.0
123,district 2 precinct 123,col,rep,2,63.0
123,district 2 precinct 123,col,novote,3,328.0
124,district 2 precinct 124,row,black,1,0.0
124,district 2 precinct 124,row,white,2,407.0
124,district 2 precinct 124,row,hispanic,3,235.0
124,district 2 precinct 124,col,dem,1,81.0
124,district 2 precinct 124,col,rep,2,225.0
124,district 2 precinct 124,col,novote,3,336.0
125,district 4 precinct 125,row,black,1,0.0
125,district 4 precinct 125,row,white,2,531.0
125,district 4 precinct 125,row,hispanic,3,23.0
125,district 4 precinct 125,col,dem,1,42.0
125,district 4 precinct 125,col,rep,2,255.0
125,district 4 precinct 125,col,novote,3,257.0
126,district 3 precinct 126,row,black,1,0.0
126,district 3 precinct 126,row,white,2,748.0
126,district 3 precinct 126,row,hispanic,3,45.0
126,district 3 precinct 126,col,dem,1,81.0
126,district 3 precinct 126,col,rep,2,203.0
126,district 3 precinct 126,col,novote,3,509.0
127,district 4 precinct 127,row,black,1,0.0
127,district 4 precinct 127,row,white,2,681.0
127,district 4 precinct 127,row,hispanic,3,43.0
127,district 4 precinct 127,col,dem,1,81.0
127,district 4 precinct 127,col,rep,2,181.0
127,district 4 precinct 127,col,novote,3,462.0
128,district 3 precinct 128,row,black,1,0.0
128,district 3 precinct 128,row,white,2,519.0
128,district 3 precinct 128,row,hispanic,3,135.0
128,district 3 precinct 128,col,dem,1,140.0
128,district 3 precinct 128,col,rep,2,121.0
128,district 3 precinct 128,col,novote,3,393.0
129,district 1 precinct 129,row,black,1,163.0
129,district 1 precinct 129,row,white,2,3.0
129,district 1 precinct 129,row,hispanic,3,490.0
129,district 1 precinct 129,col,dem,1,230.0
129,district 1 precinct 129,col,rep,2,26.0
129,district 1 precinct 129,col,novote,3,400.0
130,district 2 precinct 130,row,black,1,16.0
130,district 2 precinct 130,row,white,2,61.0
130,district 2 precinct 130,row,hispanic,3,547.0
130,district 2 precinct 130,col,dem,1,462.0
130,district 2 precinct 130,col,rep,2,31.0
130,district 2 precinct 130,col,novote,3,131.0
131,district 1 precinct 131,row,black,1,167.0
131,district 1 precinct 131,row,white,2,117.0
131,district 1 precinct 131,row,hispanic,3,185.0
131,district 1 precinct 131,col,dem,1,125.0
131,district 1 precinct 131,col,rep,2,91.0
131,district 1 precinct 131,col,novote,3,253.0
132,district 3 precinct 132,row,black,1,136.0
132,district 3 precinct 132,row,white,2,231.0
132,district 3 precinct 132,row,hispanic,3,61.0
132,district 3 precinct 132,col,dem,1,96.0
132,district 3 precinct 132,col,rep,2,149.0
132,district 3 precinct 132,col,novote,3,183.0
133,district 2 precinct 133,row,black,1,18.0
133,district 2 precinct 133,row,white,2,41.0
133,district 2 precinct 133,row,hispanic,3,497.0
133,district 2 precinct 133,col,dem,1,423.0
133,district 2 precinct 133,col,rep,2,25.0
133,district 2 precinct 133,col,novote,3,108.0
134,district 2 precinct 134,row,black,1,0.0
134,district 2 precinct 134,row,white,2,0.0
134,district 2 precinct 134,row,hispanic,3,620.0
134,district 2 precinct 134,col,dem,1,277.0
134,district 2 precinct 134,col,rep,2,5.0
134,district 2 precinct 134,col,novote,3,338.0
135,district 1 precinct 135,row,black,1,75.0
135,district 1 precinct 135,row,white,2,422.0
135,district 1 precinct 135,row,hispanic,3,157.0
135,district 1 precinct 135,col,dem,1,124.0
135,district 1 precinct 135,col,rep,2,134.0
135,district 1 precinct 135,col,novote,3,396.0
136,district 1 precinct 136,row,black,1,0.0
136,district 1 precinct 136,row,white,2,541.0
136,district 1 precinct 136,row,hispanic,3,281.0
136,district 1 precinct 136,col,dem,1,218.0
136,district 1 precinct 136,col,rep,2,171.0
136,district 1 precinct 136,col,novote,3,433.0
137,district 4 precinct 137,row,black,1,0.0
137,district 4 precinct 137,row,white,2,876.0
137,district 4 precinct 137,row,hispanic,3,3.0
137,district 4 precinct 137,col,dem,1,69.0
137,district 4 precinct 137,col,rep,2,477.0
137,district 4 precinct 137,col,novote,3,333.0
138,district 1 precinct 138,row,black,1,0.0
138,district 1 precinct 138,row,white,2,101.0
138,district 1 precinct 138,row,hispanic,3,576.0
138,district 1 precinct 138,col,dem,1,214.0
138,district 1 precinct 138,col,rep,2,45.0
138,district 1 precinct 138,col,novote,3,418.0
139,district 2 precinct 139,row,black,1,535.0
139,district 2 precinct 139,row,white,2,134.0
139,district 2 precinct 139,row,hispanic,3,12.0
139,district 2 precinct 139,col,dem,1,163.0
139,district 2 precinct 139,col,rep,2,129.0
139,district 2 precinct 139,col,novote,3,389.0
140,district 3 precinct 140,row,black,1,0.0
140,district 3 precinct 140,row,white,2,650.0
140,district 3 precinct 140,row,hispanic,3,102.0
140,district 3 precinct 140,col,dem,1,160.0
140,district 3 precinct 140,col,rep,2,306.0
140,district 3 precinct 140,col,novote,3,286.0
141,district 1 precinct 141,row,black,1,550.0
141,district 1 precinct 141,row,white,2,11.0
141,district 1 precinct 141,row,hispanic,3,0.0
141,district 1 precinct 141,col,dem,1,119.0
141,district 1 precinct 141,col,rep,2,51.0
141,district 1 precinct 141,col,novote,3,391.0
142,district 1 precinct 142,row,black,1,0.0
142,district 1 precinct 142,row,white,2,1.0
142,district 1 precinct 142,row,hispanic,3,773.0
142,district 1 precinct 142,col,dem,1,455.0
142,district 1 precinct 142,col,rep,2,33.0
142,district 1 precinct 142,col,novote,3,286.0
143,district 2 precinct 143,row,black,1,209.0
143,district 2 precinct 143,row,white,2,280.0
143,district 2 precinct 143,row,hispanic,3,125.0
143,district 2 precinct 143,col,dem,1,194.0
143,district 2 precinct 143,col,rep,2,152.0
143,district 2 precinct 143,col,novote,3,268.0
144,district 4 precinct 144,row,black,1,0.0
144,district 4 precinct 144,row,white,2,617.0
144,district 4 precinct 144,row,hispanic,3,10.0
144,district 4 precinct 144,col,dem,1,56.0
144,district 4 precinct 144,col,rep,2,253.0
144,district 4 precinct 144,col,novote,3,318.0
145,district 1 precinct 145,row,black,1,0.0
145,district 1 precinct 145,row,white,2,146.0
145,district 1 precinct 145,row,hispanic,3,372.0
145,district 1 precinct 145,col,dem,1,139.0
145,district 1 precinct 145,col,rep,2,80.0
145,district 1 precinct 145,col,novote,3,299.0
146,district 4 precinct 146,row,black,1,86.0
146,district 4 precinct 146,row,white,2,622.0
146,district 4 precinct 146,row,hispanic,3,8.0
146,district 4 precinct 146,col,dem,1,44.0
146,district 4 precinct 146,col,rep,2,269.0
146,district 4 precinct 146,col,novote,3,403.0
147,district 1 precinct 147,row,black,1,17.0
147,district 1 precinct 147,row,white,2,179.0
147,district 1 precinct 147,row,hispanic,3,463.0
147,district 1 precinct 147,col,dem,1,436.0
147,district 1 precinct 147,col,rep,2,66.0
147,district 1 precinct 147,col,novote,3,157.0
148,district 1 precinct 148,row,black,1,0.0
148,district 1 precinct 148,row,white,2,541.0
148,district 1 precinct 148,row,hispanic,3,229.0
148,district 1 precinct 148,col,dem,1,134.0
148,district 1 precinct 148,col,rep,2,141.0
148,district 1 precinct 148,col,novote,3,495.0
149,district 1 precinct 149,row,black,1,0.0
149,district 1 precinct 149,row,white,2,84.0
149,district 1 precinct 149,row,hispanic,3,511.0
149,district 1 precinct 149,col,dem,1,269.0
149,district 1 precinct 149,col,rep,2,25.0
149,district 1 precinct 149,col,novote,3,301.0
150,district 2 precinct 150,row,black,1,375.0
150,district 2 precinct 150,row,white,2,449.0
150,district 2 precinct 150,row,hispanic,3,28.0
150,district 2 precinct 150,col,dem,1,234.0
150,district 2 precinct 150,col,rep,2,133.0
150,district 2 precinct 150,col,novote,3,485.0
