row,col,row_no,col_no,votes
con,con,1,1,1202
con,lab,1,2,29
con,lib,1,3,25
con,other,1,4,353
con,green,1,5,27
con,SNP,1,6,46
con,spoil,1,7,39
lab,con,2,1,277
lab,lab,2,2,8941
lab,lib,2,3,320
lab,other,2,4,1076
lab,green,2,5,225
lab,SNP,2,6,771
lab,spoil,2,7,501
lib,con,3,1,62
lib,lab,3,2,61
lib,lib,3,3,1023
lib,other,3,4,183
lib,green,3,5,121
lib,SNP,3,6,105
lib,spoil,3,7,15
other,con,4,1,6
other,lab,4,2,53
other,lib,4,3,19
other,other,4,4,328
other,green,4,5,38
other,SNP,4,6,71
other,spoil,4,7,10
green,con,5,1,11
green,lab,5,2,21
green,lib,5,3,5
green,other,5,4,169
green,green,5,5,37
green,SNP,5,6,30
green,spoil,5,7,8
SNP,con,6,1,54
SNP,lab,6,2,129
SNP,lib,6,3,74
SNP,other,6,4,502
SNP,green,6,5,122
SNP,SNP,6,6,6007
SNP,spoil,6,7,110
spoil,con,7,1,36
spoil,lab,7,2,203
spoil,lib,7,3,28
spoil,other,7,4,97
spoil,green,7,5,10
spoil,SNP,7,6,168
spoil,spoil,7,7,125
