min_ess,max_rhat,div,leap,seconds,rank_mean,rank_sd,sigma_b,eps,table,param
490.94,1.00788,0,85.336,1.3871128559112549,0.5186938775510204,0.25343374161915977,1.0,1.0,0,ILR + log volume
588.749,1.00321,0,121.496,1.1633641719818115,0.5162040816326531,0.25376801068820004,1.0,1.0,0,log cells
499.565,1.00694,0,31.656,1.5492773056030273,0.5187142857142858,0.2536364906470579,1.0,1.0,0,position logit
179.82,1.00862,0,143.384,2.3454108238220215,0.5152448979591837,0.3013920445446189,1.0,1.0,1,ILR + log volume
228.097,1.00427,0,180.888,1.9741709232330322,0.5188163265306122,0.3020172095021825,1.0,1.0,1,log cells
277.262,1.00397,0,45.16,1.991257905960083,0.5132653061224489,0.305483609601416,1.0,1.0,1,position logit
304.018,1.0053,0,278.296,4.155740022659302,0.5238775510204081,0.262713985290985,1.0,1.0,2,ILR + log volume
305.513,1.00886,0,322.328,3.3136086463928223,0.5210408163265305,0.25573144070019804,1.0,1.0,2,log cells
426.107,1.00677,2,29.746,1.831596851348877,0.5222040816326531,0.2551862048916707,1.0,1.0,2,position logit
288.247,1.00936,0,326.68,4.8889079093933105,0.49604081632653063,0.2814726549362915,1.0,1.0,3,ILR + log volume
259.503,1.00499,0,378.904,3.5351240634918213,0.5010408163265306,0.2805453842424462,1.0,1.0,3,log cells
266.722,1.00413,0,15.376,1.7751240730285645,0.4939591836734694,0.28611043673291064,1.0,1.0,3,position logit
753.933,1.00146,0,234.904,3.4332399368286133,0.46638775510204084,0.30939887842801156,1.0,1.0,4,ILR + log volume
674.948,1.00527,0,236.952,1.9904978275299072,0.465,0.3097154059020333,1.0,1.0,4,log cells
711.128,1.00346,0,30.856,1.691354751586914,0.4631428571428572,0.3100117180142106,1.0,1.0,4,position logit
645.627,1.00348,0,126.808,1.9287517070770264,0.5108367346938776,0.2762804214989247,1.0,1.0,5,ILR + log volume
437.152,1.00463,0,155.928,1.3042190074920654,0.5111836734693878,0.2731991628658244,1.0,1.0,5,log cells
439.925,1.0069,0,15.24,1.065805435180664,0.5122448979591836,0.2711219719950026,1.0,1.0,5,position logit
12.5311,1.17077,0,1023.0,11.815984725952148,0.4738163265306123,0.32787041202338335,1.0,0.1,0,ILR + log volume
6.01874,1.124,0,1023.0,8.644591569900513,0.46306122448979586,0.32358801018145666,1.0,0.1,0,log cells
467.666,1.00763,0,38.968,3.801218032836914,0.47014285714285714,0.31750931209226935,1.0,0.1,0,position logit
71.7395,1.03842,0,1023.0,10.816450119018555,0.515,0.26497400719654735,1.0,0.1,1,ILR + log volume
56.5207,1.03272,0,1023.0,8.625277519226074,0.5156938775510205,0.2610617413939823,1.0,0.1,1,log cells
502.358,1.0079,0,30.728,2.9713809490203857,0.5196530612244898,0.2619293058558723,1.0,0.1,1,position logit
6.67873,1.26811,0,1023.0,11.739286422729492,0.4975510204081633,0.2982126389158629,1.0,0.1,2,ILR + log volume
2.5352,1.36733,48,980.35,8.05791449546814,0.49981632653061225,0.28707559080403405,1.0,0.1,2,log cells
422.87,1.00708,0,62.52,3.7225120067596436,0.498795918367347,0.2835909658323192,1.0,0.1,2,position logit
21.2695,1.09735,0,1023.0,12.51287579536438,0.49859183673469387,0.30962089514254576,1.0,0.1,3,ILR + log volume
5.67815,1.40253,0,1023.0,7.510339975357056,0.49273469387755103,0.31366723401447916,1.0,0.1,3,log cells
287.421,1.02125,0,30.984,2.654102087020874,0.49506122448979595,0.3087833536913348,1.0,0.1,3,position logit
2.73964,1.26668,0,1023.0,10.480708360671997,0.4891428571428572,0.2996277282065264,1.0,0.1,4,ILR + log volume
18.6644,1.10887,0,1023.0,8.13611102104187,0.48446938775510207,0.2943512480458606,1.0,0.1,4,log cells
417.567,1.00864,0,31.0,2.9935338497161865,0.48989795918367346,0.2881171987228751,1.0,0.1,4,position logit
221.716,1.00867,0,1023.0,11.151591062545776,0.4873265306122449,0.31913994037259674,1.0,0.1,5,ILR + log volume
160.654,1.0198,0,1023.0,7.476475715637207,0.48624489795918363,0.31467933342075777,1.0,0.1,5,log cells
353.105,1.00593,0,22.232,2.311091661453247,0.48422448979591837,0.3204661951866261,1.0,0.1,5,position logit
219.823,1.01108,0,991.768,10.107049465179443,0.5165510204081634,0.2880814837410919,2.0,1.0,0,ILR + log volume
187.079,1.01156,0,1018.392,7.10798978805542,0.5206326530612245,0.2921712311668154,2.0,1.0,0,log cells
206.469,1.01465,1,861.859,17.708244562149048,0.519734693877551,0.28138482441059215,2.0,1.0,0,position logit
245.021,1.00638,0,431.384,5.39465856552124,0.48622448979591837,0.29297818162869055,2.0,1.0,1,ILR + log volume
65.7616,1.024,0,427.8,3.9650089740753174,0.48173469387755097,0.29281370935830786,2.0,1.0,1,log cells
177.913,1.01803,2,422.105,12.4770028591156,0.4851632653061224,0.28970930870188044,2.0,1.0,1,position logit
354.128,1.00806,0,501.528,6.411560297012329,0.5103265306122449,0.28074248406208685,2.0,1.0,2,ILR + log volume
165.775,1.01162,0,481.048,4.119412422180176,0.5098163265306122,0.2830290007113202,2.0,1.0,2,log cells
301.707,1.00987,3,117.251,4.386810302734375,0.5119387755102041,0.2859677738489658,2.0,1.0,2,position logit
83.1917,1.02252,0,431.896,5.851515531539917,0.5585102040816328,0.26521159226434077,2.0,1.0,3,ILR + log volume
9.32591,1.13813,0,250.904,2.6078593730926514,0.5570816326530612,0.26413422969258193,2.0,1.0,3,log cells
148.743,1.01082,2,763.816,16.4888596534729,0.5573469387755102,0.26165544808208574,2.0,1.0,3,position logit
1.03216,5.40326,2,286.505,4.190348863601685,0.4908367346938775,0.29091434653160236,2.0,1.0,4,ILR + log volume
26.8261,1.08678,4,252.332,2.7102320194244385,0.4976326530612245,0.28594538467233604,2.0,1.0,4,log cells
317.678,1.01163,0,377.336,10.744179248809814,0.4983673469387754,0.2838057465783955,2.0,1.0,4,position logit
190.659,1.01704,0,1023.0,10.652116537094116,0.5331836734693878,0.2534861163101755,2.0,1.0,5,ILR + log volume
141.456,1.02369,0,1023.0,7.706596374511719,0.5315510204081633,0.2570452244195911,2.0,1.0,5,log cells
247.364,1.01389,1,570.32,12.519359827041626,0.5316530612244899,0.25450163794191716,2.0,1.0,5,position logit
2.24787,1.34784,0,1023.0,11.148083925247192,0.4985306122448979,0.31141212945068936,2.0,0.1,0,ILR + log volume
1.38815,1.8049,0,1023.0,7.718820333480835,0.5219591836734694,0.3183177695568693,2.0,0.1,0,log cells
156.304,1.01408,0,623.384,14.731273174285889,0.4994285714285714,0.30209425478732665,2.0,0.1,0,position logit
20.6694,1.12329,0,1023.0,10.310436964035034,0.5316734693877551,0.2632888836143716,2.0,0.1,1,ILR + log volume
23.8778,1.06048,0,1023.0,7.3896660804748535,0.5394081632653062,0.25117397161129923,2.0,0.1,1,log cells
166.046,1.03246,0,399.256,10.771100997924805,0.5346734693877551,0.2588321012607698,2.0,0.1,1,position logit
17.7771,1.12894,0,1023.0,10.804308652877808,0.47408163265306125,0.31356188314366235,2.0,0.1,2,ILR + log volume
4.93063,1.20953,1,1020.704,7.989633321762085,0.4763469387755102,0.2997386991977368,2.0,0.1,2,log cells
280.521,1.01433,0,371.48,11.120126485824585,0.47389795918367356,0.3027193921835837,2.0,0.1,2,position logit
1.05684,5.04639,0,1023.0,11.61483097076416,0.4893673469387756,0.3263289747327137,2.0,0.1,3,ILR + log volume
1.02977,6.00305,0,1023.0,7.235016345977783,0.4771836734693878,0.32358506268780224,2.0,0.1,3,log cells
159.848,1.01149,1,624.728,15.722201824188232,0.511,0.2782194112859966,2.0,0.1,3,position logit
1.51256,1.68592,0,1023.0,10.650280237197876,0.48857142857142855,0.33178232352565384,2.0,0.1,4,ILR + log volume
1.38803,2.19438,0,1023.0,8.096349239349365,0.49130612244897953,0.3329269212011471,2.0,0.1,4,log cells
211.932,1.00684,0,424.568,11.700055599212646,0.49438775510204086,0.3003623537055399,2.0,0.1,4,position logit
1.22188,4.65581,0,1023.0,10.847933053970337,0.48318367346938773,0.31504516511125036,2.0,0.1,5,ILR + log volume
1.2497,2.34557,0,1023.0,8.305144309997559,0.49695918367346936,0.35176365901470724,2.0,0.1,5,log cells
108.987,1.01429,2,1020.231,20.23974871635437,0.49997959183673474,0.3014124904170782,2.0,0.1,5,position logit
