min_ess,max_rhat,div,leapfrogs,seconds,label,volume,total,eps,sigma_b,tau,frechet_width,param,scale_margins,seed,centre
755.774,1.0038,1,15.041,0.6688179969787598,sco_grand_centre,1.0,2102619.0,1.0,1.0,664221.0,1.0,position logit,1,1,indep
720.966,1.0024,0,15.0,0.40337562561035156,sco_grand_centre,1.0,2102619.0,1.0,1.0,664221.0,1.0,position logit,1,2,indep
744.39,1.0028,0,15.032,0.379284143447876,sco_grand_centre,1.0,2102619.0,1.0,1.0,664221.0,1.0,odds-ratio logit,1,1,indep
905.237,1.00471,0,15.032,0.4635331630706787,sco_grand_centre,1.0,2102619.0,1.0,1.0,664221.0,1.0,odds-ratio logit,1,2,indep
570.684,1.00483,0,22.712,0.8943548202514648,sco_grand_centre,1.0,2102619.0,1.0,1.0,664221.0,1.0,adjusted row,1,1,indep
757.94,1.00775,0,25.016,0.9289295673370361,sco_grand_centre,1.0,2102619.0,1.0,1.0,664221.0,1.0,adjusted row,1,2,indep
1.04517,4.36808,2,39.44,1.0117340087890625,sco_grand_centre,1.0,2102619.0,1.0,1.0,664221.0,1.0,position logit,1,1,reverse
201.335,1.00799,1,15.151,0.4988701343536377,sco_grand_centre,1.0,2102619.0,1.0,1.0,664221.0,1.0,position logit,1,2,reverse
2.8073,2.34212,0,31.96,0.7223975658416748,sco_grand_centre,1.0,2102619.0,1.0,1.0,664221.0,1.0,odds-ratio logit,1,1,reverse
1.62293,1.97438,1,36.013,1.0504734516143799,sco_grand_centre,1.0,2102619.0,1.0,1.0,664221.0,1.0,odds-ratio logit,1,2,reverse
1.02967,5.58956,1,55.151,2.5601589679718018,sco_grand_centre,1.0,2102619.0,1.0,1.0,664221.0,1.0,adjusted row,1,1,reverse
5.81637,1.75688,0,36.424,2.072497844696045,sco_grand_centre,1.0,2102619.0,1.0,1.0,664221.0,1.0,adjusted row,1,2,reverse
468.556,1.0039,2,22.473,0.6547422409057617,sco_grand_centre,1.0,2102619.0,1.0,1.0,664221.0,1.0,position logit,1,1,diag
503.233,1.00508,0,22.152,0.5552566051483154,sco_grand_centre,1.0,2102619.0,1.0,1.0,664221.0,1.0,position logit,1,2,diag
451.81,1.00548,0,15.064,0.3835422992706299,sco_grand_centre,1.0,2102619.0,1.0,1.0,664221.0,1.0,odds-ratio logit,1,1,diag
484.838,1.00457,0,15.064,0.36270856857299805,sco_grand_centre,1.0,2102619.0,1.0,1.0,664221.0,1.0,odds-ratio logit,1,2,diag
426.138,1.00779,0,18.648,0.8953111171722412,sco_grand_centre,1.0,2102619.0,1.0,1.0,664221.0,1.0,adjusted row,1,1,diag
473.301,1.00404,0,19.488,0.8176736831665039,sco_grand_centre,1.0,2102619.0,1.0,1.0,664221.0,1.0,adjusted row,1,2,diag
390.207,1.00761,2,121.426,2.744715690612793,sco_grand_centre,1.0,2102619.0,1.0,2.0,2656884.0,1.0,position logit,1,1,indep
364.465,1.00728,0,92.568,2.3613719940185547,sco_grand_centre,1.0,2102619.0,1.0,2.0,2656884.0,1.0,position logit,1,2,indep
251.938,1.01368,0,47.672,1.1722183227539062,sco_grand_centre,1.0,2102619.0,1.0,2.0,2656884.0,1.0,odds-ratio logit,1,1,indep
300.818,1.01552,0,31.048,1.1373212337493896,sco_grand_centre,1.0,2102619.0,1.0,2.0,2656884.0,1.0,odds-ratio logit,1,2,indep
248.141,1.021,0,21.08,1.085526704788208,sco_grand_centre,1.0,2102619.0,1.0,2.0,2656884.0,1.0,adjusted row,1,1,indep
230.957,1.01511,0,21.752,1.0104069709777832,sco_grand_centre,1.0,2102619.0,1.0,2.0,2656884.0,1.0,adjusted row,1,2,indep
13.7306,1.17125,3,1021.774,15.546797752380371,sco_grand_centre,1.0,2102619.0,1.0,2.0,2656884.0,1.0,position logit,1,1,reverse
1.43064,1.89222,6,760.156,15.616341829299927,sco_grand_centre,1.0,2102619.0,1.0,2.0,2656884.0,1.0,position logit,1,2,reverse
38.9283,1.06,1,124.715,2.6866812705993652,sco_grand_centre,1.0,2102619.0,1.0,2.0,2656884.0,1.0,odds-ratio logit,1,1,reverse
1.07934,3.32765,6,91.259,2.2831850051879883,sco_grand_centre,1.0,2102619.0,1.0,2.0,2656884.0,1.0,odds-ratio logit,1,2,reverse
7.86337,1.30302,0,89.752,3.390098810195923,sco_grand_centre,1.0,2102619.0,1.0,2.0,2656884.0,1.0,adjusted row,1,1,reverse
34.9861,1.02206,0,80.792,3.9487557411193848,sco_grand_centre,1.0,2102619.0,1.0,2.0,2656884.0,1.0,adjusted row,1,2,reverse
252.001,1.01334,2,276.046,5.758274555206299,sco_grand_centre,1.0,2102619.0,1.0,2.0,2656884.0,1.0,position logit,1,1,diag
213.565,1.01507,2,329.82,7.4803290367126465,sco_grand_centre,1.0,2102619.0,1.0,2.0,2656884.0,1.0,position logit,1,2,diag
239.219,1.01121,0,66.704,1.3816142082214355,sco_grand_centre,1.0,2102619.0,1.0,2.0,2656884.0,1.0,odds-ratio logit,1,1,diag
189.932,1.01426,1,80.195,1.9225690364837646,sco_grand_centre,1.0,2102619.0,1.0,2.0,2656884.0,1.0,odds-ratio logit,1,2,diag
229.147,1.01847,0,20.616,1.0127243995666504,sco_grand_centre,1.0,2102619.0,1.0,2.0,2656884.0,1.0,adjusted row,1,1,diag
227.775,1.02007,0,19.848,1.0350489616394043,sco_grand_centre,1.0,2102619.0,1.0,2.0,2656884.0,1.0,adjusted row,1,2,diag
734.022,1.00861,0,14.992,0.3792893886566162,sco_grand_centre,1.0,2102619.0,0.1,1.0,66422099.999999985,1.0,position logit,1,1,indep
557.325,1.00488,0,15.08,0.44625043869018555,sco_grand_centre,1.0,2102619.0,0.1,1.0,66422099.999999985,1.0,position logit,1,2,indep
698.892,1.00146,0,15.048,0.3673844337463379,sco_grand_centre,1.0,2102619.0,0.1,1.0,66422099.999999985,1.0,odds-ratio logit,1,1,indep
677.514,1.00337,0,15.104,0.4363400936126709,sco_grand_centre,1.0,2102619.0,0.1,1.0,66422099.999999985,1.0,odds-ratio logit,1,2,indep
596.015,1.00325,0,25.216,0.7954771518707275,sco_grand_centre,1.0,2102619.0,0.1,1.0,66422099.999999985,1.0,adjusted row,1,1,indep
411.013,1.01249,0,21.744,0.8253753185272217,sco_grand_centre,1.0,2102619.0,0.1,1.0,66422099.999999985,1.0,adjusted row,1,2,indep
260.636,1.00452,3,15.076,0.40957188606262207,sco_grand_centre,1.0,2102619.0,0.1,1.0,66422099.999999985,1.0,position logit,1,1,reverse
1.74605,2.44579,38,14.587,0.4890611171722412,sco_grand_centre,1.0,2102619.0,0.1,1.0,66422099.999999985,1.0,position logit,1,2,reverse
3.58804,1.64814,0,26.392,0.7469019889831543,sco_grand_centre,1.0,2102619.0,0.1,1.0,66422099.999999985,1.0,odds-ratio logit,1,1,reverse
3.35366,1.73709,0,45.256,1.2812495231628418,sco_grand_centre,1.0,2102619.0,0.1,1.0,66422099.999999985,1.0,odds-ratio logit,1,2,reverse
1.03314,5.21974,0,73.08,2.3076798915863037,sco_grand_centre,1.0,2102619.0,0.1,1.0,66422099.999999985,1.0,adjusted row,1,1,reverse
2.29136,2.18187,7,29.675,1.6171143054962158,sco_grand_centre,1.0,2102619.0,0.1,1.0,66422099.999999985,1.0,adjusted row,1,2,reverse
333.068,1.01634,2,17.089,0.5475594997406006,sco_grand_centre,1.0,2102619.0,0.1,1.0,66422099.999999985,1.0,position logit,1,1,diag
447.494,1.00549,0,20.88,0.5816349983215332,sco_grand_centre,1.0,2102619.0,0.1,1.0,66422099.999999985,1.0,position logit,1,2,diag
494.562,1.00522,0,15.112,0.3946237564086914,sco_grand_centre,1.0,2102619.0,0.1,1.0,66422099.999999985,1.0,odds-ratio logit,1,1,diag
450.09,1.00432,0,15.048,0.4271414279937744,sco_grand_centre,1.0,2102619.0,0.1,1.0,66422099.999999985,1.0,odds-ratio logit,1,2,diag
351.513,1.01239,0,18.624,0.7896950244903564,sco_grand_centre,1.0,2102619.0,0.1,1.0,66422099.999999985,1.0,adjusted row,1,1,diag
356.011,1.00631,0,19.824,0.8398871421813965,sco_grand_centre,1.0,2102619.0,0.1,1.0,66422099.999999985,1.0,adjusted row,1,2,diag
488.967,1.0069,1,125.643,2.6564738750457764,sco_grand_centre,1.0,2102619.0,0.1,2.0,265688399.99999994,1.0,position logit,1,1,indep
450.201,1.00702,1,147.683,3.2700109481811523,sco_grand_centre,1.0,2102619.0,0.1,2.0,265688399.99999994,1.0,position logit,1,2,indep
288.679,1.00752,0,31.832,0.8202166557312012,sco_grand_centre,1.0,2102619.0,0.1,2.0,265688399.99999994,1.0,odds-ratio logit,1,1,indep
272.326,1.01728,0,42.424,0.934532880783081,sco_grand_centre,1.0,2102619.0,0.1,2.0,265688399.99999994,1.0,odds-ratio logit,1,2,indep
303.864,1.00666,0,21.32,1.1205735206604004,sco_grand_centre,1.0,2102619.0,0.1,2.0,265688399.99999994,1.0,adjusted row,1,1,indep
296.333,1.00774,0,22.088,1.0527129173278809,sco_grand_centre,1.0,2102619.0,0.1,2.0,265688399.99999994,1.0,adjusted row,1,2,indep
1.09565,3.05621,9,749.633,13.205993175506592,sco_grand_centre,1.0,2102619.0,0.1,2.0,265688399.99999994,1.0,position logit,1,1,reverse
32.6654,1.03778,4,719.794,15.680659770965576,sco_grand_centre,1.0,2102619.0,0.1,2.0,265688399.99999994,1.0,position logit,1,2,reverse
8.8689,1.13317,5,190.073,4.186169624328613,sco_grand_centre,1.0,2102619.0,0.1,2.0,265688399.99999994,1.0,odds-ratio logit,1,1,reverse
34.3689,1.03208,1,185.259,4.262247085571289,sco_grand_centre,1.0,2102619.0,0.1,2.0,265688399.99999994,1.0,odds-ratio logit,1,2,reverse
4.63439,1.42562,0,60.936,3.3722620010375977,sco_grand_centre,1.0,2102619.0,0.1,2.0,265688399.99999994,1.0,adjusted row,1,1,reverse
7.99067,1.16323,1,94.022,3.9571926593780518,sco_grand_centre,1.0,2102619.0,0.1,2.0,265688399.99999994,1.0,adjusted row,1,2,reverse
380.343,1.00943,3,249.497,5.3721020221710205,sco_grand_centre,1.0,2102619.0,0.1,2.0,265688399.99999994,1.0,position logit,1,1,diag
313.489,1.0092,4,192.382,4.92803168296814,sco_grand_centre,1.0,2102619.0,0.1,2.0,265688399.99999994,1.0,position logit,1,2,diag
225.706,1.01207,1,82.508,1.6643526554107666,sco_grand_centre,1.0,2102619.0,0.1,2.0,265688399.99999994,1.0,odds-ratio logit,1,1,diag
145.261,1.01772,1,49.246,1.185622215270996,sco_grand_centre,1.0,2102619.0,0.1,2.0,265688399.99999994,1.0,odds-ratio logit,1,2,diag
263.94,1.01005,1,19.883,0.9481527805328369,sco_grand_centre,1.0,2102619.0,0.1,2.0,265688399.99999994,1.0,adjusted row,1,1,diag
250.641,1.00781,0,19.744,0.9517507553100586,sco_grand_centre,1.0,2102619.0,0.1,2.0,265688399.99999994,1.0,adjusted row,1,2,diag
