min_ess,max_rhat,div,leapfrogs,seconds,label,volume,total,eps,sigma_b,tau,frechet_width,param,seed
98.8533,1.02454,0,1023.0,10.242796897888184,sco_grand,1.0,2102619.0,1.0,1.0,664221.0,1.0,ILR + log volume,1
169.491,1.00904,0,1023.0,10.588917255401611,sco_grand,1.0,2102619.0,1.0,1.0,664221.0,1.0,ILR + log volume,2
144.841,1.02001,0,1023.0,6.946911573410034,sco_grand,1.0,2102619.0,1.0,1.0,664221.0,1.0,log cells,1
85.8569,1.03563,0,1023.0,7.651929140090942,sco_grand,1.0,2102619.0,1.0,1.0,664221.0,1.0,log cells,2
899.445,1.00478,0,29.448,2.536879539489746,sco_grand,1.0,2102619.0,1.0,1.0,664221.0,1.0,position logit,1
984.196,1.00462,0,30.296,2.5761561393737793,sco_grand,1.0,2102619.0,1.0,1.0,664221.0,1.0,position logit,2
729.411,1.00282,0,29.928,2.14314866065979,sco_grand,1.0,2102619.0,1.0,1.0,664221.0,1.0,odds-ratio logit,1
796.239,1.00383,0,28.808,2.5014026165008545,sco_grand,1.0,2102619.0,1.0,1.0,664221.0,1.0,odds-ratio logit,2
283.779,1.00851,0,27.32,4.494229555130005,sco_grand,1.0,2102619.0,1.0,1.0,664221.0,1.0,adjusted row,1
345.779,1.00558,0,31.256,4.832647085189819,sco_grand,1.0,2102619.0,1.0,1.0,664221.0,1.0,adjusted row,2
209.737,1.00448,0,29.576,19.782469034194946,sco_grand,1.0,2102619.0,1.0,1.0,664221.0,1.0,adjusted table,1
105.43,1.01269,0,31.624,19.986690044403076,sco_grand,1.0,2102619.0,1.0,1.0,664221.0,1.0,adjusted table,2
1.6444,1.64923,0,1023.0,10.164028882980347,sco_grand,1.0,2102619.0,1.0,2.0,2656884.0,1.0,ILR + log volume,1
12.9648,1.19058,15,1015.393,9.731454133987427,sco_grand,1.0,2102619.0,1.0,2.0,2656884.0,1.0,ILR + log volume,2
2.56197,1.37402,19,1013.409,6.7134058475494385,sco_grand,1.0,2102619.0,1.0,2.0,2656884.0,1.0,log cells,1
11.1247,1.2458,0,1023.0,6.759854555130005,sco_grand,1.0,2102619.0,1.0,2.0,2656884.0,1.0,log cells,2
354.178,1.0106,3,86.291,3.614488124847412,sco_grand,1.0,2102619.0,1.0,2.0,2656884.0,1.0,position logit,1
549.889,1.00659,0,125.784,3.936140298843384,sco_grand,1.0,2102619.0,1.0,2.0,2656884.0,1.0,position logit,2
441.243,1.00749,0,40.072,2.7882652282714844,sco_grand,1.0,2102619.0,1.0,2.0,2656884.0,1.0,odds-ratio logit,1
292.026,1.01162,1,40.198,2.5727219581604004,sco_grand,1.0,2102619.0,1.0,2.0,2656884.0,1.0,odds-ratio logit,2
251.632,1.00816,0,28.04,4.529058456420898,sco_grand,1.0,2102619.0,1.0,2.0,2656884.0,1.0,adjusted row,1
315.328,1.01054,0,33.512,4.6958091259002686,sco_grand,1.0,2102619.0,1.0,2.0,2656884.0,1.0,adjusted row,2
190.117,1.00651,0,34.92,20.991775512695312,sco_grand,1.0,2102619.0,1.0,2.0,2656884.0,1.0,adjusted table,1
200.176,1.00699,0,33.064,21.801080465316772,sco_grand,1.0,2102619.0,1.0,2.0,2656884.0,1.0,adjusted table,2
1.07503,4.25606,0,1023.0,9.709511518478394,sco_grand,1.0,2102619.0,0.1,1.0,66422099.999999985,1.0,ILR + log volume,1
1.15477,2.9777,0,1023.0,10.110466241836548,sco_grand,1.0,2102619.0,0.1,1.0,66422099.999999985,1.0,ILR + log volume,2
1.14732,3.23011,0,1023.0,7.16921854019165,sco_grand,1.0,2102619.0,0.1,1.0,66422099.999999985,1.0,log cells,1
1.11913,3.6042,0,1023.0,6.9149134159088135,sco_grand,1.0,2102619.0,0.1,1.0,66422099.999999985,1.0,log cells,2
738.922,1.00306,0,228.248,7.42077898979187,sco_grand,1.0,2102619.0,0.1,1.0,66422099.999999985,1.0,position logit,1
767.527,1.0023,0,252.824,7.338387966156006,sco_grand,1.0,2102619.0,0.1,1.0,66422099.999999985,1.0,position logit,2
847.809,1.0026,0,248.472,7.438063859939575,sco_grand,1.0,2102619.0,0.1,1.0,66422099.999999985,1.0,odds-ratio logit,1
847.324,1.00375,0,247.576,7.166285991668701,sco_grand,1.0,2102619.0,0.1,1.0,66422099.999999985,1.0,odds-ratio logit,2
143.697,1.01053,0,204.056,12.759958982467651,sco_grand,1.0,2102619.0,0.1,1.0,66422099.999999985,1.0,adjusted row,1
222.41,1.02914,0,196.248,12.393389463424683,sco_grand,1.0,2102619.0,0.1,1.0,66422099.999999985,1.0,adjusted row,2
181.625,1.00978,0,260.568,62.54594397544861,sco_grand,1.0,2102619.0,0.1,1.0,66422099.999999985,1.0,adjusted table,1
95.3451,1.00736,0,234.904,59.04596304893494,sco_grand,1.0,2102619.0,0.1,1.0,66422099.999999985,1.0,adjusted table,2
1.02439,7.42254,0,1023.0,9.16389775276184,sco_grand,1.0,2102619.0,0.1,2.0,265688399.99999994,1.0,ILR + log volume,1
1.03895,6.29942,8,1019.355,9.439053058624268,sco_grand,1.0,2102619.0,0.1,2.0,265688399.99999994,1.0,ILR + log volume,2
1.08306,3.80149,0,1023.0,6.778795957565308,sco_grand,1.0,2102619.0,0.1,2.0,265688399.99999994,1.0,log cells,1
1.04199,7.90121,0,1022.508,7.13563346862793,sco_grand,1.0,2102619.0,0.1,2.0,265688399.99999994,1.0,log cells,2
533.75,1.01111,1,254.687,7.775349140167236,sco_grand,1.0,2102619.0,0.1,2.0,265688399.99999994,1.0,position logit,1
392.941,1.00747,1,242.345,7.908381938934326,sco_grand,1.0,2102619.0,0.1,2.0,265688399.99999994,1.0,position logit,2
372.872,1.00598,0,247.192,8.135521411895752,sco_grand,1.0,2102619.0,0.1,2.0,265688399.99999994,1.0,odds-ratio logit,1
415.963,1.00521,0,251.544,7.17007851600647,sco_grand,1.0,2102619.0,0.1,2.0,265688399.99999994,1.0,odds-ratio logit,2
259.125,1.00446,1,249.534,14.067760229110718,sco_grand,1.0,2102619.0,0.1,2.0,265688399.99999994,1.0,adjusted row,1
190.949,1.01704,0,227.224,13.805960178375244,sco_grand,1.0,2102619.0,0.1,2.0,265688399.99999994,1.0,adjusted row,2
120.91,1.01451,0,213.208,58.514769077301025,sco_grand,1.0,2102619.0,0.1,2.0,265688399.99999994,1.0,adjusted table,1
108.884,1.01153,0,219.864,59.91784453392029,sco_grand,1.0,2102619.0,0.1,2.0,265688399.99999994,1.0,adjusted table,2
1.05203,5.91468,0,1023.0,9.565051317214966,sco_grand,1.0,2102619.0,0.01,1.0,6642210000.0,1.0,ILR + log volume,1
1.05563,5.5494,0,1023.0,9.466079473495483,sco_grand,1.0,2102619.0,0.01,1.0,6642210000.0,1.0,ILR + log volume,2
1.02594,7.27717,0,1023.0,6.689049243927002,sco_grand,1.0,2102619.0,0.01,1.0,6642210000.0,1.0,log cells,1
1.02389,7.43422,0,1023.0,6.782686710357666,sco_grand,1.0,2102619.0,0.01,1.0,6642210000.0,1.0,log cells,2
1.18158,2.46155,0,1023.0,17.830734729766846,sco_grand,1.0,2102619.0,0.01,1.0,6642210000.0,1.0,position logit,1
1.15153,3.24649,0,1023.0,17.8466956615448,sco_grand,1.0,2102619.0,0.01,1.0,6642210000.0,1.0,position logit,2
1.85197,1.63251,0,1023.0,17.684237718582153,sco_grand,1.0,2102619.0,0.01,1.0,6642210000.0,1.0,odds-ratio logit,1
1.24842,2.12447,0,1023.0,17.235535860061646,sco_grand,1.0,2102619.0,0.01,1.0,6642210000.0,1.0,odds-ratio logit,2
1.14787,3.08287,0,1023.0,31.228763341903687,sco_grand,1.0,2102619.0,0.01,1.0,6642210000.0,1.0,adjusted row,1
1.19668,2.37073,0,1023.0,30.033867359161377,sco_grand,1.0,2102619.0,0.01,1.0,6642210000.0,1.0,adjusted row,2
1.27688,2.77096,0,1023.0,126.9958758354187,sco_grand,1.0,2102619.0,0.01,1.0,6642210000.0,1.0,adjusted table,1
1.12296,2.80381,0,1023.0,124.20388841629028,sco_grand,1.0,2102619.0,0.01,1.0,6642210000.0,1.0,adjusted table,2
1.04937,5.49482,0,1023.0,9.110605955123901,sco_grand,1.0,2102619.0,0.01,2.0,26568840000.0,1.0,ILR + log volume,1
1.07784,5.29891,0,1023.0,9.027071714401245,sco_grand,1.0,2102619.0,0.01,2.0,26568840000.0,1.0,ILR + log volume,2
1.03718,6.04019,0,1023.0,6.859130620956421,sco_grand,1.0,2102619.0,0.01,2.0,26568840000.0,1.0,log cells,1
1.02152,7.81375,0,1023.0,6.691061973571777,sco_grand,1.0,2102619.0,0.01,2.0,26568840000.0,1.0,log cells,2
1.26982,2.97023,0,1023.0,17.98454475402832,sco_grand,1.0,2102619.0,0.01,2.0,26568840000.0,1.0,position logit,1
1.17018,3.25021,0,1023.0,17.670087099075317,sco_grand,1.0,2102619.0,0.01,2.0,26568840000.0,1.0,position logit,2
1.19943,3.87248,0,1023.0,17.080936193466187,sco_grand,1.0,2102619.0,0.01,2.0,26568840000.0,1.0,odds-ratio logit,1
1.10824,3.47691,0,1023.0,17.140705108642578,sco_grand,1.0,2102619.0,0.01,2.0,26568840000.0,1.0,odds-ratio logit,2
1.07768,3.80485,0,1023.0,30.197237491607666,sco_grand,1.0,2102619.0,0.01,2.0,26568840000.0,1.0,adjusted row,1
1.18953,2.69151,0,1023.0,29.954262018203735,sco_grand,1.0,2102619.0,0.01,2.0,26568840000.0,1.0,adjusted row,2
1.16204,2.75193,0,1023.0,127.71784520149231,sco_grand,1.0,2102619.0,0.01,2.0,26568840000.0,1.0,adjusted table,1
1.25194,2.40238,0,1023.0,128.11991047859192,sco_grand,1.0,2102619.0,0.01,2.0,26568840000.0,1.0,adjusted table,2
