min_ess,max_rhat,div,leapfrogs,seconds,label,volume,total,eps,sigma_b,tau,frechet_width,param,scale_margins,seed
755.774,1.0038,1,15.041,0.4877629280090332,sco_grand_scaled,1.0,2102619.0,1.0,1.0,664221.0,1.0,position logit,1,1
720.966,1.0024,0,15.0,0.42384982109069824,sco_grand_scaled,1.0,2102619.0,1.0,1.0,664221.0,1.0,position logit,1,2
744.39,1.0028,0,15.032,0.3814108371734619,sco_grand_scaled,1.0,2102619.0,1.0,1.0,664221.0,1.0,odds-ratio logit,1,1
905.237,1.00471,0,15.032,0.36831021308898926,sco_grand_scaled,1.0,2102619.0,1.0,1.0,664221.0,1.0,odds-ratio logit,1,2
570.684,1.00483,0,22.712,0.779876708984375,sco_grand_scaled,1.0,2102619.0,1.0,1.0,664221.0,1.0,adjusted row,1,1
757.94,1.00775,0,25.016,0.8865156173706055,sco_grand_scaled,1.0,2102619.0,1.0,1.0,664221.0,1.0,adjusted row,1,2
259.239,1.0051,0,37.96,5.287110328674316,sco_grand_scaled,1.0,2102619.0,1.0,1.0,664221.0,1.0,adjusted table,1,1
329.576,1.00343,0,37.568,5.512539863586426,sco_grand_scaled,1.0,2102619.0,1.0,1.0,664221.0,1.0,adjusted table,1,2
390.207,1.00761,2,121.426,2.780665397644043,sco_grand_scaled,1.0,2102619.0,1.0,2.0,2656884.0,1.0,position logit,1,1
364.465,1.00728,0,92.568,2.3999574184417725,sco_grand_scaled,1.0,2102619.0,1.0,2.0,2656884.0,1.0,position logit,1,2
251.938,1.01368,0,47.672,1.224646806716919,sco_grand_scaled,1.0,2102619.0,1.0,2.0,2656884.0,1.0,odds-ratio logit,1,1
300.818,1.01552,0,31.048,0.8510761260986328,sco_grand_scaled,1.0,2102619.0,1.0,2.0,2656884.0,1.0,odds-ratio logit,1,2
248.141,1.021,0,21.08,0.9952771663665771,sco_grand_scaled,1.0,2102619.0,1.0,2.0,2656884.0,1.0,adjusted row,1,1
230.957,1.01511,0,21.752,1.0756525993347168,sco_grand_scaled,1.0,2102619.0,1.0,2.0,2656884.0,1.0,adjusted row,1,2
167.07,1.00941,0,30.84,6.142620086669922,sco_grand_scaled,1.0,2102619.0,1.0,2.0,2656884.0,1.0,adjusted table,1,1
114.445,1.05148,0,31.176,6.611888408660889,sco_grand_scaled,1.0,2102619.0,1.0,2.0,2656884.0,1.0,adjusted table,1,2
734.022,1.00861,0,14.992,0.4659423828125,sco_grand_scaled,1.0,2102619.0,0.1,1.0,66422099.999999985,1.0,position logit,1,1
557.325,1.00488,0,15.08,0.4269084930419922,sco_grand_scaled,1.0,2102619.0,0.1,1.0,66422099.999999985,1.0,position logit,1,2
698.892,1.00146,0,15.048,0.49030113220214844,sco_grand_scaled,1.0,2102619.0,0.1,1.0,66422099.999999985,1.0,odds-ratio logit,1,1
677.514,1.00337,0,15.104,0.3877542018890381,sco_grand_scaled,1.0,2102619.0,0.1,1.0,66422099.999999985,1.0,odds-ratio logit,1,2
596.015,1.00325,0,25.216,0.857670783996582,sco_grand_scaled,1.0,2102619.0,0.1,1.0,66422099.999999985,1.0,adjusted row,1,1
411.013,1.01249,0,21.744,0.8294696807861328,sco_grand_scaled,1.0,2102619.0,0.1,1.0,66422099.999999985,1.0,adjusted row,1,2
344.726,1.00392,0,35.184,5.295229434967041,sco_grand_scaled,1.0,2102619.0,0.1,1.0,66422099.999999985,1.0,adjusted table,1,1
444.323,1.00713,0,38.608,5.6169774532318115,sco_grand_scaled,1.0,2102619.0,0.1,1.0,66422099.999999985,1.0,adjusted table,1,2
488.967,1.0069,1,125.643,2.6187872886657715,sco_grand_scaled,1.0,2102619.0,0.1,2.0,265688399.99999994,1.0,position logit,1,1
450.201,1.00702,1,147.683,3.2225730419158936,sco_grand_scaled,1.0,2102619.0,0.1,2.0,265688399.99999994,1.0,position logit,1,2
288.679,1.00752,0,31.832,0.8632140159606934,sco_grand_scaled,1.0,2102619.0,0.1,2.0,265688399.99999994,1.0,odds-ratio logit,1,1
272.326,1.01728,0,42.424,0.9173555374145508,sco_grand_scaled,1.0,2102619.0,0.1,2.0,265688399.99999994,1.0,odds-ratio logit,1,2
303.864,1.00666,0,21.32,1.0389313697814941,sco_grand_scaled,1.0,2102619.0,0.1,2.0,265688399.99999994,1.0,adjusted row,1,1
296.333,1.00774,0,22.088,1.0633225440979004,sco_grand_scaled,1.0,2102619.0,0.1,2.0,265688399.99999994,1.0,adjusted row,1,2
211.944,1.01533,0,32.664,6.237868070602417,sco_grand_scaled,1.0,2102619.0,0.1,2.0,265688399.99999994,1.0,adjusted table,1,1
199.552,1.00706,0,33.672,6.762935161590576,sco_grand_scaled,1.0,2102619.0,0.1,2.0,265688399.99999994,1.0,adjusted table,1,2
528.954,1.00256,0,14.992,0.37685513496398926,sco_grand_scaled,1.0,2102619.0,0.01,1.0,6642210000.0,1.0,position logit,1,1
524.435,1.00694,0,15.896,0.40772485733032227,sco_grand_scaled,1.0,2102619.0,0.01,1.0,6642210000.0,1.0,position logit,1,2
708.518,1.00199,0,15.16,0.3757436275482178,sco_grand_scaled,1.0,2102619.0,0.01,1.0,6642210000.0,1.0,odds-ratio logit,1,1
852.658,1.00405,0,15.128,0.3817331790924072,sco_grand_scaled,1.0,2102619.0,0.01,1.0,6642210000.0,1.0,odds-ratio logit,1,2
592.906,1.00244,0,28.064,0.9406611919403076,sco_grand_scaled,1.0,2102619.0,0.01,1.0,6642210000.0,1.0,adjusted row,1,1
367.433,1.00608,0,24.224,1.0187089443206787,sco_grand_scaled,1.0,2102619.0,0.01,1.0,6642210000.0,1.0,adjusted row,1,2
309.949,1.0048,0,35.944,5.2519049644470215,sco_grand_scaled,1.0,2102619.0,0.01,1.0,6642210000.0,1.0,adjusted table,1,1
341.331,1.00406,0,37.176,5.198451280593872,sco_grand_scaled,1.0,2102619.0,0.01,1.0,6642210000.0,1.0,adjusted table,1,2
342.29,1.00902,2,83.339,2.552128791809082,sco_grand_scaled,1.0,2102619.0,0.01,2.0,26568840000.0,1.0,position logit,1,1
342.75,1.01419,2,63.59,1.816269874572754,sco_grand_scaled,1.0,2102619.0,0.01,2.0,26568840000.0,1.0,position logit,1,2
257.28,1.0111,0,31.544,0.8939332962036133,sco_grand_scaled,1.0,2102619.0,0.01,2.0,26568840000.0,1.0,odds-ratio logit,1,1
270.101,1.0057,0,32.488,0.9007887840270996,sco_grand_scaled,1.0,2102619.0,0.01,2.0,26568840000.0,1.0,odds-ratio logit,1,2
336.085,1.00558,0,24.904,1.0933191776275635,sco_grand_scaled,1.0,2102619.0,0.01,2.0,26568840000.0,1.0,adjusted row,1,1
254.035,1.00392,0,21.968,1.0798587799072266,sco_grand_scaled,1.0,2102619.0,0.01,2.0,26568840000.0,1.0,adjusted row,1,2
178.926,1.01097,0,32.328,6.276357650756836,sco_grand_scaled,1.0,2102619.0,0.01,2.0,26568840000.0,1.0,adjusted table,1,1
173.949,1.00755,0,33.912,6.959451675415039,sco_grand_scaled,1.0,2102619.0,0.01,2.0,26568840000.0,1.0,adjusted table,1,2
