centre,sigma_b,param,seed,rhat,min_ess,cells_near_bound,frac_draws_near,pos_sd_median,corr_ess_minpos,corr_ess_width,worst_cell_width
indep,1.0,position logit,1,1.00861,734.022,0,0.06757142857142857,0.1522945718942392,-0.4920982436831208,,1.0
indep,1.0,position logit,2,1.00488,557.325,0,0.06671428571428571,0.15045619062478421,-0.6811735257295574,,1.0
indep,1.0,odds-ratio logit,1,1.00146,698.892,0,0.06506122448979591,0.15140036999243472,-0.6122318745712195,,1.0
indep,1.0,odds-ratio logit,2,1.00337,677.514,0,0.06612244897959184,0.15305199212042894,-0.6250882350003515,,1.0
indep,2.0,position logit,1,1.0069,488.967,0,0.2530612244897959,0.2378858544739343,-0.5622340037173015,,1.0
indep,2.0,position logit,2,1.00702,450.201,0,0.26042857142857145,0.24038301814412993,-0.6942404003548005,,1.0
indep,2.0,odds-ratio logit,1,1.00752,288.679,0,0.25389795918367347,0.2325611830546905,-0.6145328872647573,,1.0
indep,2.0,odds-ratio logit,2,1.01728,272.326,0,0.25404081632653064,0.23546341316881728,-0.5215333862717424,,1.0
diag,1.0,position logit,1,1.01634,333.068,1,0.13942857142857143,0.10810839813051212,-0.7961134102270874,,1.0
diag,1.0,position logit,2,1.00549,447.494,1,0.13859183673469389,0.1147266445512896,-0.6859992258994196,,1.0
diag,1.0,odds-ratio logit,1,1.00522,494.562,1,0.13926530612244897,0.10782847420793865,-0.7972316025525372,,1.0
diag,1.0,odds-ratio logit,2,1.00432,450.09,1,0.1372857142857143,0.11117549775026836,-0.7361700270766003,,1.0
diag,2.0,position logit,1,1.00943,380.343,0,0.3335714285714286,0.19364279813714602,-0.6875751837025007,,1.0
diag,2.0,position logit,2,1.0092,313.489,0,0.325,0.1889260138637137,-0.706613834166663,,1.0
diag,2.0,odds-ratio logit,1,1.01207,225.706,0,0.328734693877551,0.1900361052417625,-0.650893625030065,,1.0
diag,2.0,odds-ratio logit,2,1.01772,145.261,0,0.3320204081632653,0.19189150652670617,-0.4453727033942242,,1.0
reverse,1.0,position logit,1,1.00452,260.636,10,0.3083673469387755,0.06756710105517863,-0.18036675651276637,,1.0
reverse,1.0,position logit,2,2.44579,1.74605,10,0.31687755102040815,0.07339565187886121,-0.35504248574512315,,1.0
reverse,1.0,odds-ratio logit,1,1.64814,3.58804,10,0.30587755102040814,0.07482584825364191,-0.41502535490876685,,1.0
reverse,1.0,odds-ratio logit,2,1.73709,3.35366,10,0.30881632653061225,0.07191094117135267,-0.3366208703946174,,1.0
reverse,2.0,position logit,1,3.05621,1.09565,5,0.3923673469387755,0.1840661206330108,-0.5604153426770053,,1.0
reverse,2.0,position logit,2,1.03778,32.6654,5,0.3873469387755102,0.14692351005643783,-0.27662640156718293,,1.0
reverse,2.0,odds-ratio logit,1,1.13317,8.8689,5,0.3905102040816327,0.154783976189505,-0.40564039979014005,,1.0
reverse,2.0,odds-ratio logit,2,1.03208,34.3689,8,0.3913061224489796,0.14329406075942105,-0.6427562793897055,,1.0
