eps,sigma_b,param,rhat,min_ess,cond,vary,neg,max_eig,min_eig
1.0,1.0,ILR + log volume,1.02454,98.8533,269159.0240199708,1.41297642507479,1.0,64513.43870412338,-137.25954103528898
1.0,1.0,log cells,1.02001,144.841,599157.2243552943,1.3532944451278475,1.0,105141.81891314327,-129.91517101100794
1.0,1.0,position logit,1.0038,755.774,28.80521669202721,0.5068929860259732,0.2,4.131816855871884,0.1578710998500881
1.0,1.0,odds-ratio logit,1.0028,744.39,36.98033160497964,0.5373260961320737,0.25,3.9264827386223113,0.08494449707181606
1.0,1.0,adjusted row,1.00483,570.684,10.395144279274902,0.38784252429801236,0.025,3.132813381453996,0.29589254996441827
1.0,1.0,adjusted table,1.0051,259.239,34.29500280002132,0.48546884808628465,0.3,3.3885691092560926,0.0958917176662439
1.0,2.0,ILR + log volume,1.64923,1.6444,5478954.757707345,1.2907193476018126,1.0,595196.905010191,-252.6715976284412
1.0,2.0,log cells,1.37402,2.56197,3227841.913039769,1.5984227785106406,1.0,618967.0471803745,-365.2320514001083
1.0,2.0,position logit,1.00761,390.207,143.53156601538598,1.3302621099770817,1.0,5.737006874050902,-5.771214398160662
1.0,2.0,odds-ratio logit,1.01368,251.938,205.21423751693396,0.9683460804294144,1.0,11.175682298209987,-1.7296712523964088
1.0,2.0,adjusted row,1.021,248.141,127.315084125928,0.8002454493120484,1.0,5.796997930023883,-0.8855067371974872
1.0,2.0,adjusted table,1.00941,167.07,66.29559057751362,0.8769019830418123,1.0,6.124514770799511,-1.0103965707336684
0.1,1.0,ILR + log volume,4.25606,1.07503,46317093.12297553,0.7096714870629186,1.0,5959699.339993216,-349.9733171084414
0.1,1.0,log cells,3.23011,1.14732,74195013.75142008,0.7306883084984279,1.0,15431062.19073577,-264.9963247989265
0.1,1.0,position logit,1.00861,734.022,25.407493579613146,0.5001759288676653,0.325,3.633748157133519,0.1045110166770461
0.1,1.0,odds-ratio logit,1.00146,698.892,23.56129979607552,0.5139584261878127,0.275,3.875729175911354,0.12351754763183571
0.1,1.0,adjusted row,1.00325,596.015,10.023507864506753,0.3933709676526559,0.1,3.092829139319409,0.29508111913378443
0.1,1.0,adjusted table,1.00392,344.726,15.35868977251791,0.46409197465639,0.2,3.468843690557727,0.21511557083238433
0.1,2.0,ILR + log volume,7.42254,1.02439,1138736329.3009336,0.45763680402830464,1.0,62582659.74156085,-366.5487805667749
0.1,2.0,log cells,3.80149,1.08306,320135880.6222389,0.5615661819456063,1.0,23238773.40107019,-372.43228532234775
0.1,2.0,position logit,1.0069,488.967,364.13401717457725,1.157279618135244,1.0,5.883772791565025,-8.109607662994003
0.1,2.0,odds-ratio logit,1.00752,288.679,262.82711080803097,0.9640380690486196,1.0,13.27424221046287,-1.9013706933826129
0.1,2.0,adjusted row,1.00666,303.864,78.5100387011594,0.809674505053813,1.0,5.657925198686647,-0.8268851488673321
0.1,2.0,adjusted table,1.01533,211.944,147.5418844651036,0.8983955447584323,1.0,6.219750406969446,-1.1729320153293177
