eps,sigma_b,param,rhat,quantity,step,median,p90,n
1.0,1.0,ILR + log volume,1.02454,ilr,1.0,6.47376724327066e-11,7.564868002203368e-11,4000
1.0,1.0,ILR + log volume,1.02454,ilr,2.0,6.473714398941092e-11,7.564878313392126e-11,4000
1.0,1.0,ILR + log volume,1.02454,margins,1.0,0.09434171161871943,0.15947157334093132,4000
1.0,1.0,ILR + log volume,1.02454,margins,2.0,0.1877783438688904,0.31921939468336225,4000
1.0,1.0,log cells,1.02001,ilr,1.0,6.652704606192891e-11,7.681518607043758e-11,4000
1.0,1.0,log cells,1.02001,ilr,2.0,6.652731850721494e-11,7.681620700567028e-11,4000
1.0,1.0,log cells,1.02001,margins,1.0,0.15135323176571164,0.23052018238699515,4000
1.0,1.0,log cells,1.02001,margins,2.0,0.30152535363576105,0.4609632272207122,4000
1.0,1.0,position logit,1.0038,ilr,1.0,0.05695360568086171,0.12053377140445475,4000
1.0,1.0,position logit,1.0038,ilr,2.0,0.11523748244172624,0.20814207269847187,4000
1.0,1.0,position logit,1.0038,margins,1.0,1.9347852247368837e-05,5.33622145446352e-05,4000
1.0,1.0,position logit,1.0038,margins,2.0,3.8679796575099434e-05,0.0001066896558018829,4000
1.0,1.0,odds-ratio logit,1.0028,ilr,1.0,0.04976468924352233,0.07108076038269869,4000
1.0,1.0,odds-ratio logit,1.0028,ilr,2.0,0.09898630584308969,0.14254511953077478,4000
1.0,1.0,odds-ratio logit,1.0028,margins,1.0,2.008982881987515e-05,5.379180418412457e-05,4000
1.0,1.0,odds-ratio logit,1.0028,margins,2.0,4.01909319946318e-05,0.00010758246290841722,4000
1.0,1.0,adjusted row,1.00483,ilr,1.0,0.03684255799862266,0.05571061550979131,4000
1.0,1.0,adjusted row,1.00483,ilr,2.0,0.07306811184619913,0.11039275470973954,4000
1.0,1.0,adjusted row,1.00483,margins,1.0,1.9790211096111828e-05,5.5598035468817586e-05,4000
1.0,1.0,adjusted row,1.00483,margins,2.0,3.9572756961037654e-05,0.00011119806051495133,4000
1.0,1.0,adjusted table,1.0051,ilr,1.0,0.04145845716166126,0.061892740980186926,4000
1.0,1.0,adjusted table,1.0051,ilr,2.0,0.08247718461241882,0.12251613879820096,4000
1.0,1.0,adjusted table,1.0051,margins,1.0,1.964217181525821e-05,5.5426497437179095e-05,4000
1.0,1.0,adjusted table,1.0051,margins,2.0,3.928276258037878e-05,0.00011086067107227316,4000
1.0,2.0,ILR + log volume,1.64923,ilr,1.0,3.3355308932013206e-11,4.059687222382108e-11,4000
1.0,2.0,ILR + log volume,1.64923,ilr,2.0,3.335524043968856e-11,4.059564136352672e-11,4000
1.0,2.0,ILR + log volume,1.64923,margins,1.0,0.11472480589113221,0.20488177587168202,4000
1.0,2.0,ILR + log volume,1.64923,margins,2.0,0.22879857180554894,0.4056958872121901,4000
1.0,2.0,log cells,1.37402,ilr,1.0,3.278167902685885e-11,3.852259092983886e-11,4000
1.0,2.0,log cells,1.37402,ilr,2.0,3.27827988629444e-11,3.852238021435096e-11,4000
1.0,2.0,log cells,1.37402,margins,1.0,0.1656954030077371,0.27333745953069644,4000
1.0,2.0,log cells,1.37402,margins,2.0,0.32774509120896217,0.535835435801854,4000
1.0,2.0,position logit,1.00761,ilr,1.0,0.12528022578089715,0.57243193838362,4000
1.0,2.0,position logit,1.00761,ilr,2.0,0.2368783420510151,0.7022435456109011,4000
1.0,2.0,position logit,1.00761,margins,1.0,2.0103738224440135e-05,5.416462265172815e-05,4000
1.0,2.0,position logit,1.00761,margins,2.0,4.021278831943259e-05,0.00010833244246024538,4000
1.0,2.0,odds-ratio logit,1.01368,ilr,1.0,0.0922054295805299,0.2234445221071937,4000
1.0,2.0,odds-ratio logit,1.01368,ilr,2.0,0.17959693029206153,0.37567448750253574,4000
1.0,2.0,odds-ratio logit,1.01368,margins,1.0,1.913932524547492e-05,5.271839311908705e-05,4000
1.0,2.0,odds-ratio logit,1.01368,margins,2.0,3.827098155423783e-05,0.00010542666398412847,4000
1.0,2.0,adjusted row,1.021,ilr,1.0,0.06459105877958489,0.10621502716475185,4000
1.0,2.0,adjusted row,1.021,ilr,2.0,0.12801199078440528,0.20618757897103515,4000
1.0,2.0,adjusted row,1.021,margins,1.0,1.921212796663908e-05,5.41172447508196e-05,4000
1.0,2.0,adjusted row,1.021,margins,2.0,3.8430166863287764e-05,0.00010825447215567134,4000
1.0,2.0,adjusted table,1.00941,ilr,1.0,0.07296761434415916,0.1181700848066757,4000
1.0,2.0,adjusted table,1.00941,ilr,2.0,0.14366465474134382,0.22872715744211472,4000
1.0,2.0,adjusted table,1.00941,margins,1.0,1.944386478173908e-05,5.520127553914862e-05,4000
1.0,2.0,adjusted table,1.00941,margins,2.0,3.8892668354694213e-05,0.00011039221020695411,4000
0.1,1.0,ILR + log volume,4.25606,ilr,1.0,7.689179105737515e-11,1.0343558340364512e-10,4000
0.1,1.0,ILR + log volume,4.25606,ilr,2.0,7.68917094477767e-11,1.034321937597032e-10,4000
0.1,1.0,ILR + log volume,4.25606,margins,1.0,0.0856138414963612,0.14818728742648565,4000
0.1,1.0,ILR + log volume,4.25606,margins,2.0,0.17009724690314576,0.29417013914024315,4000
0.1,1.0,log cells,3.23011,ilr,1.0,8.403073244788283e-11,1.1381670005804176e-10,4000
0.1,1.0,log cells,3.23011,ilr,2.0,8.403099439937514e-11,1.1381971673352069e-10,4000
0.1,1.0,log cells,3.23011,margins,1.0,0.11849240729369534,0.20051890152032906,4000
0.1,1.0,log cells,3.23011,margins,2.0,0.23703253206379266,0.3999566856704801,4000
0.1,1.0,position logit,1.00861,ilr,1.0,0.05607746266704263,0.12256573738304975,4000
0.1,1.0,position logit,1.00861,ilr,2.0,0.11231255263523782,0.2156032375249623,4000
0.1,1.0,position logit,1.00861,margins,1.0,1.9002917898634404e-06,5.271916861596087e-06,4000
0.1,1.0,position logit,1.00861,margins,2.0,3.802750626715469e-06,1.0551631042690863e-05,4000
0.1,1.0,odds-ratio logit,1.00146,ilr,1.0,0.04901555966942135,0.07197478814476994,4000
0.1,1.0,odds-ratio logit,1.00146,ilr,2.0,0.09785635255613637,0.14381128400725116,4000
0.1,1.0,odds-ratio logit,1.00146,margins,1.0,2.0033016818523307e-06,5.632978728564706e-06,4000
0.1,1.0,odds-ratio logit,1.00146,margins,2.0,3.991645184864655e-06,1.1254181006737755e-05,4000
0.1,1.0,adjusted row,1.00325,ilr,1.0,0.03720309496867935,0.05474210463113512,4000
0.1,1.0,adjusted row,1.00325,ilr,2.0,0.07431914731807515,0.10812757688038525,4000
0.1,1.0,adjusted row,1.00325,margins,1.0,1.9425035546124095e-06,5.480492221679414e-06,4000
0.1,1.0,adjusted row,1.00325,margins,2.0,3.88018566709339e-06,1.0925728428609443e-05,4000
0.1,1.0,adjusted table,1.00392,ilr,1.0,0.04112489970690963,0.060938647627961334,4000
0.1,1.0,adjusted table,1.00392,ilr,2.0,0.08188576262293887,0.12122116101609395,4000
0.1,1.0,adjusted table,1.00392,margins,1.0,2.063639223188806e-06,5.507566091206506e-06,4000
0.1,1.0,adjusted table,1.00392,margins,2.0,4.111136216364207e-06,1.0969810715354075e-05,4000
0.1,2.0,ILR + log volume,7.42254,ilr,1.0,4.8778186149561336e-11,7.311045653723892e-11,4000
0.1,2.0,ILR + log volume,7.42254,ilr,2.0,4.8780086524451957e-11,7.310952239127332e-11,4000
0.1,2.0,ILR + log volume,7.42254,margins,1.0,0.09007820999670632,0.1644900185254886,4000
0.1,2.0,ILR + log volume,7.42254,margins,2.0,0.17973215955293773,0.32843438386443485,4000
0.1,2.0,log cells,3.80149,ilr,1.0,5.618640119329224e-11,7.830127478649332e-11,4000
0.1,2.0,log cells,3.80149,ilr,2.0,5.6185682671526783e-11,7.829985856692134e-11,4000
0.1,2.0,log cells,3.80149,margins,1.0,0.1318086663268656,0.23320253130178273,4000
0.1,2.0,log cells,3.80149,margins,2.0,0.26433585474170046,0.4645600634136623,4000
0.1,2.0,position logit,1.0069,ilr,1.0,0.12019922395786178,0.5298446070270478,4000
0.1,2.0,position logit,1.0069,ilr,2.0,0.23296532293988442,0.6493038169966505,4000
0.1,2.0,position logit,1.0069,margins,1.0,2.0375997952357614e-06,5.578889782505987e-06,4000
0.1,2.0,position logit,1.0069,margins,2.0,4.075567054747719e-06,1.1154254112755098e-05,4000
0.1,2.0,odds-ratio logit,1.00752,ilr,1.0,0.0961442301014987,0.2438437869947521,4000
0.1,2.0,odds-ratio logit,1.00752,ilr,2.0,0.18780204156597033,0.42235284771155274,4000
0.1,2.0,odds-ratio logit,1.00752,margins,1.0,1.9250627640359786e-06,5.549727040552349e-06,4000
0.1,2.0,odds-ratio logit,1.00752,margins,2.0,3.850859412215416e-06,1.1102262259996524e-05,4000
0.1,2.0,adjusted row,1.00666,ilr,1.0,0.06388817331109423,0.1038812348476437,4000
0.1,2.0,adjusted row,1.00666,ilr,2.0,0.1263502352667496,0.20358160804704017,4000
0.1,2.0,adjusted row,1.00666,margins,1.0,1.952462678984929e-06,5.485047526828338e-06,4000
0.1,2.0,adjusted row,1.00666,margins,2.0,3.901781646555814e-06,1.0939665423531585e-05,4000
0.1,2.0,adjusted table,1.01533,ilr,1.0,0.07290188527308455,0.11539719356951164,4000
0.1,2.0,adjusted table,1.01533,ilr,2.0,0.1432001789673392,0.2251769875514337,4000
0.1,2.0,adjusted table,1.01533,margins,1.0,1.9248603117168293e-06,5.462202647013399e-06,4000
0.1,2.0,adjusted table,1.01533,margins,2.0,3.845505000025225e-06,1.0921748504985804e-05,4000
