size,R,C,family,N,sigma_b,param,tau,stiff_share,seconds,max_rhat,min_ess,div,leapfrogs,ess_per_1000_grad,ess_per_s,flip_up,flip_lo,lo_active,rel_width,near,r_ilr,r_ilr_p90
2x2,2,2,uniform,1000.0,1.0,ILR + log volume,500.0,0.75,0.16066718101501465,1.0078,139.235,0,32.286,4.3125503314129965,866.6051095213294,0.976,0.95,0.475,1.0,0.002,,
2x2,2,2,uniform,1000.0,1.0,log cells,500.0,0.75,0.08167505264282227,1.02243,60.8562,0,21.852,2.7849258649093906,745.1014481268062,0.982,0.974,0.513,0.9989705643416247,0.0,,
2x2,2,2,uniform,1000.0,1.0,position logit,500.0,0.75,0.06522822380065918,0.998437,780.13,0,5.64,138.3209219858156,11960.006796814176,0.99,0.968,0.516,0.9985658798842239,0.001,0.03758911594350868,0.17533471217676208
2x2,2,2,uniform,1000.0,1.0,odds-ratio logit,500.0,0.75,0.05912423133850098,0.999015,1017.18,0,5.572,182.55204594400573,17204.11372752384,0.948,0.938,0.469,1.0,0.001,0.03134221295885657,0.09847161357002357
2x2,2,2,uniform,1000.0,1.0,adjusted row,500.0,0.75,0.07574939727783203,0.999429,867.572,0,5.696,152.3125,11453.186839466694,0.978,0.98,0.51,0.9983569323142505,0.006,0.033127917826390144,0.11619463783755264
2x2,2,2,uniform,1000.0,1.0,adjusted table,500.0,0.75,0.17594122886657715,1.00437,794.153,0,5.576,142.4234218077475,4513.740213797393,0.96,0.992,0.496,1.0,0.001,0.030519037721728808,0.08092880646695354
2x2,2,2,uniform,1000.0,2.0,ILR + log volume,2000.0,0.75,0.2689783573150635,1.0819,47.9302,0,82.108,0.5837457982169825,178.19351890776005,0.992,0.986,0.493,1.0,0.322,,
2x2,2,2,uniform,1000.0,2.0,log cells,2000.0,0.75,0.16462969779968262,1.11465,8.37905,0,47.548,0.17622297467821987,50.896345628936416,0.992,0.938,0.469,1.0,0.383,,
2x2,2,2,uniform,1000.0,2.0,position logit,2000.0,0.75,0.07456707954406738,1.01124,421.178,0,7.46,56.45817694369973,5648.310254005506,0.982,0.99,0.495,1.0,0.312,0.13462548501146515,0.5680192785159662
2x2,2,2,uniform,1000.0,2.0,odds-ratio logit,2000.0,0.75,0.07596015930175781,1.00462,328.903,0,7.618,43.17445523759517,4329.940893006906,0.974,0.998,0.499,1.0,0.319,0.09452051396369184,0.4428297391325968
2x2,2,2,uniform,1000.0,2.0,adjusted row,2000.0,0.75,0.13074159622192383,1.00791,112.283,0,7.74,14.506847545219639,858.8161935043858,0.94,0.982,0.509,0.9988228657253133,0.325,0.11929023125907544,0.6262147038110247
2x2,2,2,uniform,1000.0,2.0,adjusted table,2000.0,0.75,0.2577633857727051,1.00232,309.855,0,8.892,34.84649122807018,1202.09082089428,0.99,0.984,0.508,0.9989158390485656,0.3,0.19811651303577074,0.6255674066338314
2x2,2,2,uniform,1000000.0,1.0,ILR + log volume,500000.0,0.75,1.0831124782562256,1.01645,65.4872,0,351.486,0.1863152444194079,60.46204924666012,1.0,0.984,0.492,1.0,0.0,,
2x2,2,2,uniform,1000000.0,1.0,log cells,500000.0,0.75,0.6623384952545166,1.05091,37.0934,0,270.862,0.1369457509728201,56.00369035736951,0.974,0.99,0.495,1.0,0.0,,
2x2,2,2,uniform,1000000.0,1.0,position logit,500000.0,0.75,0.06073117256164551,1.00206,933.23,0,5.556,167.96796256299496,15366.573056904504,0.974,0.9199999999999999,0.54,0.9998177145969307,0.0,0.0013329452851494924,0.005201220214565304
2x2,2,2,uniform,1000000.0,1.0,odds-ratio logit,500000.0,0.75,0.05524754524230957,1.0033,958.003,0,5.088,188.28675314465409,17340.191239236163,0.942,0.94,0.53,0.9998669421014534,0.001,0.001541905380827913,0.00532186046261051
2x2,2,2,uniform,1000000.0,1.0,adjusted row,500000.0,0.75,0.07841682434082031,1.0047,978.235,0,5.208,187.83314132104454,12474.810198234136,0.97,0.962,0.519,0.9999239186418358,0.001,0.0009822636841838334,0.004395074203557559
2x2,2,2,uniform,1000000.0,1.0,adjusted table,500000.0,0.75,0.1346900463104248,1.00001,724.68,0,5.44,133.21323529411762,5380.353039079108,0.99,0.996,0.502,0.9999922981074101,0.004,0.001188518232382987,0.0036205291697151347
2x2,2,2,uniform,1000000.0,2.0,ILR + log volume,2000000.0,0.75,1.6604304313659668,1.1643,9.67753,0,609.408,0.015880214897080445,5.8283260877353955,0.952,0.998,0.501,0.9999996438704715,0.702,,
2x2,2,2,uniform,1000000.0,2.0,log cells,2000000.0,0.75,0.233734130859375,4.36964,1.05647,1,31.211,0.033849283906315086,4.51996461156809,0.99,0.966,0.517,0.9999414461103406,0.756,,
2x2,2,2,uniform,1000000.0,2.0,position logit,2000000.0,0.75,0.08712005615234375,1.00246,325.646,0,6.88,47.332267441860466,3737.899335493476,0.978,0.988,0.494,1.0,0.424,0.013475266702312937,0.22400800862757553
2x2,2,2,uniform,1000000.0,2.0,odds-ratio logit,2000000.0,0.75,0.08496975898742676,0.999404,373.704,0,7.778,48.04628439187452,4398.082381936591,0.956,0.976,0.488,1.0,0.457,0.012194862405677203,0.3404644149075648
2x2,2,2,uniform,1000000.0,2.0,adjusted row,2000000.0,0.75,0.14455509185791016,1.00682,143.448,0,6.45,22.240000000000002,992.3413845636212,0.978,1.0,0.5,1.0,0.471,0.0339032348763311,0.2421819890116724
2x2,2,2,uniform,1000000.0,2.0,adjusted table,2000000.0,0.75,0.23712825775146484,1.00108,370.677,0,6.778,54.68825612275008,1563.1920190149087,0.952,0.996,0.498,1.0,0.464,0.015778718751483085,0.17268125192884065
2x2,2,2,geometric,1000.0,1.0,ILR + log volume,666.6666666666666,0.75,0.12031245231628418,1.02854,44.8487,2,24.753,1.8118490687997415,372.7685633245942,0.0,0.936,0.468,1.0,0.0,,
2x2,2,2,geometric,1000.0,1.0,log cells,666.6666666666666,0.75,0.08623957633972168,1.02277,95.8372,0,18.448,5.194991326973113,1111.290245936165,0.0,0.994,0.503,0.9996387032275872,0.001,,
2x2,2,2,geometric,1000.0,1.0,position logit,666.6666666666666,0.75,0.06454300880432129,1.00331,1082.84,0,5.096,212.4882260596546,16777.030077462106,0.0,0.996,0.498,1.0,0.002,0.07331657297405986,0.13346315898257208
2x2,2,2,geometric,1000.0,1.0,odds-ratio logit,666.6666666666666,0.75,0.05621457099914551,1.00201,651.387,0,5.552,117.32474783861672,11587.511714887967,0.0,0.964,0.518,0.9978795883357646,0.004,0.05657401152666186,0.14088602034820083
2x2,2,2,geometric,1000.0,1.0,adjusted row,666.6666666666666,0.75,0.07851839065551758,1.00019,725.775,0,5.482,132.39237504560379,9243.375901375519,0.0,0.968,0.484,1.0,0.003,0.061286951554783746,0.10977660850184347
2x2,2,2,geometric,1000.0,1.0,adjusted table,666.6666666666666,0.75,0.14479851722717285,1.00231,811.46,0,5.4,150.27037037037036,5604.062911272144,0.0,0.964,0.482,1.0,0.004,0.06573794607943192,0.12674572577440107
2x2,2,2,geometric,1000.0,2.0,ILR + log volume,2666.6666666666665,0.75,0.4241008758544922,1.04877,41.6111,0,100.432,0.414321132706707,98.11604353836951,0.0,0.956,0.522,0.9970597692885215,0.256,,
2x2,2,2,geometric,1000.0,2.0,log cells,2666.6666666666665,0.75,0.1441049575805664,1.05039,31.5039,5,30.124,1.0458073297038908,218.61773896561994,0.0,0.99,0.505,0.999401749292011,0.278,,
2x2,2,2,geometric,1000.0,2.0,position logit,2666.6666666666665,0.75,0.07291316986083984,1.00075,589.563,0,6.068,97.1593605800923,8085.823193878752,0.0,0.976,0.488,1.0,0.2,0.11281949531921719,0.34369354447857575
2x2,2,2,geometric,1000.0,2.0,odds-ratio logit,2666.6666666666665,0.75,0.06763029098510742,1.00105,477.484,0,6.438,74.16651133892513,7060.209161382209,0.0,0.926,0.463,1.0,0.238,0.1348335938492542,0.37543678052111434
2x2,2,2,geometric,1000.0,2.0,adjusted row,2666.6666666666665,0.75,0.09761524200439453,1.00566,282.814,0,6.462,43.76570721138967,2897.231971081607,0.0,0.998,0.499,1.0,0.19,0.12234422912634452,0.2807708284310837
2x2,2,2,geometric,1000.0,2.0,adjusted table,2666.6666666666665,0.75,0.24511265754699707,1.0031,475.976,0,6.982,68.17187052420509,1941.8662616749523,0.0,0.97,0.485,1.0,0.227,0.1277701613418335,0.3372320610185423
2x2,2,2,geometric,1000000.0,1.0,ILR + log volume,666666.6666666666,0.75,0.7758841514587402,1.06095,58.3371,35,246.018,0.23712533229275906,75.18790001100085,0.0,0.998,0.499,1.0,0.0,,
2x2,2,2,geometric,1000000.0,1.0,log cells,666666.6666666666,0.75,0.5994668006896973,1.04101,46.4094,0,264.062,0.17575190674917252,77.41779852796711,0.0,0.994,0.503,0.9999853873895795,0.004,,
2x2,2,2,geometric,1000000.0,1.0,position logit,666666.6666666666,0.75,0.06274914741516113,1.00368,848.017,0,5.596,151.53984989278055,13514.398759705004,0.0,0.988,0.494,1.0,0.005,0.04004672398185383,0.11804436624380386
2x2,2,2,geometric,1000000.0,1.0,odds-ratio logit,666666.6666666666,0.75,0.06378674507141113,1.00188,840.033,0,5.746,146.1943961016359,13169.397483122213,0.0,0.96,0.52,0.9999101329809066,0.005,0.04532403397926066,0.12586494550188693
2x2,2,2,geometric,1000000.0,1.0,adjusted row,666666.6666666666,0.75,0.08273434638977051,1.00388,626.652,0,5.792,108.19267955801106,7574.266641906788,0.0,0.992,0.496,1.0,0.003,0.048552421319824124,0.13897252430576584
2x2,2,2,geometric,1000000.0,1.0,adjusted table,666666.6666666666,0.75,0.1380481719970703,0.999994,627.179,0,5.74,109.26463414634145,4543.189460077097,0.0,0.92,0.46,1.0,0.001,0.042986066988882014,0.12803906859818162
2x2,2,2,geometric,1000000.0,2.0,ILR + log volume,2666666.6666666665,0.75,1.6130342483520508,9.81772,1.01451,3,385.647,0.002630670016880723,0.6289451082867394,0.0,0.972,0.486,1.0,0.485,,
2x2,2,2,geometric,1000000.0,2.0,log cells,2666666.6666666665,0.75,0.3381175994873047,7.86591,1.01901,3,57.507,0.017719755855808858,3.0137739104534864,0.0,0.894,0.447,1.0,0.566,,
2x2,2,2,geometric,1000000.0,2.0,position logit,2666666.6666666665,0.75,0.06258535385131836,1.00806,498.218,0,4.92,101.26382113821138,7960.616491577207,0.0,0.986,0.507,0.9999771207130947,0.353,0.052172436688718356,0.19918820829599948
2x2,2,2,geometric,1000000.0,2.0,odds-ratio logit,2666666.6666666665,0.75,0.06418871879577637,1.00175,660.779,0,6.172,107.06075826312379,10294.316702321832,0.0,0.984,0.508,0.9999460169416808,0.357,0.07100335499650877,0.3058548569018118
2x2,2,2,geometric,1000000.0,2.0,adjusted row,2666666.6666666665,0.75,0.09501838684082031,0.999199,644.682,0,5.846,110.27745466985974,6784.813144428609,0.0,0.954,0.477,1.0,0.328,0.0389744177446132,0.23638480741222026
2x2,2,2,geometric,1000000.0,2.0,adjusted table,2666666.6666666665,0.75,0.21517705917358398,1.00231,498.58,0,5.99,83.23539232053422,2317.0685663000627,0.0,0.982,0.491,1.0,0.362,0.06676329333546233,0.2333662433819335
2x2,2,2,dominant,1000.0,1.0,ILR + log volume,600.0,0.75,0.16120409965515137,1.01658,129.922,0,33.096,3.9256103456611076,805.9472450013976,0.0,0.99,0.505,0.999218913527828,0.003,,
2x2,2,2,dominant,1000.0,1.0,log cells,600.0,0.75,0.07579636573791504,1.01777,98.3871,0,23.738,4.144708905552279,1298.0450849081353,0.0,0.976,0.512,0.9976627685213528,0.0,,
2x2,2,2,dominant,1000.0,1.0,position logit,600.0,0.75,0.057358741760253906,1.0014,821.034,0,5.382,152.55183946488296,14314.016918846122,0.0,0.934,0.467,1.0,0.004,0.05971835648158736,0.12201788183279744
2x2,2,2,dominant,1000.0,1.0,odds-ratio logit,600.0,0.75,0.059056758880615234,0.998477,836.349,0,5.526,151.34799131378938,14161.782933105103,0.0,0.948,0.474,1.0,0.004,0.0477914890465593,0.11386729691759057
2x2,2,2,dominant,1000.0,1.0,adjusted row,600.0,0.75,0.08048248291015625,0.99932,730.335,0,5.558,131.4024829075207,9074.459107024362,0.0,0.958,0.521,0.997618163774784,0.002,0.05794720492888948,0.10922584350405766
2x2,2,2,dominant,1000.0,1.0,adjusted table,600.0,0.75,0.1453111171722412,0.998751,804.088,0,5.358,150.07241508025382,5533.561475870374,0.0,0.942,0.471,1.0,0.005,0.06075927905163718,0.13332891979975672
2x2,2,2,dominant,1000.0,2.0,ILR + log volume,2400.0,0.75,0.2540898323059082,1.10107,47.7578,0,73.774,0.647352725892591,187.9563600266484,0.0,0.908,0.454,1.0,0.269,,
2x2,2,2,dominant,1000.0,2.0,log cells,2400.0,0.75,0.10300993919372559,1.12163,19.2026,15,11.509,1.6684855330610826,186.4150212135029,0.0,0.93,0.465,1.0,0.329,,
2x2,2,2,dominant,1000.0,2.0,position logit,2400.0,0.75,0.0614163875579834,0.999936,612.137,0,6.054,101.11281797158902,9966.997805302039,0.0,0.974,0.487,1.0,0.206,0.10556103636064693,0.26197711188553857
2x2,2,2,dominant,1000.0,2.0,odds-ratio logit,2400.0,0.75,0.0967245101928711,1.00389,468.706,0,9.604,48.80320699708455,4845.7831325833395,0.0,0.99,0.495,1.0,0.255,0.11319458286869001,0.31987918470536686
2x2,2,2,dominant,1000.0,2.0,adjusted row,2400.0,0.75,0.15612292289733887,1.00006,370.847,0,6.228,59.545118818240205,2375.3526587755237,0.0,0.976,0.488,1.0,0.251,0.16729992626015683,0.4859738086671412
2x2,2,2,dominant,1000.0,2.0,adjusted table,2400.0,0.75,0.2029886245727539,1.00135,360.916,0,7.514,48.032472717593826,1778.0109637160615,0.0,0.976,0.488,1.0,0.24,0.12359258974037865,0.3124336590831975
2x2,2,2,dominant,1000000.0,1.0,ILR + log volume,600000.0,0.75,1.120767593383789,1.01487,80.5947,0,326.982,0.24648054021322274,71.9102697791884,0.0,0.998,0.501,0.9999874986347665,0.004,,
2x2,2,2,dominant,1000000.0,1.0,log cells,600000.0,0.75,0.6729588508605957,1.0982,11.3994,0,275.172,0.04142645327286206,16.939222933797776,0.0,0.97,0.485,1.0,0.001,,
2x2,2,2,dominant,1000000.0,1.0,position logit,600000.0,0.75,0.059571027755737305,0.998595,860.677,0,5.364,160.45432513049963,14447.912557914664,0.0,0.938,0.469,1.0,0.004,0.03828300875039899,0.09270190778688507
2x2,2,2,dominant,1000000.0,1.0,odds-ratio logit,600000.0,0.75,0.05927538871765137,1.00277,767.57,0,5.808,132.15736914600552,12949.219171825163,0.0,0.97,0.485,1.0,0.001,0.02838698039051902,0.10059930505167092
2x2,2,2,dominant,1000000.0,1.0,adjusted row,600000.0,0.75,0.07909440994262695,1.00519,771.528,0,5.338,144.53503184713375,9754.519953554829,0.0,0.976,0.488,1.0,0.004,0.0422778047790737,0.11814651560600016
2x2,2,2,dominant,1000000.0,1.0,adjusted table,600000.0,0.75,0.17054367065429688,0.999704,959.382,0,5.402,177.59755646057013,5625.433041984476,0.0,0.99,0.495,1.0,0.001,0.03527281286817616,0.14333671484392543
2x2,2,2,dominant,1000000.0,2.0,ILR + log volume,2400000.0,0.75,0.7405593395233154,1.01759,76.6276,41,127.326,0.6018220944661735,103.47259957496964,0.0,0.99,0.495,1.0,0.195,,
2x2,2,2,dominant,1000000.0,2.0,log cells,2400000.0,0.75,0.23633551597595215,1.11336,29.1338,0,41.38,0.704055099081682,123.27305051757203,0.0,0.928,0.464,1.0,0.551,,
2x2,2,2,dominant,1000000.0,2.0,position logit,2400000.0,0.75,0.0797586441040039,1.00124,545.873,0,5.762,94.73672335994448,6844.060679970826,0.0,0.984,0.492,1.0,0.332,0.08122077223911432,0.270564281396542
2x2,2,2,dominant,1000000.0,2.0,odds-ratio logit,2400000.0,0.75,0.07029438018798828,1.00038,480.332,0,6.304,76.19479695431471,6833.149374323352,0.0,0.968,0.484,1.0,0.354,0.03847559512570406,0.23227311859865765
2x2,2,2,dominant,1000000.0,2.0,adjusted row,2400000.0,0.75,0.09083032608032227,0.999473,495.793,0,5.906,83.9473416864206,5458.452274646298,0.0,0.978,0.489,1.0,0.349,0.03495525887245682,0.26617459622121864
2x2,2,2,dominant,1000000.0,2.0,adjusted table,2400000.0,0.75,0.21823811531066895,1.001,445.967,0,6.25,71.35472,2043.488138472749,0.0,0.992,0.504,0.9999908725004277,0.342,0.04063532203989136,0.2711289835559513
2x2,2,2,cross,1000.0,1.0,ILR + log volume,750.0,0.75,0.10654401779174805,1.01642,147.846,0,24.58,6.014890154597234,1387.6518181338083,0.0,0.0,0.0,1.0,0.002,,
2x2,2,2,cross,1000.0,1.0,log cells,750.0,0.75,0.07118582725524902,1.04499,54.4689,0,17.582,3.097992264816289,765.1649506676714,0.0,0.0,0.0,1.0,0.003,,
2x2,2,2,cross,1000.0,1.0,position logit,750.0,0.75,0.06045222282409668,0.999128,897.309,0,5.262,170.52622576966934,14843.27553365542,0.0,0.0,0.0,1.0,0.001,0.05382770447520663,0.1333774895325758
2x2,2,2,cross,1000.0,1.0,odds-ratio logit,750.0,0.75,0.05976366996765137,1.00016,794.112,0,5.04,157.56190476190474,13287.53740240239,0.0,0.0,0.0,1.0,0.004,0.06805211820310894,0.14416204459368798
2x2,2,2,cross,1000.0,1.0,adjusted row,750.0,0.75,0.1184086799621582,1.00411,928.799,0,5.328,174.3241366366366,7844.011100341896,0.0,0.0,0.0,1.0,0.003,0.06611127916063678,0.13826142725186513
2x2,2,2,cross,1000.0,1.0,adjusted table,750.0,0.75,0.129608154296875,1.00493,658.709,0,5.7,115.56298245614033,5082.3113991052505,0.0,0.0,0.0,1.0,0.004,0.07069176551294339,0.1579490122814152
2x2,2,2,cross,1000.0,2.0,ILR + log volume,3000.0,0.75,0.21202826499938965,1.10811,11.6585,35,43.941,0.2653216813454405,54.98559354826377,0.0,0.0,0.0,1.0,0.099,,
2x2,2,2,cross,1000.0,2.0,log cells,3000.0,0.75,0.15312767028808594,1.04701,44.8801,0,36.972,1.2138942983879693,293.08941953838297,0.0,0.0,0.0,1.0,0.179,,
2x2,2,2,cross,1000.0,2.0,position logit,3000.0,0.75,0.05350303649902344,0.998537,810.849,0,5.552,146.04628962536026,15155.195911447008,0.0,0.0,0.0,1.0,0.127,0.08623997015546794,0.22303304505371077
2x2,2,2,cross,1000.0,2.0,odds-ratio logit,3000.0,0.75,0.05744147300720215,1.00249,727.445,0,5.568,130.6474497126437,12664.107689383092,0.0,0.0,0.0,1.0,0.113,0.10678416435051616,0.20775905831398553
2x2,2,2,cross,1000.0,2.0,adjusted row,3000.0,0.75,0.10193109512329102,1.00304,853.43,0,5.808,146.94042699724517,8372.616805183261,0.0,0.0,0.0,1.0,0.12,0.09175589971590759,0.22547243105186462
2x2,2,2,cross,1000.0,2.0,adjusted table,3000.0,0.75,0.14286208152770996,1.00067,853.384,0,5.318,160.47085370440016,5973.481492599386,0.0,0.0,0.0,1.0,0.125,0.0928581691415529,0.2632579189293368
2x2,2,2,cross,1000000.0,1.0,ILR + log volume,750000.0,0.75,0.8117337226867676,1.15181,7.95115,22,240.831,0.03301547558246239,9.795268790462949,0.0,0.0,0.0,1.0,0.0,,
2x2,2,2,cross,1000000.0,1.0,log cells,750000.0,0.75,0.6025609970092773,1.02067,79.343,0,255.114,0.3110099798521445,131.67629566767064,0.0,0.0,0.0,1.0,0.003,,
2x2,2,2,cross,1000000.0,1.0,position logit,750000.0,0.75,0.06040310859680176,0.99876,1052.39,0,5.44,193.45404411764707,17422.77880141623,0.0,0.0,0.0,1.0,0.003,0.05826158197574695,0.12398191922078755
2x2,2,2,cross,1000000.0,1.0,odds-ratio logit,750000.0,0.75,0.07113170623779297,1.00136,876.758,0,5.448,160.9320851688693,12325.839578049794,0.0,0.0,0.0,1.0,0.003,0.06153975925393198,0.13519620373662955
2x2,2,2,cross,1000000.0,1.0,adjusted row,750000.0,0.75,0.0853114128112793,1.00102,950.902,0,5.522,172.20246287576964,11146.246072650649,0.0,0.0,0.0,1.0,0.0,0.07321832837271317,0.14622851913235801
2x2,2,2,cross,1000000.0,1.0,adjusted table,750000.0,0.75,0.12447166442871094,1.00049,855.123,0,5.13,166.6906432748538,6870.021413506183,0.0,0.0,0.0,1.0,0.003,0.08361292487802521,0.15057339434526493
2x2,2,2,cross,1000000.0,2.0,ILR + log volume,3000000.0,0.75,1.185502529144287,1.48123,1.65696,10,238.827,0.006937909030386011,1.3976857571075936,0.0,0.0,0.0,1.0,0.091,,
2x2,2,2,cross,1000000.0,2.0,log cells,3000000.0,0.75,0.774329423904419,1.14848,20.6456,0,326.96,0.06314411548813312,26.662553898440564,0.0,0.0,0.0,1.0,0.108,,
2x2,2,2,cross,1000000.0,2.0,position logit,3000000.0,0.75,0.06399941444396973,1.00135,687.831,0,4.928,139.5760957792208,10747.457706854224,0.0,0.0,0.0,1.0,0.154,0.05225678100388165,0.22323676528811234
2x2,2,2,cross,1000000.0,2.0,odds-ratio logit,3000000.0,0.75,0.07832932472229004,1.00079,906.172,0,4.968,182.40177133655396,11568.745207656977,0.0,0.0,0.0,1.0,0.126,0.06630662665202051,0.20777504691605939
2x2,2,2,cross,1000000.0,2.0,adjusted row,3000000.0,0.75,0.10716462135314941,1.00051,802.013,0,5.266,152.30022787694645,7483.934435386591,0.0,0.0,0.0,1.0,0.123,0.10708521314313679,0.2355123373701133
2x2,2,2,cross,1000000.0,2.0,adjusted table,3000000.0,0.75,0.16834235191345215,1.00217,845.552,0,5.198,162.66871873797615,5022.812087327339,0.0,0.0,0.0,1.0,0.127,0.08199295485292171,0.22612018261934175
4x4,4,4,uniform,1000.0,1.0,ILR + log volume,250.0,0.4375,0.45372843742370605,1.00279,802.671,0,61.184,13.118969011506277,1769.0559678331124,0.40222222222222226,0.1671111111111111,0.08355555555555555,1.0,0.002,,
4x4,4,4,uniform,1000.0,1.0,log cells,250.0,0.4375,0.3088977336883545,1.00307,721.167,0,62.664,11.508473764841057,2334.646458518799,0.4033333333333333,0.16577777777777777,0.086,1.0,0.002111111111111111,,
4x4,4,4,uniform,1000.0,1.0,position logit,250.0,0.4375,0.15496158599853516,1.00194,665.305,0,10.472,63.53179908326967,4293.354354325524,0.3953333333333333,0.15377777777777776,0.08266666666666667,1.0,0.0017777777777777779,0.12305775314645426,0.3497081242633785
4x4,4,4,uniform,1000.0,1.0,odds-ratio logit,250.0,0.4375,0.16699647903442383,1.00327,811.322,0,10.652,76.16616597822006,4858.317999822967,0.39911111111111114,0.16977777777777778,0.08555555555555555,1.0,0.002777777777777778,0.09510810357604287,0.14003252627667143
4x4,4,4,uniform,1000.0,1.0,adjusted row,250.0,0.4375,0.44057559967041016,1.00501,519.374,0,10.316,50.34645211322218,1178.853300973858,0.40066666666666667,0.1622222222222222,0.084,1.0,0.0015555555555555555,0.07675348266785825,0.11948537547202928
4x4,4,4,uniform,1000.0,1.0,adjusted table,250.0,0.4375,0.7245442867279053,1.0063,425.414,0,12.812,33.20433968154855,587.146994038419,0.402,0.166,0.08322222222222223,1.0,0.003,0.06256650129725248,0.09777938349351561
4x4,4,4,uniform,1000.0,2.0,ILR + log volume,1000.0,0.4375,0.9257521629333496,1.02887,223.605,0,145.496,1.5368463737834714,241.53872813160106,0.4833333333333333,0.2102222222222222,0.1131111111111111,1.0,0.13522222222222222,,
4x4,4,4,uniform,1000.0,2.0,log cells,1000.0,0.4375,0.7256946563720703,1.01808,177.543,0,152.968,1.160654515977198,244.65248357702123,0.51,0.22244444444444442,0.11122222222222222,1.0,0.14822222222222223,,
4x4,4,4,uniform,1000.0,2.0,position logit,1000.0,0.4375,1.5575768947601318,1.00715,354.987,1,123.712,2.86946294619762,227.90977523756112,0.49600000000000005,0.21844444444444447,0.10922222222222222,1.0,0.13433333333333333,0.2139944466537034,0.6577504339047213
4x4,4,4,uniform,1000.0,2.0,odds-ratio logit,1000.0,0.4375,0.46865010261535645,1.00866,185.272,0,38.776,4.778007014648235,395.3311841095692,0.5128888888888888,0.2197777777777778,0.11144444444444444,1.0,0.1388888888888889,0.1979608416534841,0.5074588946611097
4x4,4,4,uniform,1000.0,2.0,adjusted row,1000.0,0.4375,0.5483007431030273,1.00357,411.611,0,17.968,22.908003116651823,750.7029767469365,0.5077777777777778,0.21911111111111112,0.10955555555555556,1.0,0.1408888888888889,0.13231069457496092,0.298576443124295
4x4,4,4,uniform,1000.0,2.0,adjusted table,1000.0,0.4375,1.0478522777557373,1.00958,207.663,0,16.144,12.863168979187316,198.1796522356827,0.5026666666666667,0.22444444444444445,0.11222222222222222,1.0,0.13422222222222221,0.1054905793452672,0.19837014254548027
4x4,4,4,uniform,1000000.0,1.0,ILR + log volume,250000.0,0.4375,5.575472593307495,1.00764,312.077,0,1005.508,0.3103674958329521,55.97319236661675,0.37555555555555553,0.1517777777777778,0.081,1.0,0.0016666666666666668,,
4x4,4,4,uniform,1000000.0,1.0,log cells,250000.0,0.4375,4.057982444763184,1.01935,238.409,0,1002.06,0.23791888709258927,58.75062380017593,0.384,0.15955555555555556,0.07977777777777778,1.0,0.0025555555555555557,,
4x4,4,4,uniform,1000000.0,1.0,position logit,250000.0,0.4375,0.1656804084777832,1.00534,665.86,0,11.272,59.072036905606815,4018.9422884558376,0.36822222222222223,0.15933333333333333,0.08588888888888889,1.0,0.001888888888888889,0.10556454778494553,0.314685718812842
4x4,4,4,uniform,1000000.0,1.0,odds-ratio logit,250000.0,0.4375,0.1691913604736328,1.00234,862.241,0,12.912,66.77826827757124,5096.2472172707285,0.3811111111111111,0.17066666666666666,0.08733333333333333,1.0,0.001888888888888889,0.08222158272552227,0.13385849933104327
4x4,4,4,uniform,1000000.0,1.0,adjusted row,250000.0,0.4375,0.2935357093811035,1.00365,601.472,0,11.104,54.1671469740634,2049.0590438490617,0.37844444444444447,0.16422222222222221,0.08211111111111111,1.0,0.002,0.07391218938954332,0.1156881594092523
4x4,4,4,uniform,1000000.0,1.0,adjusted table,250000.0,0.4375,0.767045259475708,1.00872,383.593,0,13.516,28.380659958567623,500.09174199472153,0.37599999999999995,0.1542222222222222,0.07711111111111112,1.0,0.0015555555555555555,0.061718908301854766,0.09367779915926878
4x4,4,4,uniform,1000000.0,2.0,ILR + log volume,1000000.0,0.4375,5.2868876457214355,1.3331,9.59296,0,1014.136,0.009459244125048318,1.8144815329607724,0.36533333333333334,0.18555555555555556,0.09277777777777778,1.0,0.206,,
4x4,4,4,uniform,1000000.0,2.0,log cells,1000000.0,0.4375,3.977132797241211,2.21137,1.31746,61,931.407,0.0014144836789931792,0.3312587401944117,0.45133333333333325,0.12644444444444444,0.06322222222222222,1.0,0.22922222222222222,,
4x4,4,4,uniform,1000000.0,2.0,position logit,1000000.0,0.4375,1.0645627975463867,1.01435,221.189,2,86.998,2.5424607462240507,207.7744972018544,0.4208888888888889,0.19066666666666665,0.09533333333333334,1.0,0.17444444444444446,0.2478495003890629,0.6991478910875014
4x4,4,4,uniform,1000000.0,2.0,odds-ratio logit,1000000.0,0.4375,0.5008525848388672,1.02101,226.74,0,43.696,5.189033321127792,452.7080559501278,0.4297777777777778,0.20733333333333334,0.10566666666666667,1.0,0.18444444444444444,0.2552433321927597,0.6571375216493035
4x4,4,4,uniform,1000000.0,2.0,adjusted row,1000000.0,0.4375,0.5796444416046143,1.00655,335.582,0,21.304,15.752065339842284,578.9445665536226,0.4275555555555555,0.20400000000000001,0.10222222222222223,1.0,0.17222222222222222,0.1581654901091464,0.2947876468689624
4x4,4,4,uniform,1000000.0,2.0,adjusted table,1000000.0,0.4375,1.0431180000305176,1.01441,168.944,0,15.712,10.75254582484725,161.96058355340176,0.41755555555555557,0.2111111111111111,0.10555555555555556,1.0,0.18233333333333332,0.11145987786315381,0.21789222007520387
4x4,4,4,geometric,1000.0,1.0,ILR + log volume,533.3333333333334,0.4375,0.3664107322692871,1.00936,389.649,0,52.848,7.373013169845595,1063.4213621058302,0.12622222222222224,0.006888888888888888,0.0034444444444444444,1.0,0.0015555555555555555,,
4x4,4,4,geometric,1000.0,1.0,log cells,533.3333333333334,0.4375,0.33822107315063477,1.00677,564.852,0,61.312,9.212747912317328,1670.0674347054353,0.11933333333333335,0.006000000000000001,0.003,1.0,0.003111111111111111,,
4x4,4,4,geometric,1000.0,1.0,position logit,533.3333333333334,0.4375,0.2101893424987793,1.00305,696.86,0,13.728,50.76194638694639,3315.3916926308816,0.11577777777777779,0.008666666666666668,0.004333333333333333,1.0,0.002111111111111111,0.08249067449912871,0.18383567028301132
4x4,4,4,geometric,1000.0,1.0,odds-ratio logit,533.3333333333334,0.4375,0.19367289543151855,1.00171,779.09,0,13.788,56.50493182477517,4022.7105515416897,0.11822222222222223,0.011333333333333332,0.005666666666666667,1.0,0.002,0.0873469037422431,0.12786911252966068
4x4,4,4,geometric,1000.0,1.0,adjusted row,533.3333333333334,0.4375,0.3610038757324219,1.00538,594.855,0,13.792,43.130437935034806,1647.7800932001903,0.12000000000000001,0.0071111111111111115,0.0035555555555555557,1.0,0.002,0.0601898978328593,0.09476324500281837
4x4,4,4,geometric,1000.0,1.0,adjusted table,533.3333333333334,0.4375,0.7598974704742432,1.00505,378.244,0,14.008,27.00199885779555,497.75662467193416,0.11555555555555556,0.009333333333333334,0.004666666666666667,1.0,0.0024444444444444444,0.060616571510245965,0.09695596421593562
4x4,4,4,geometric,1000.0,2.0,ILR + log volume,2133.3333333333335,0.4375,0.8108363151550293,1.02215,273.449,0,120.6,2.26740464344942,337.2431585624251,0.15955555555555556,0.10977777777777777,0.05488888888888889,1.0,0.11488888888888889,,
4x4,4,4,geometric,1000.0,2.0,log cells,2133.3333333333335,0.4375,0.6512546539306641,1.01327,203.825,0,119.232,1.7094823537305421,312.97281143375943,0.16777777777777778,0.0957777777777778,0.04788888888888889,1.0,0.10766666666666666,,
4x4,4,4,geometric,1000.0,2.0,position logit,2133.3333333333335,0.4375,1.0928938388824463,1.00288,387.291,2,80.717,4.798134222035011,354.37202244275596,0.16244444444444447,0.09911111111111112,0.049555555555555554,1.0,0.11011111111111112,0.20512384899938663,0.6659791396028816
4x4,4,4,geometric,1000.0,2.0,odds-ratio logit,2133.3333333333335,0.4375,0.3320469856262207,1.00696,179.813,0,21.456,8.380546234153616,541.5287829247522,0.17777777777777778,0.09199999999999998,0.046,1.0,0.114,0.14072531613385095,0.3270142074842785
4x4,4,4,geometric,1000.0,2.0,adjusted row,2133.3333333333335,0.4375,0.4530222415924072,1.00137,595.182,0,17.356,34.29257893523853,1313.8030439915942,0.15422222222222223,0.10355555555555557,0.05177777777777778,1.0,0.111,0.08346284355063217,0.17593173081986718
4x4,4,4,geometric,1000.0,2.0,adjusted table,2133.3333333333335,0.4375,1.203881025314331,1.00593,328.05,0,18.432,17.797851562500004,272.4937041966807,0.16155555555555556,0.09622222222222224,0.04811111111111111,1.0,0.11566666666666667,0.1005840074722413,0.16833500513908714
4x4,4,4,geometric,1000000.0,1.0,ILR + log volume,533333.3333333334,0.4375,5.125228404998779,1.02586,146.78,0,1002.656,0.14639118501260653,28.638723662898876,0.11933333333333335,0.0071111111111111115,0.0035555555555555557,1.0,0.003777777777777778,,
4x4,4,4,geometric,1000000.0,1.0,log cells,533333.3333333334,0.4375,3.826845407485962,1.01123,149.284,0,984.9,0.15157274850238603,39.00967614421399,0.10422222222222222,0.008,0.004,1.0,0.0023333333333333335,,
4x4,4,4,geometric,1000000.0,1.0,position logit,533333.3333333334,0.4375,0.1806023120880127,1.0067,847.673,0,13.992,60.5826901086335,4693.588859410087,0.11688888888888889,0.008888888888888887,0.0044444444444444444,1.0,0.0028888888888888888,0.08843672001987897,0.18919999481664623
4x4,4,4,geometric,1000000.0,1.0,odds-ratio logit,533333.3333333334,0.4375,0.19809508323669434,1.00242,697.729,0,13.216,52.794264527845044,3522.1924168926344,0.11288888888888889,0.006444444444444444,0.0032222222222222222,1.0,0.0033333333333333335,0.08561466215087005,0.11656402622734204
4x4,4,4,geometric,1000000.0,1.0,adjusted row,533333.3333333334,0.4375,0.34233593940734863,1.00477,565.035,0,14.0,40.35964285714285,1650.5278440183276,0.11622222222222223,0.005111111111111111,0.0025555555555555557,1.0,0.0036666666666666666,0.05978748322171619,0.09461292424104943
4x4,4,4,geometric,1000000.0,1.0,adjusted table,533333.3333333334,0.4375,0.8225655555725098,1.00328,448.973,0,15.384,29.18441237649506,545.8203263659789,0.11955555555555557,0.008666666666666666,0.004333333333333333,1.0,0.0025555555555555557,0.06578946783280576,0.11152329251586035
4x4,4,4,geometric,1000000.0,2.0,ILR + log volume,2133333.3333333335,0.4375,5.311074256896973,1.04576,35.9568,0,1010.176,0.03559458945767866,6.770155765249642,0.164,0.0628888888888889,0.03144444444444444,1.0,0.12633333333333333,,
4x4,4,4,geometric,1000000.0,2.0,log cells,2133333.3333333335,0.4375,3.965378999710083,1.15932,5.00932,0,1011.824,0.004950781954173848,1.2632638646561254,0.18533333333333332,0.08088888888888889,0.04044444444444444,1.0,0.12466666666666666,,
4x4,4,4,geometric,1000000.0,2.0,position logit,2133333.3333333335,0.4375,0.6464054584503174,1.0048,383.251,0,41.95,9.135899880810488,592.8956740538672,0.17155555555555557,0.0751111111111111,0.03755555555555556,1.0,0.115,0.1466733753153398,0.5826233560516973
4x4,4,4,geometric,1000000.0,2.0,odds-ratio logit,2133333.3333333335,0.4375,0.2887837886810303,1.01618,322.14,0,21.824,14.760813782991201,1115.5058304045335,0.16355555555555557,0.08266666666666667,0.04133333333333333,1.0,0.12855555555555556,0.14321012307824665,0.39094640269844433
4x4,4,4,geometric,1000000.0,2.0,adjusted row,2133333.3333333335,0.4375,0.4255945682525635,1.00421,548.552,0,16.904,32.45101751064837,1288.907427207739,0.16666666666666669,0.07577777777777778,0.03788888888888889,1.0,0.12333333333333334,0.10883812102770193,0.20601981587488669
4x4,4,4,geometric,1000000.0,2.0,adjusted table,2133333.3333333335,0.4375,1.0966577529907227,1.00392,378.979,0,19.04,19.904359243697478,345.5763650660171,0.1668888888888889,0.08155555555555555,0.04077777777777778,1.0,0.11744444444444445,0.11046997884310311,0.19939810238512634
4x4,4,4,dominant,1000.0,1.0,ILR + log volume,600.0,0.4375,0.40139174461364746,1.0044,467.775,0,58.616,7.980329602838815,1165.3827122185799,0.12511111111111112,0.026000000000000002,0.013,1.0,0.002111111111111111,,
4x4,4,4,dominant,1000.0,1.0,log cells,600.0,0.4375,0.30025315284729004,1.00511,425.388,0,50.952,8.348798869524257,1416.764473465343,0.1257777777777778,0.033777777777777775,0.016888888888888887,1.0,0.0033333333333333335,,
4x4,4,4,dominant,1000.0,1.0,position logit,600.0,0.4375,0.16450834274291992,1.0038,720.399,0,10.904,66.06740645634629,4379.103138409097,0.1348888888888889,0.03155555555555556,0.01577777777777778,1.0,0.0024444444444444444,0.10277409922317042,0.25047520518225597
4x4,4,4,dominant,1000.0,1.0,odds-ratio logit,600.0,0.4375,0.1583118438720703,1.00215,566.589,0,9.28,61.05484913793104,3578.9425866194388,0.13066666666666665,0.03266666666666667,0.01633333333333333,1.0,0.0024444444444444444,0.09252545902507146,0.15308399173448264
4x4,4,4,dominant,1000.0,1.0,adjusted row,600.0,0.4375,0.28735947608947754,1.00983,421.291,0,10.844,38.850147547030616,1466.0765871831527,0.134,0.028444444444444446,0.014222222222222223,1.0,0.0022222222222222222,0.06199027768591136,0.09784004178622205
4x4,4,4,dominant,1000.0,1.0,adjusted table,600.0,0.4375,0.8045392036437988,1.00316,385.434,0,15.16,25.424406332453827,479.0742306333239,0.1231111111111111,0.03288888888888889,0.016444444444444446,1.0,0.0032222222222222222,0.05723789096764276,0.08265504792994109
4x4,4,4,dominant,1000.0,2.0,ILR + log volume,2400.0,0.4375,0.9097874164581299,1.01306,369.037,0,133.496,2.7644049259902914,405.6299233470259,0.31266666666666665,0.16555555555555557,0.08277777777777778,1.0,0.12633333333333333,,
4x4,4,4,dominant,1000.0,2.0,log cells,2400.0,0.4375,0.6668548583984375,1.00497,315.054,0,130.0,2.4234923076923076,472.44763389241007,0.31177777777777776,0.15733333333333333,0.07866666666666666,1.0,0.12566666666666668,,
4x4,4,4,dominant,1000.0,2.0,position logit,2400.0,0.4375,0.9177334308624268,1.00752,324.166,1,54.325,5.96716060745513,353.22457382354446,0.31422222222222224,0.1731111111111111,0.08655555555555555,1.0,0.12611111111111112,0.22051733400139228,0.779513732478957
4x4,4,4,dominant,1000.0,2.0,odds-ratio logit,2400.0,0.4375,0.41193151473999023,1.00897,371.147,0,28.504,13.020874263261296,900.9920016298503,0.32422222222222224,0.16555555555555557,0.08277777777777778,1.0,0.1298888888888889,0.1710589426086573,0.3654753958325113
4x4,4,4,dominant,1000.0,2.0,adjusted row,2400.0,0.4375,0.45528459548950195,1.00381,516.718,0,15.648,33.0213445807771,1134.9340722684622,0.30200000000000005,0.1591111111111111,0.07955555555555556,1.0,0.11544444444444445,0.11302236732112284,0.2581026646386961
4x4,4,4,dominant,1000.0,2.0,adjusted table,2400.0,0.4375,1.1995224952697754,1.00697,318.044,0,17.24,18.44802784222738,265.14217220117337,0.3224444444444445,0.16044444444444445,0.08022222222222222,1.0,0.12833333333333333,0.09673585868200758,0.1960020040240417
4x4,4,4,dominant,1000000.0,1.0,ILR + log volume,600000.0,0.4375,5.501057863235474,1.04078,106.757,0,1007.712,0.10593999079101966,19.406630988827732,0.11666666666666667,0.030222222222222223,0.015111111111111112,1.0,0.0023333333333333335,,
4x4,4,4,dominant,1000000.0,1.0,log cells,600000.0,0.4375,3.5877015590667725,1.00673,328.364,0,977.744,0.3358384198726865,91.52489263499764,0.11777777777777779,0.027777777777777776,0.013888888888888888,1.0,0.002111111111111111,,
4x4,4,4,dominant,1000000.0,1.0,position logit,600000.0,0.4375,0.17099356651306152,1.00611,382.857,0,11.192,34.208095067905646,2239.0140623843595,0.11822222222222223,0.027555555555555555,0.013777777777777778,1.0,0.003111111111111111,0.08995557568492633,0.24493812815663374
4x4,4,4,dominant,1000000.0,1.0,odds-ratio logit,600000.0,0.4375,0.20294475555419922,1.00292,567.858,0,8.84,64.23733031674207,2798.091522243577,0.11466666666666667,0.026444444444444444,0.013222222222222222,1.0,0.0023333333333333335,0.0848676758615322,0.14598418355749515
4x4,4,4,dominant,1000000.0,1.0,adjusted row,600000.0,0.4375,0.3194293975830078,1.00182,637.211,0,11.092,57.44780021637216,1994.8414417129925,0.114,0.032,0.016,1.0,0.0035555555555555557,0.06234163666609079,0.09167223346605932
4x4,4,4,dominant,1000000.0,1.0,adjusted table,600000.0,0.4375,0.8421506881713867,1.00494,453.204,0,14.672,30.889040348964013,538.1507209642843,0.12088888888888889,0.03266666666666667,0.01633333333333333,1.0,0.004555555555555556,0.06114559473030437,0.09935854695314207
4x4,4,4,dominant,1000000.0,2.0,ILR + log volume,2400000.0,0.4375,5.382452487945557,1.18302,9.25246,0,1011.252,0.009149509716668051,1.7190044911165758,0.27799999999999997,0.13755555555555554,0.06877777777777777,1.0,0.16166666666666665,,
4x4,4,4,dominant,1000000.0,2.0,log cells,2400000.0,0.4375,3.761056661605835,1.18084,5.02819,0,1012.136,0.004967899570808666,1.3369088669494134,0.3088888888888889,0.164,0.082,1.0,0.14255555555555555,,
4x4,4,4,dominant,1000000.0,2.0,position logit,2400000.0,0.4375,1.1156389713287354,1.01258,367.037,2,96.281,3.8121436212752253,328.9926306203304,0.2777777777777778,0.1491111111111111,0.07455555555555556,1.0,0.1481111111111111,0.1948008964374499,0.7744354722159441
4x4,4,4,dominant,1000000.0,2.0,odds-ratio logit,2400000.0,0.4375,0.3981595039367676,1.01417,171.557,2,22.94,7.478509154315605,430.8750596274735,0.28022222222222226,0.154,0.077,1.0,0.15255555555555556,0.188523034083831,0.4670884743699644
4x4,4,4,dominant,1000000.0,2.0,adjusted row,2400000.0,0.4375,0.4603271484375,1.00313,469.812,0,16.608,28.28829479768786,1020.6045887032618,0.28933333333333333,0.156,0.078,1.0,0.14622222222222223,0.10688632288570654,0.21374591585678124
4x4,4,4,dominant,1000000.0,2.0,adjusted table,2400000.0,0.4375,1.2359645366668701,1.00497,260.03,0,17.32,15.01327944572748,210.38629530685793,0.2902222222222222,0.14200000000000002,0.071,1.0,0.14988888888888888,0.09991992841181307,0.19328461495741048
4x4,4,4,cross,1000.0,1.0,ILR + log volume,675.0,0.4375,0.4525611400604248,1.00431,308.317,0,51.832,5.948390955394351,681.2714851275881,0.2233333333333333,0.21333333333333332,0.26622222222222225,1.0,0.002777777777777778,,
4x4,4,4,cross,1000.0,1.0,log cells,675.0,0.4375,0.3166649341583252,1.01287,247.466,0,53.428,4.631766115145617,781.4758544634838,0.2164444444444444,0.20244444444444445,0.2707777777777778,1.0,0.0036666666666666666,,
4x4,4,4,cross,1000.0,1.0,position logit,675.0,0.4375,0.2786593437194824,1.00279,518.085,0,20.776,24.936705814401233,1859.205555732378,0.2162222222222222,0.22177777777777777,0.2677777777777778,1.0,0.0036666666666666666,0.1409090990110416,0.4371126699274483
4x4,4,4,cross,1000.0,1.0,odds-ratio logit,675.0,0.4375,0.22943735122680664,1.0062,508.429,0,17.376,29.260416666666664,2215.981823715357,0.23022222222222222,0.20622222222222222,0.2668888888888889,1.0,0.004,0.10691442216197361,0.17376960196083494
4x4,4,4,cross,1000.0,1.0,adjusted row,675.0,0.4375,0.43813610076904297,1.00185,695.121,0,19.144,36.31012327622232,1586.5412568831503,0.21111111111111114,0.20800000000000002,0.2624444444444444,1.0,0.0028888888888888888,0.06864646885528895,0.1122269223560749
4x4,4,4,cross,1000.0,1.0,adjusted table,675.0,0.4375,0.9919545650482178,1.00557,359.284,0,17.112,20.99602618045816,362.19804077673217,0.21977777777777777,0.20933333333333334,0.26511111111111113,1.0,0.004333333333333333,0.058847370312467326,0.10350994036032672
4x4,4,4,cross,1000.0,2.0,ILR + log volume,2700.0,0.4375,0.9090168476104736,1.0316,172.047,0,133.52,1.2885485320551227,189.26711914334567,0.4195555555555555,0.3062222222222222,0.25266666666666665,1.0,0.10711111111111112,,
4x4,4,4,cross,1000.0,2.0,log cells,2700.0,0.4375,0.7901370525360107,1.01596,126.445,0,168.32,0.7512179182509505,160.0291994840189,0.4193333333333334,0.3148888888888889,0.25522222222222224,1.0,0.1,,
4x4,4,4,cross,1000.0,2.0,position logit,2700.0,0.4375,2.5312747955322266,1.00853,272.085,0,150.608,1.8065773398491447,107.48931743018889,0.41555555555555557,0.3093333333333333,0.24622222222222223,1.0,0.111,0.3800342746790438,0.9158478107163759
4x4,4,4,cross,1000.0,2.0,odds-ratio logit,2700.0,0.4375,0.5734353065490723,1.01253,193.294,0,43.644,4.428879112821924,337.08074440557436,0.4015555555555556,0.3153333333333333,0.24544444444444444,1.0,0.10577777777777778,0.1845671185376253,0.43540896391064465
4x4,4,4,cross,1000.0,2.0,adjusted row,2700.0,0.4375,0.6805727481842041,1.01488,218.491,0,25.696,8.502918742216687,321.0398896854788,0.4162222222222222,0.3024444444444445,0.23677777777777778,1.0,0.11222222222222222,0.10652530457933918,0.21383955100023488
4x4,4,4,cross,1000.0,2.0,adjusted table,2700.0,0.4375,1.5700900554656982,1.00276,406.941,0,24.368,16.69981122783979,259.1832223784761,0.4391111111111111,0.32266666666666666,0.25244444444444447,1.0,0.10077777777777777,0.1023007267452671,0.17431275289774828
4x4,4,4,cross,1000000.0,1.0,ILR + log volume,675000.0,0.4375,5.028925180435181,1.01394,125.172,0,1009.496,0.12399454777433491,24.890408090972667,0.19644444444444442,0.19866666666666666,0.2628888888888889,1.0,0.006,,
4x4,4,4,cross,1000000.0,1.0,log cells,675000.0,0.4375,3.895477294921875,1.02107,50.9596,0,990.056,0.05147143191900256,13.081734571121922,0.20955555555555555,0.22733333333333336,0.2581111111111111,1.0,0.005333333333333333,,
4x4,4,4,cross,1000000.0,1.0,position logit,675000.0,0.4375,0.2617659568786621,1.00381,594.737,0,16.496,36.05340688651795,2272.018130591679,0.21,0.21044444444444446,0.25966666666666666,1.0,0.003777777777777778,0.12484779459768594,0.3492458584754688
4x4,4,4,cross,1000000.0,1.0,odds-ratio logit,675000.0,0.4375,0.22506284713745117,1.00912,499.613,0,17.8,28.06814606741573,2219.882163380234,0.19244444444444445,0.20044444444444443,0.2688888888888889,1.0,0.004555555555555556,0.09537989814171897,0.17979549317808713
4x4,4,4,cross,1000000.0,1.0,adjusted row,675000.0,0.4375,0.41242480278015137,1.00466,484.285,0,17.64,27.453798185941043,1174.2383017108568,0.1971111111111111,0.20377777777777778,0.26944444444444443,1.0,0.004888888888888889,0.07271496408012462,0.1175487508845263
4x4,4,4,cross,1000000.0,1.0,adjusted table,675000.0,0.4375,0.9933431148529053,1.00162,307.971,0,20.576,14.967486391912908,310.0348664978712,0.19488888888888886,0.20844444444444443,0.2648888888888889,1.0,0.004888888888888889,0.060647721548703806,0.09342279573442297
4x4,4,4,cross,1000000.0,2.0,ILR + log volume,2700000.0,0.4375,5.160580396652222,1.1425,4.2669,0,1012.72,0.004213306738288964,0.8268256033309797,0.42288888888888887,0.30577777777777776,0.24244444444444443,1.0,0.08555555555555555,,
4x4,4,4,cross,1000000.0,2.0,log cells,2700000.0,0.4375,4.0870585441589355,2.67755,3.23332,0,1005.536,0.003215518887439137,0.7911117408927099,0.3548888888888889,0.2806666666666667,0.2441111111111111,1.0,0.105,,
4x4,4,4,cross,1000000.0,2.0,position logit,2700000.0,0.4375,1.9461193084716797,1.0078,329.596,0,155.84,2.1149640657084188,169.36063403987154,0.4128888888888889,0.32155555555555554,0.245,1.0,0.09944444444444445,0.4579511978805246,0.8655901529235837
4x4,4,4,cross,1000000.0,2.0,odds-ratio logit,2700000.0,0.4375,0.6866285800933838,1.00424,178.053,1,59.557,2.989623385999966,259.31486856516256,0.4095555555555555,0.3262222222222222,0.2544444444444444,1.0,0.09355555555555556,0.19144074225526378,0.477218846176712
4x4,4,4,cross,1000000.0,2.0,adjusted row,2700000.0,0.4375,0.5004773139953613,1.00732,270.302,0,17.448,15.491861531407611,540.088416480163,0.4097777777777778,0.3068888888888889,0.25344444444444447,1.0,0.10044444444444445,0.11179884537464935,0.2584115484643173
4x4,4,4,cross,1000000.0,2.0,adjusted table,2700000.0,0.4375,1.4468543529510498,1.0074,302.33,0,21.888,13.812591374269005,208.9567615312199,0.40444444444444444,0.3075555555555555,0.2457777777777778,1.0,0.10633333333333334,0.09389974503135139,0.1859616792905888
3x8,3,8,uniform,1000.0,1.0,ILR + log volume,333.3333333333333,0.4166666666666667,0.5636506080627441,1.00689,809.213,0,55.84,14.491636819484238,1435.6642012349616,0.203,0.10642857142857143,0.056928571428571426,1.0,0.0018571428571428571,,
3x8,3,8,uniform,1000.0,1.0,log cells,333.3333333333333,0.4166666666666667,0.46692538261413574,1.00325,926.076,0,58.08,15.944834710743802,1983.349019955301,0.21271428571428572,0.11714285714285713,0.05857142857142857,1.0,0.0014285714285714286,,
3x8,3,8,uniform,1000.0,1.0,position logit,333.3333333333333,0.4166666666666667,0.32196640968322754,1.00109,733.988,0,14.728,49.83623030961434,2279.703652073977,0.20242857142857143,0.10885714285714286,0.05442857142857143,1.0,0.0015,0.09238178544573487,0.22160283967030492
3x8,3,8,uniform,1000.0,1.0,odds-ratio logit,333.3333333333333,0.4166666666666667,0.2454383373260498,1.00661,628.289,0,12.888,48.74992240844196,2559.864961786131,0.20500000000000002,0.10971428571428572,0.05671428571428572,1.0,0.0017142857142857142,0.06882369999888155,0.10964493036173249
3x8,3,8,uniform,1000.0,1.0,adjusted row,333.3333333333333,0.4166666666666667,0.32993364334106445,1.00321,249.309,0,9.992,24.95086068855084,755.6337616115135,0.2012857142857143,0.113,0.0565,1.0,0.0015714285714285715,0.057571978067829134,0.08967111980284465
3x8,3,8,uniform,1000.0,1.0,adjusted table,333.3333333333333,0.4166666666666667,1.3936009407043457,1.00212,261.606,0,14.704,17.791485310119693,187.71944848701136,0.2087142857142857,0.111,0.05678571428571429,1.0,0.002,0.052336450582722044,0.08254387336294408
3x8,3,8,uniform,1000.0,2.0,ILR + log volume,1333.3333333333333,0.4166666666666667,1.1274006366729736,1.0036,681.726,0,125.464,5.433638334502327,604.6883226993857,0.2635714285714285,0.16471428571428573,0.08235714285714285,1.0,0.11907142857142858,,
3x8,3,8,uniform,1000.0,2.0,log cells,1333.3333333333333,0.4166666666666667,0.8296313285827637,1.00257,615.745,0,135.976,4.528335882802848,742.1911140359902,0.26157142857142857,0.1437142857142857,0.077,1.0,0.118,,
3x8,3,8,uniform,1000.0,2.0,position logit,1333.3333333333333,0.4166666666666667,1.8398735523223877,1.00794,610.506,0,123.64,4.937770947913297,331.81954228831995,0.25914285714285706,0.15014285714285713,0.07907142857142857,1.0,0.11657142857142858,0.18140504630264945,0.6429442449602392
3x8,3,8,uniform,1000.0,2.0,odds-ratio logit,1333.3333333333333,0.4166666666666667,0.47283196449279785,1.01082,231.212,2,24.01,9.629820907955018,488.9940134398883,0.25885714285714284,0.1484285714285714,0.07421428571428572,1.0,0.11578571428571428,0.14068994283061884,0.3376211592902654
3x8,3,8,uniform,1000.0,2.0,adjusted row,1333.3333333333333,0.4166666666666667,0.4151928424835205,1.00294,362.267,0,16.968,21.350011786892974,872.5270836391617,0.26942857142857146,0.1542857142857143,0.07714285714285714,1.0,0.11607142857142858,0.09712209885131605,0.1705275355572836
3x8,3,8,uniform,1000.0,2.0,adjusted table,1333.3333333333333,0.4166666666666667,1.7077040672302246,1.00884,206.099,0,17.264,11.938079240037071,120.68777252154585,0.2697142857142857,0.15,0.07785714285714286,1.0,0.11285714285714285,0.09753794568924218,0.1674665811084014
3x8,3,8,uniform,1000000.0,1.0,ILR + log volume,333333.3333333333,0.4166666666666667,6.515111923217773,1.00986,477.676,0,1021.312,0.4677082027823035,73.31815717512322,0.1977142857142857,0.11242857142857143,0.05621428571428572,1.0,0.0025,,
3x8,3,8,uniform,1000000.0,1.0,log cells,333333.3333333333,0.4166666666666667,5.081604957580566,1.0188,293.659,0,1020.048,0.28788743274826284,57.78863222374841,0.20542857142857146,0.10857142857142857,0.054285714285714284,1.0,0.0019285714285714286,,
3x8,3,8,uniform,1000000.0,1.0,position logit,333333.3333333333,0.4166666666666667,0.2575066089630127,1.00219,829.306,0,14.952,55.46455323702515,3220.523167695158,0.19914285714285715,0.11171428571428572,0.055857142857142855,1.0,0.002,0.0892284557877061,0.23417603887242636
3x8,3,8,uniform,1000000.0,1.0,odds-ratio logit,333333.3333333333,0.4166666666666667,0.19287514686584473,1.0063,718.498,0,8.944,80.33296064400716,3725.197422660966,0.19757142857142856,0.10614285714285714,0.05607142857142857,1.0,0.0017857142857142857,0.07674856476099368,0.1248411891253597
3x8,3,8,uniform,1000000.0,1.0,adjusted row,333333.3333333333,0.4166666666666667,0.3347632884979248,1.00722,238.01,0,11.424,20.83420868347339,710.9799914678381,0.19828571428571426,0.10671428571428572,0.05878571428571429,1.0,0.002857142857142857,0.06370878305913805,0.09331867379138331
3x8,3,8,uniform,1000000.0,1.0,adjusted table,333333.3333333333,0.4166666666666667,1.1550474166870117,1.00592,288.905,0,13.364,21.618153247530675,250.12393069425462,0.20314285714285715,0.11057142857142857,0.057,1.0,0.001642857142857143,0.05571223956263442,0.07432581627529213
3x8,3,8,uniform,1000000.0,2.0,ILR + log volume,1333333.3333333333,0.4166666666666667,7.125090599060059,1.04232,51.6673,0,1020.056,0.050651434823186174,7.2514586701277794,0.24271428571428572,0.1551428571428571,0.08428571428571428,1.0,0.11292857142857143,,
3x8,3,8,uniform,1000000.0,2.0,log cells,1333333.3333333333,0.4166666666666667,5.273443222045898,1.06294,50.061,0,1021.352,0.049014443600247516,9.493038588282781,0.2595714285714285,0.14414285714285713,0.0735,1.0,0.10985714285714286,,
3x8,3,8,uniform,1000000.0,2.0,position logit,1333333.3333333333,0.4166666666666667,1.794029951095581,1.00963,376.551,0,118.424,3.179684861176788,209.89114466569927,0.26199999999999996,0.1504285714285714,0.07521428571428572,1.0,0.11985714285714286,0.18298503857913562,0.6133726639884967
3x8,3,8,uniform,1000000.0,2.0,odds-ratio logit,1333333.3333333333,0.4166666666666667,0.5499475002288818,1.00809,360.427,0,29.432,12.2460926882305,655.3843773269166,0.26985714285714285,0.1462857142857143,0.07885714285714286,1.0,0.12192857142857143,0.15169600509113207,0.3424477639343026
3x8,3,8,uniform,1000000.0,2.0,adjusted row,1333333.3333333333,0.4166666666666667,0.5651395320892334,1.0093,357.398,0,16.176,22.09433728981207,632.4066530592098,0.25985714285714284,0.14742857142857144,0.07385714285714286,1.0,0.11321428571428571,0.09546286682991481,0.17306943466757205
3x8,3,8,uniform,1000000.0,2.0,adjusted table,1333333.3333333333,0.4166666666666667,1.6168293952941895,1.01682,240.417,0,18.208,13.203921353251319,148.69657905759132,0.2691428571428572,0.14885714285714285,0.07442857142857143,1.0,0.11428571428571428,0.08756406286810917,0.16095111568435588
3x8,3,8,geometric,1000.0,1.0,ILR + log volume,571.4285714285714,0.4166666666666667,0.5358419418334961,1.01068,303.212,0,44.276,6.848224771885445,565.8608935360608,0.20942857142857146,0.0007142857142857143,0.00035714285714285714,1.0,0.008642857142857143,,
3x8,3,8,geometric,1000.0,1.0,log cells,571.4285714285714,0.4166666666666667,0.3423457145690918,1.00999,281.871,0,52.232,5.3965193750957265,823.35191592741,0.1987142857142857,0.00028571428571428574,0.00014285714285714287,1.0,0.01107142857142857,,
3x8,3,8,geometric,1000.0,1.0,position logit,571.4285714285714,0.4166666666666667,0.625732421875,1.00984,283.326,6,44.798,6.324523416223939,452.79098556379245,0.1985714285714286,0.0005714285714285715,0.00028571428571428574,1.0,0.010714285714285714,0.07947231523144477,0.3794715777594866
3x8,3,8,geometric,1000.0,1.0,odds-ratio logit,571.4285714285714,0.4166666666666667,0.5971181392669678,1.00524,198.097,0,38.024,5.209788554597097,331.7551200892795,0.2025714285714286,0.001,0.0005,1.0,0.011285714285714286,0.07665810301724518,0.13584912449318404
3x8,3,8,geometric,1000.0,1.0,adjusted row,571.4285714285714,0.4166666666666667,0.9297335147857666,1.00417,261.028,0,37.848,6.896744874233778,280.7557174704488,0.20057142857142857,0.0004285714285714286,0.00021428571428571427,1.0,0.009928571428571429,0.05509286114700106,0.09241278149887226
3x8,3,8,geometric,1000.0,1.0,adjusted table,571.4285714285714,0.4166666666666667,3.40653395652771,1.02042,212.712,0,45.256,4.700194449354782,62.442354227056626,0.20342857142857146,0.0007142857142857143,0.00035714285714285714,1.0,0.011357142857142857,0.055230100165233414,0.08386073602875346
3x8,3,8,geometric,1000.0,2.0,ILR + log volume,2285.714285714286,0.4166666666666667,1.2683467864990234,1.00545,258.581,0,125.864,2.05444765778936,203.87247616541276,0.2951428571428572,0.03200000000000001,0.016,1.0,0.13414285714285715,,
3x8,3,8,geometric,1000.0,2.0,log cells,2285.714285714286,0.4166666666666667,0.7498769760131836,1.01063,269.411,0,125.4,2.14841307814992,359.27359902734696,0.294,0.033999999999999996,0.017,1.0,0.14,,
3x8,3,8,geometric,1000.0,2.0,position logit,2285.714285714286,0.4166666666666667,8.892029762268066,1.00595,299.767,6,584.886,0.512522098323434,33.711875467625426,0.30314285714285705,0.03942857142857143,0.019714285714285715,1.0,0.13307142857142856,0.1783468323658407,0.9158123771822768
3x8,3,8,geometric,1000.0,2.0,odds-ratio logit,2285.714285714286,0.4166666666666667,1.5165951251983643,1.01417,164.865,1,82.891,1.9889372790773425,108.70732554836371,0.28385714285714286,0.03542857142857143,0.017714285714285714,1.0,0.13492857142857143,0.1426355095580658,0.3557117887668536
3x8,3,8,geometric,1000.0,2.0,adjusted row,2285.714285714286,0.4166666666666667,1.5885775089263916,1.0037,223.169,1,64.726,3.447903470012051,140.48354502439375,0.30128571428571427,0.030999999999999996,0.0155,1.0,0.1392142857142857,0.0872536553231765,0.16288784618389512
3x8,3,8,geometric,1000.0,2.0,adjusted table,2285.714285714286,0.4166666666666667,5.622092962265015,1.00759,274.441,0,66.824,4.106922662516461,48.81473889564321,0.2902857142857143,0.031285714285714285,0.015642857142857142,1.0,0.1397142857142857,0.08004968123914274,0.16955115782598704
3x8,3,8,geometric,1000000.0,1.0,ILR + log volume,571428.5714285714,0.4166666666666667,6.836162328720093,1.00967,213.623,0,1022.104,0.20900319341280338,31.24896538845001,0.20085714285714282,0.0008571428571428572,0.00042857142857142855,1.0,0.009428571428571429,,
3x8,3,8,geometric,1000000.0,1.0,log cells,571428.5714285714,0.4166666666666667,4.880052804946899,1.0111,198.093,0,1021.88,0.19385152855521195,40.59238863136758,0.207,0.00014285714285714287,7.142857142857143e-05,1.0,0.01,,
3x8,3,8,geometric,1000000.0,1.0,position logit,571428.5714285714,0.4166666666666667,0.6143004894256592,1.00238,483.846,0,35.64,13.575925925925926,787.6373343807235,0.20242857142857146,0.0,0.0,1.0,0.0105,0.08229381537059802,0.26674526478460925
3x8,3,8,geometric,1000000.0,1.0,odds-ratio logit,571428.5714285714,0.4166666666666667,0.6076126098632812,1.00601,279.052,0,37.992,7.345020004211414,459.25972481510786,0.19814285714285715,0.0,0.0,1.0,0.0115,0.0726565164746609,0.13100469562569855
3x8,3,8,geometric,1000000.0,1.0,adjusted row,571428.5714285714,0.4166666666666667,1.1701223850250244,1.01552,224.073,0,45.096,4.968799893560405,191.49535370627743,0.20442857142857146,0.00028571428571428574,0.00014285714285714287,1.0,0.010142857142857143,0.05279913980819163,0.078973786069818
3x8,3,8,geometric,1000000.0,1.0,adjusted table,571428.5714285714,0.4166666666666667,3.18680739402771,1.0048,289.394,0,43.32,6.6803785780240075,90.81000644794025,0.20271428571428576,0.0007142857142857143,0.00035714285714285714,1.0,0.010714285714285714,0.05712445877117857,0.08846768660911447
3x8,3,8,geometric,1000000.0,2.0,ILR + log volume,2285714.2857142854,0.4166666666666667,6.9155659675598145,1.23772,9.39192,0,1023.0,0.009180762463343109,1.358084073531581,0.2454285714285714,0.032285714285714286,0.016142857142857143,1.0,0.15271428571428572,,
3x8,3,8,geometric,1000000.0,2.0,log cells,2285714.2857142854,0.4166666666666667,4.938296794891357,1.07974,15.4824,0,1022.072,0.015148052192017784,3.135170007605955,0.3175714285714286,0.025142857142857137,0.012571428571428572,1.0,0.13692857142857143,,
3x8,3,8,geometric,1000000.0,2.0,position logit,2285714.2857142854,0.4166666666666667,3.2926807403564453,1.01249,486.422,2,192.597,2.525594895039902,147.72826106042183,0.29442857142857143,0.03328571428571429,0.016642857142857143,1.0,0.1427142857142857,0.18438719050194646,0.7514122196858194
3x8,3,8,geometric,1000000.0,2.0,odds-ratio logit,2285714.2857142854,0.4166666666666667,1.0533690452575684,1.0309,192.838,0,63.168,3.052779888551165,183.06784395097495,0.28500000000000003,0.02985714285714286,0.014928571428571428,1.0,0.14357142857142857,0.13202765502355848,0.36492951388226563
3x8,3,8,geometric,1000000.0,2.0,adjusted row,2285714.2857142854,0.4166666666666667,1.1265475749969482,1.00829,198.074,0,41.112,4.81791204514497,175.82391049977323,0.28371428571428575,0.03171428571428571,0.015857142857142858,1.0,0.13857142857142857,0.08732120916428031,0.1440730944403554
3x8,3,8,geometric,1000000.0,2.0,adjusted table,2285714.2857142854,0.4166666666666667,4.66158390045166,1.00355,272.24,0,52.792,5.156841945749356,58.400750863590105,0.3048571428571428,0.027571428571428573,0.013785714285714287,1.0,0.1397857142857143,0.09034232849996623,0.15723100414163993
3x8,3,8,dominant,1000.0,1.0,ILR + log volume,600.0,0.4166666666666667,0.5130071640014648,1.00288,363.035,0,51.288,7.0783614100764325,707.6606828807627,0.3552857142857143,0.04228571428571428,0.021142857142857144,1.0,0.0057857142857142855,,
3x8,3,8,dominant,1000.0,1.0,log cells,600.0,0.4166666666666667,0.27484726905822754,1.00436,410.065,0,33.672,12.178219291993349,1491.9740749293237,0.3574285714285714,0.044571428571428574,0.022285714285714287,1.0,0.0054285714285714284,,
3x8,3,8,dominant,1000.0,1.0,position logit,600.0,0.4166666666666667,0.3489377498626709,1.00249,359.808,1,16.182,22.235076010381906,1031.1524050969183,0.3485714285714286,0.04471428571428571,0.022357142857142857,1.0,0.007857142857142858,0.11572990168932716,0.3131572001836844
3x8,3,8,dominant,1000.0,1.0,odds-ratio logit,600.0,0.4166666666666667,0.253887414932251,1.00337,774.827,0,14.376,53.89725932109071,3051.852728528352,0.3465714285714286,0.04142857142857143,0.020714285714285713,1.0,0.005142857142857143,0.0764723985268979,0.1116140927544034
3x8,3,8,dominant,1000.0,1.0,adjusted row,600.0,0.4166666666666667,0.3727543354034424,1.00332,240.596,0,11.448,21.01642208245982,645.4545987764201,0.3568571428571428,0.04371428571428571,0.021857142857142856,1.0,0.006285714285714286,0.05061485723526374,0.08030866521740959
3x8,3,8,dominant,1000.0,1.0,adjusted table,600.0,0.4166666666666667,1.4153215885162354,1.00707,310.749,0,18.344,16.940089402529438,219.5607009187053,0.3448571428571428,0.04014285714285715,0.02007142857142857,1.0,0.006714285714285714,0.05170889353276657,0.08501506944138082
3x8,3,8,dominant,1000.0,2.0,ILR + log volume,2400.0,0.4166666666666667,1.0486629009246826,1.00779,286.157,0,125.32,2.283410469198851,272.87796654928337,0.37599999999999995,0.1437142857142857,0.07185714285714286,1.0,0.11385714285714285,,
3x8,3,8,dominant,1000.0,2.0,log cells,2400.0,0.4166666666666667,0.7647697925567627,1.00388,405.917,0,110.024,3.689349596451683,530.7701794064676,0.3817142857142857,0.14514285714285716,0.07257142857142856,1.0,0.11471428571428571,,
3x8,3,8,dominant,1000.0,2.0,position logit,2400.0,0.4166666666666667,3.4560444355010986,1.01217,245.723,0,173.24,1.4183964442392056,71.0994909312768,0.39285714285714285,0.13857142857142857,0.06928571428571428,1.0,0.11021428571428571,0.2953687742102714,0.7559260919463137
3x8,3,8,dominant,1000.0,2.0,odds-ratio logit,2400.0,0.4166666666666667,0.5946059226989746,1.06906,27.8874,2,30.489,0.9146708649020958,46.900642821410784,0.37642857142857145,0.13028571428571428,0.06514285714285714,1.0,0.13164285714285714,0.16589692867654018,0.34687420976952765
3x8,3,8,dominant,1000.0,2.0,adjusted row,2400.0,0.4166666666666667,0.5321018695831299,1.00319,398.309,0,17.768,22.41721071589374,748.5577908456728,0.37928571428571434,0.1402857142857143,0.07014285714285715,1.0,0.11271428571428571,0.08325839978512231,0.14629171230157875
3x8,3,8,dominant,1000.0,2.0,adjusted table,2400.0,0.4166666666666667,1.9331810474395752,1.00455,252.032,0,21.632,11.650887573964496,130.3716484981098,0.36714285714285705,0.13814285714285715,0.06907142857142858,1.0,0.11135714285714286,0.08308577328973779,0.13988729263370123
3x8,3,8,dominant,1000000.0,1.0,ILR + log volume,600000.0,0.4166666666666667,6.6828858852386475,1.00587,165.131,0,1018.032,0.16220609961180002,24.709534598629936,0.3548571428571429,0.04242857142857143,0.021214285714285713,1.0,0.005642857142857143,,
3x8,3,8,dominant,1000000.0,1.0,log cells,600000.0,0.4166666666666667,4.513597249984741,1.00513,505.748,0,997.384,0.5070745069100767,112.04987330265449,0.3418571428571429,0.04242857142857143,0.021214285714285713,1.0,0.005142857142857143,,
3x8,3,8,dominant,1000000.0,1.0,position logit,600000.0,0.4166666666666667,0.3368418216705322,1.00555,371.279,0,15.856,23.415678607467203,1102.2354592392362,0.33285714285714285,0.038571428571428576,0.019285714285714285,1.0,0.0054285714285714284,0.10728718999210674,0.2584478417694088
3x8,3,8,dominant,1000000.0,1.0,odds-ratio logit,600000.0,0.4166666666666667,0.2145545482635498,1.00335,629.552,0,12.496,50.38028169014085,2934.2281722533553,0.34242857142857147,0.038714285714285715,0.019357142857142857,1.0,0.005142857142857143,0.08372063068730323,0.13224377611953225
3x8,3,8,dominant,1000000.0,1.0,adjusted row,600000.0,0.4166666666666667,0.3610222339630127,1.00885,363.709,0,14.84,24.50869272237197,1007.4421068406068,0.3435714285714286,0.03885714285714286,0.019428571428571427,1.0,0.0055,0.04969069891871586,0.0817717151670553
3x8,3,8,dominant,1000000.0,1.0,adjusted table,600000.0,0.4166666666666667,1.3652293682098389,1.02078,229.87,0,18.448,12.460429314830876,168.37463751707725,0.33371428571428574,0.034999999999999996,0.0175,1.0,0.005357142857142857,0.051983279329238644,0.08207716494488826
3x8,3,8,dominant,1000000.0,2.0,ILR + log volume,2400000.0,0.4166666666666667,6.422983884811401,1.18065,23.9852,0,1020.648,0.02349997256644798,3.734276845488968,0.36214285714285716,0.12328571428571429,0.061642857142857145,1.0,0.11428571428571428,,
3x8,3,8,dominant,1000000.0,2.0,log cells,2400000.0,0.4166666666666667,4.876306056976318,1.0463,66.3278,0,1020.296,0.06500838972219826,13.602058448547893,0.3841428571428572,0.1317142857142857,0.06585714285714285,1.0,0.11107142857142857,,
3x8,3,8,dominant,1000000.0,2.0,position logit,2400000.0,0.4166666666666667,3.3160200119018555,1.01127,237.009,0,197.296,1.2012863920201118,71.47393536508451,0.3677142857142857,0.12928571428571428,0.06464285714285714,1.0,0.112,0.23672115649459913,0.7473646121911789
3x8,3,8,dominant,1000000.0,2.0,odds-ratio logit,2400000.0,0.4166666666666667,0.5614447593688965,1.00438,353.192,1,29.149,12.116779306322687,629.0770269135876,0.36842857142857144,0.12385714285714286,0.06192857142857143,1.0,0.11214285714285714,0.15666807031081878,0.27209250899519777
3x8,3,8,dominant,1000000.0,2.0,adjusted row,2400000.0,0.4166666666666667,0.46039438247680664,1.00777,265.678,0,17.448,15.226845483723062,577.06612007453,0.3777142857142857,0.12714285714285714,0.06357142857142857,1.0,0.11442857142857144,0.08321062733339472,0.15434394411257885
3x8,3,8,dominant,1000000.0,2.0,adjusted table,2400000.0,0.4166666666666667,1.882838487625122,1.00856,222.447,0,20.912,10.637289594491202,118.14449378532662,0.38185714285714284,0.12585714285714286,0.06292857142857143,1.0,0.10735714285714286,0.08049273569544504,0.13490809152434047
3x8,3,8,cross,1000.0,1.0,ILR + log volume,666.7682926829268,0.4166666666666667,0.6072418689727783,1.00323,588.301,0,59.832,9.83254780050809,968.8083613127352,0.013999999999999997,0.019142857142857145,0.08028571428571428,1.0,0.003785714285714286,,
3x8,3,8,cross,1000.0,1.0,log cells,666.7682926829268,0.4166666666666667,0.4043552875518799,1.01658,335.762,0,59.544,5.638888888888889,830.3638170106057,0.01557142857142857,0.019,0.08021428571428571,1.0,0.0032142857142857142,,
3x8,3,8,cross,1000.0,1.0,position logit,666.7682926829268,0.4166666666666667,1.028641700744629,1.00411,391.219,0,55.288,7.076020112863551,380.3258216313789,0.017142857142857144,0.017142857142857144,0.079,1.0,0.004571428571428572,0.058537840595793256,0.1316645318694677
3x8,3,8,cross,1000.0,1.0,odds-ratio logit,666.7682926829268,0.4166666666666667,0.8556134700775146,1.00425,353.803,0,54.376,6.50660217743122,413.5079827202195,0.015285714285714283,0.017142857142857144,0.07957142857142857,1.0,0.0037142857142857142,0.06733468878868175,0.1364546283784391
3x8,3,8,cross,1000.0,1.0,adjusted row,666.7682926829268,0.4166666666666667,1.4192767143249512,1.00887,325.691,0,57.656,5.6488656861384765,229.4767445366762,0.015285714285714283,0.012857142857142857,0.07757142857142857,1.0,0.003785714285714286,0.05522627453213741,0.08344463295706536
3x8,3,8,cross,1000.0,1.0,adjusted table,666.7682926829268,0.4166666666666667,4.831148624420166,1.00875,164.348,0,48.328,3.400678695580202,34.018411101919895,0.018571428571428572,0.015714285714285715,0.07842857142857143,1.0,0.004714285714285714,0.05312417285160313,0.07944814435395241
3x8,3,8,cross,1000.0,2.0,ILR + log volume,2667.0731707317073,0.4166666666666667,1.0857298374176025,1.00715,223.432,0,122.2,1.8284124386252045,205.78968386042587,0.07128571428571429,0.067,0.10021428571428571,1.0,0.11685714285714285,,
3x8,3,8,cross,1000.0,2.0,log cells,2667.0731707317073,0.4166666666666667,0.8030397891998291,1.01082,222.233,0,126.584,1.7556168236111989,276.73971201531504,0.07071428571428573,0.05928571428571429,0.09792857142857143,1.0,0.1185,,
3x8,3,8,cross,1000.0,2.0,position logit,2667.0731707317073,0.4166666666666667,6.639658689498901,1.01217,246.234,9,407.06,0.6049083673168575,37.085340002406575,0.06885714285714287,0.07085714285714287,0.10228571428571429,1.0,0.11957142857142856,0.16740307141873573,0.7375263048802266
3x8,3,8,cross,1000.0,2.0,odds-ratio logit,2667.0731707317073,0.4166666666666667,2.077601194381714,1.02108,79.8396,2,99.419,0.8030617889940556,38.42874186629449,0.07342857142857143,0.07342857142857143,0.10271428571428572,1.0,0.11785714285714285,0.12772647522827205,0.5360298171773101
3x8,3,8,cross,1000.0,2.0,adjusted row,2667.0731707317073,0.4166666666666667,2.6828203201293945,1.00964,223.626,0,105.72,2.115266742338252,83.35481818223829,0.0662857142857143,0.07800000000000003,0.10428571428571429,1.0,0.12635714285714286,0.0893172645974456,0.13867944714619748
3x8,3,8,cross,1000.0,2.0,adjusted table,2667.0731707317073,0.4166666666666667,9.279163599014282,1.01127,222.505,0,85.016,2.6172132304507385,23.97899310921046,0.0712857142857143,0.07042857142857144,0.10007142857142858,1.0,0.11785714285714285,0.079966939871565,0.15696466574605136
3x8,3,8,cross,1000000.0,1.0,ILR + log volume,666768.2926829269,0.4166666666666667,6.443163871765137,1.02514,132.339,0,1021.464,0.1295581635769836,20.539443452606935,0.01557142857142857,0.016714285714285716,0.07978571428571428,1.0,0.0035714285714285713,,
3x8,3,8,cross,1000000.0,1.0,log cells,666768.2926829269,0.4166666666666667,4.776050090789795,1.01471,160.946,0,1022.488,0.15740624828848845,33.69855779158821,0.014285714285714282,0.01757142857142857,0.08021428571428571,1.0,0.002142857142857143,,
3x8,3,8,cross,1000000.0,1.0,position logit,666768.2926829269,0.4166666666666667,1.8764910697937012,1.00754,510.478,0,136.344,3.74404447573784,272.0385981139368,0.01371428571428571,0.015571428571428571,0.07921428571428571,1.0,0.003142857142857143,0.06738429968295068,0.15775874206452603
3x8,3,8,cross,1000000.0,1.0,odds-ratio logit,666768.2926829269,0.4166666666666667,1.9682393074035645,1.0269,80.7447,0,131.64,0.6133751139471285,41.0238225079021,0.012142857142857138,0.012,0.07742857142857143,1.0,0.003857142857142857,0.06755465908065325,0.12901793171991424
3x8,3,8,cross,1000000.0,1.0,adjusted row,666768.2926829269,0.4166666666666667,2.9153928756713867,1.00678,299.05,0,138.584,2.157897015528488,102.57622651668575,0.01371428571428571,0.01742857142857143,0.08014285714285714,1.0,0.002214285714285714,0.06324574962298221,0.08828960773061684
3x8,3,8,cross,1000000.0,1.0,adjusted table,666768.2926829269,0.4166666666666667,10.92182469367981,1.0038,265.385,0,140.152,1.8935512871739255,24.29859546762106,0.014714285714285711,0.013285714285714286,0.07807142857142857,1.0,0.002857142857142857,0.05454116641569973,0.08372385900281736
3x8,3,8,cross,1000000.0,2.0,ILR + log volume,2667073.1707317075,0.4166666666666667,6.438370227813721,1.0794,29.5789,0,1021.752,0.02894919706543271,4.594159539353504,0.05371428571428573,0.050571428571428566,0.09671428571428571,1.0,0.10292857142857142,,
3x8,3,8,cross,1000000.0,2.0,log cells,2667073.1707317075,0.4166666666666667,5.033579349517822,1.13527,5.3296,0,1022.15,0.005214107518465978,1.0588091753258115,0.03585714285714286,0.065,0.10392857142857143,1.0,0.11357142857142857,,
3x8,3,8,cross,1000000.0,2.0,position logit,2667073.1707317075,0.4166666666666667,5.454127788543701,1.01051,394.954,7,356.701,1.1072410786625213,72.41377820842297,0.07128571428571429,0.05685714285714286,0.09985714285714285,1.0,0.12371428571428572,0.15236447626631294,0.7193389743726202
3x8,3,8,cross,1000000.0,2.0,odds-ratio logit,2667073.1707317075,0.4166666666666667,2.3837623596191406,1.01471,198.41,0,168.16,1.1798882017126546,83.23396801671977,0.05642857142857143,0.072,0.10742857142857143,1.0,0.11257142857142857,0.1289006877294806,0.29712974051205837
3x8,3,8,cross,1000000.0,2.0,adjusted row,2667073.1707317075,0.4166666666666667,3.81497859954834,1.01685,214.501,1,143.464,1.4951555790999833,56.226003476243626,0.059428571428571435,0.07,0.10642857142857143,1.0,0.11814285714285715,0.082747908835904,0.15477420837542896
3x8,3,8,cross,1000000.0,2.0,adjusted table,2667073.1707317075,0.4166666666666667,13.718844890594482,1.00341,311.128,0,186.232,1.6706473645775162,22.67887730207567,0.06542857142857142,0.05914285714285715,0.101,1.0,0.12157142857142857,0.07786510144968889,0.13176532278985567
8x8,8,8,uniform,1000.0,1.0,ILR + log volume,125.0,0.234375,0.9633235931396484,1.00518,568.1,0,36.76,15.454298150163222,589.7291460997626,0.30220408163265305,0.048122448979591836,0.024061224489795918,1.0,0.01193877551020408,,
8x8,8,8,uniform,1000.0,1.0,log cells,125.0,0.234375,0.5974349975585938,1.00464,660.215,0,48.12,13.720178719867,1105.0825657987155,0.29563265306122455,0.04538775510204081,0.0236734693877551,1.0,0.011469387755102041,,
8x8,8,8,uniform,1000.0,1.0,position logit,125.0,0.234375,1.625795841217041,1.00503,786.951,0,46.424,16.951382905393764,484.0404803907623,0.302,0.044571428571428574,0.022285714285714287,1.0,0.010693877551020407,0.08834859219843935,0.2853209869345733
8x8,8,8,uniform,1000.0,1.0,odds-ratio logit,125.0,0.234375,0.5590357780456543,1.00754,817.365,0,15.0,54.491,1462.097833626042,0.30795918367346936,0.04465306122448979,0.022326530612244898,1.0,0.012551020408163265,0.05182649879141123,0.07370036915756682
8x8,8,8,uniform,1000.0,1.0,adjusted row,125.0,0.234375,1.3928124904632568,1.00506,619.62,0,24.672,25.114299610894943,444.869646303869,0.3038775510204082,0.043510204081632656,0.022979591836734693,1.0,0.011469387755102041,0.03729713033557489,0.050066408188107044
8x8,8,8,uniform,1000.0,1.0,adjusted table,125.0,0.234375,12.082539081573486,1.01289,340.387,0,39.208,8.681570087737198,28.17181038703266,0.29722448979591837,0.04485714285714286,0.02279591836734694,1.0,0.011571428571428571,0.030471804749622917,0.04148455161333949
8x8,8,8,uniform,1000.0,2.0,ILR + log volume,500.0,0.234375,2.6163976192474365,1.00449,952.756,0,124.056,7.6800477203843425,364.14801519122483,0.41812244897959183,0.07559183673469388,0.03804081632653061,1.0,0.1726326530612245,,
8x8,8,8,uniform,1000.0,2.0,log cells,500.0,0.234375,1.6532609462738037,1.00298,851.61,0,125.976,6.76009716136407,515.1092463167404,0.41179591836734697,0.07820408163265306,0.03910204081632653,1.0,0.16957142857142857,,
8x8,8,8,uniform,1000.0,2.0,position logit,500.0,0.234375,16.992419004440308,1.005,497.574,1,510.313,0.9750368891249097,29.282116917548844,0.4091020408163266,0.07571428571428572,0.03785714285714286,1.0,0.1673469387755102,0.22625192392674134,0.7171594423798954
8x8,8,8,uniform,1000.0,2.0,odds-ratio logit,500.0,0.234375,2.5314559936523438,1.01489,148.787,0,70.968,2.0965364671401194,58.77526623930465,0.41555102040816333,0.07861224489795918,0.03963265306122449,1.0,0.1727142857142857,0.12185458097107124,0.37918549984065186
8x8,8,8,uniform,1000.0,2.0,adjusted row,500.0,0.234375,2.3872478008270264,1.02002,208.321,0,31.256,6.664992321474277,87.26408709134859,0.40751020408163263,0.07942857142857143,0.040448979591836735,1.0,0.16912244897959183,0.06986243824463678,0.11158718564666219
8x8,8,8,uniform,1000.0,2.0,adjusted table,500.0,0.234375,11.990184545516968,1.00676,197.224,0,32.864,6.001217137293087,16.448787693909217,0.4175510204081633,0.07555102040816326,0.03818367346938775,1.0,0.1706734693877551,0.06198588152373155,0.09670142962576984
8x8,8,8,uniform,1000000.0,1.0,ILR + log volume,125000.0,0.234375,15.600290060043335,1.00855,900.133,0,1023.0,0.8798954056695992,57.699760487498246,0.2666122448979592,0.042938775510204086,0.02146938775510204,1.0,0.010877551020408164,,
8x8,8,8,uniform,1000000.0,1.0,log cells,125000.0,0.234375,11.578675508499146,1.00463,763.125,0,1023.0,0.7459677419354839,65.90779743674827,0.26967346938775505,0.044857142857142866,0.022877551020408164,1.0,0.011551020408163266,,
8x8,8,8,uniform,1000000.0,1.0,position logit,125000.0,0.234375,1.3572959899902344,1.00519,573.41,0,36.664,15.639591970325114,422.46496285907807,0.2644489795918367,0.04412244897959183,0.022387755102040816,1.0,0.01210204081632653,0.1107734841432225,0.32614583030508426
8x8,8,8,uniform,1000000.0,1.0,odds-ratio logit,125000.0,0.234375,0.5636069774627686,1.00604,837.505,0,15.0,55.833666666666666,1485.9734415820374,0.2656734693877551,0.044244897959183675,0.022775510204081632,1.0,0.01136734693877551,0.05315442190869094,0.06869451882261624
8x8,8,8,uniform,1000000.0,1.0,adjusted row,125000.0,0.234375,1.5558524131774902,1.00427,527.663,0,30.16,17.495457559681697,339.1472067214673,0.2676326530612245,0.04485714285714286,0.02242857142857143,1.0,0.011795918367346938,0.039011624363009346,0.05643839738489466
8x8,8,8,uniform,1000000.0,1.0,adjusted table,125000.0,0.234375,11.609671115875244,1.00895,292.808,0,39.928,7.33340012021639,25.221041757126937,0.2664489795918368,0.04551020408163265,0.022755102040816325,1.0,0.012122448979591837,0.033254043580713925,0.043301395956394796
8x8,8,8,uniform,1000000.0,2.0,ILR + log volume,500000.0,0.234375,15.938491106033325,1.07897,9.62903,0,1023.0,0.00941254154447703,0.6041368618861949,0.35759183673469386,0.07514285714285715,0.03757142857142857,1.0,0.17338775510204082,,
8x8,8,8,uniform,1000000.0,2.0,log cells,500000.0,0.234375,11.559785842895508,1.07162,43.2514,0,1023.0,0.04227898338220919,3.741539902885116,0.3443265306122449,0.07008163265306123,0.03504081632653061,1.0,0.16453061224489796,,
8x8,8,8,uniform,1000000.0,2.0,position logit,500000.0,0.234375,16.893924236297607,1.01288,418.065,0,509.464,0.8205977262377715,24.746470633611718,0.3656326530612245,0.07877551020408163,0.03951020408163265,1.0,0.1723265306122449,0.2977188153511575,0.7664057435647184
8x8,8,8,uniform,1000000.0,2.0,odds-ratio logit,500000.0,0.234375,2.280050277709961,1.01235,347.188,1,62.962,5.514246688478765,152.27208074933725,0.3656734693877551,0.07661224489795919,0.038551020408163265,1.0,0.17287755102040817,0.12601913155755784,0.3448657424068596
8x8,8,8,uniform,1000000.0,2.0,adjusted row,500000.0,0.234375,1.9567811489105225,1.00775,254.919,0,28.168,9.049950298210737,130.27466057812921,0.3619591836734694,0.0769795918367347,0.03889795918367347,1.0,0.1716734693877551,0.07894876993078002,0.13955301014175658
8x8,8,8,uniform,1000000.0,2.0,adjusted table,500000.0,0.234375,12.927314758300781,1.01702,115.736,0,35.2,3.287954545454545,8.952826024885374,0.36938775510204075,0.0786530612244898,0.03936734693877551,1.0,0.17522448979591837,0.05356425458064583,0.0824802653603456
8x8,8,8,geometric,1000.0,1.0,ILR + log volume,501.96078431372547,0.234375,1.2130470275878906,1.00946,428.216,0,52.28,8.190818668706962,353.00857284279846,0.10318367346938775,0.00036734693877551024,0.0001836734693877551,1.0,0.011653061224489796,,
8x8,8,8,geometric,1000.0,1.0,log cells,501.96078431372547,0.234375,0.6696107387542725,1.0083,308.378,0,39.16,7.874821246169561,460.533235434215,0.1033061224489796,8.163265306122449e-05,4.0816326530612245e-05,1.0,0.012040816326530613,,
8x8,8,8,geometric,1000.0,1.0,position logit,501.96078431372547,0.234375,1.6823747158050537,1.00957,512.314,11,37.324,13.726127960561568,304.5183663229546,0.1029795918367347,0.00036734693877551024,0.0001836734693877551,1.0,0.01189795918367347,0.06463169880197653,0.1749026881166934
8x8,8,8,geometric,1000.0,1.0,odds-ratio logit,501.96078431372547,0.234375,1.216890573501587,1.02062,141.158,0,33.72,4.186180308422301,115.99892634045119,0.10730612244897961,0.00028571428571428574,0.00014285714285714287,1.0,0.012836734693877552,0.05496082385955041,0.0760347847696084
8x8,8,8,geometric,1000.0,1.0,adjusted row,501.96078431372547,0.234375,2.5877766609191895,1.00592,352.297,0,45.816,7.6893879867295265,136.13887369818949,0.10326530612244897,0.00040816326530612246,0.00020408163265306123,1.0,0.013081632653061224,0.029099279319167982,0.04072886550099155
8x8,8,8,geometric,1000.0,1.0,adjusted table,501.96078431372547,0.234375,22.008953094482422,1.02517,319.146,0,78.152,4.0836574879721566,14.500735161274388,0.10338775510204083,0.00028571428571428574,0.00014285714285714287,1.0,0.012489795918367347,0.03439234177191864,0.047428525844902224
8x8,8,8,geometric,1000.0,2.0,ILR + log volume,2007.8431372549019,0.234375,2.7751214504241943,1.00936,393.019,0,127.0,3.094637795275591,141.62227023971317,0.16146938775510206,0.013551020408163266,0.006775510204081633,1.0,0.14461224489795918,,
8x8,8,8,geometric,1000.0,2.0,log cells,2007.8431372549019,0.234375,1.6342411041259766,1.0072,161.176,0,112.088,1.4379416173006923,98.62437041454785,0.15971428571428573,0.013020408163265306,0.006510204081632653,1.0,0.1432857142857143,,
8x8,8,8,geometric,1000.0,2.0,position logit,2007.8431372549019,0.234375,27.661356449127197,1.00825,339.669,8,747.976,0.4541175117918222,12.279549653492051,0.16791836734693877,0.013714285714285715,0.006857142857142857,1.0,0.13944897959183675,0.11171613908449288,0.6600900860226804
8x8,8,8,geometric,1000.0,2.0,odds-ratio logit,2007.8431372549019,0.234375,4.067993879318237,1.02148,125.563,2,108.671,1.155441654167165,30.86607397281614,0.15122448979591835,0.012326530612244898,0.006163265306122449,1.0,0.1440612244897959,0.09384465817327131,0.22173955054600644
8x8,8,8,geometric,1000.0,2.0,adjusted row,2007.8431372549019,0.234375,4.232247829437256,1.01811,257.162,0,58.872,4.368154640576165,60.76250974985879,0.16212244897959183,0.012040816326530614,0.006020408163265306,1.0,0.14124489795918369,0.051688123711119326,0.08377524310498415
8x8,8,8,geometric,1000.0,2.0,adjusted table,2007.8431372549019,0.234375,29.691372632980347,1.00789,128.687,0,64.248,2.0029728551861536,4.334154624332123,0.165265306122449,0.014489795918367349,0.007244897959183674,1.0,0.14091836734693877,0.06691566283780662,0.10945820968334433
8x8,8,8,geometric,1000000.0,1.0,ILR + log volume,501960.7843137255,0.234375,15.740599632263184,1.01148,211.122,0,1023.0,0.20637536656891498,13.412576708149516,0.09599999999999999,0.00012244897959183673,6.122448979591836e-05,1.0,0.012387755102040817,,
8x8,8,8,geometric,1000000.0,1.0,log cells,501960.7843137255,0.234375,11.601099014282227,1.00964,236.253,0,1023.0,0.23094134897360702,20.364708525385964,0.1003265306122449,0.00016326530612244898,8.163265306122449e-05,1.0,0.013061224489795919,,
8x8,8,8,geometric,1000000.0,1.0,position logit,501960.7843137255,0.234375,1.6727893352508545,1.00637,726.717,0,52.632,13.807512539899681,434.4342617960439,0.10085714285714287,8.163265306122449e-05,4.0816326530612245e-05,1.0,0.01393877551020408,0.05917867863557965,0.12431025974688152
8x8,8,8,geometric,1000000.0,1.0,odds-ratio logit,501960.7843137255,0.234375,1.6192739009857178,1.00883,418.302,0,41.144,10.16678008944196,258.3268956199211,0.09881632653061226,0.00024489795918367346,0.00012244897959183673,1.0,0.012653061224489797,0.057009738313544465,0.07312492092861356
8x8,8,8,geometric,1000000.0,1.0,adjusted row,501960.7843137255,0.234375,2.635246515274048,1.00622,257.431,0,44.072,5.841146306044654,97.68763510658846,0.09963265306122449,0.00016326530612244898,8.163265306122449e-05,1.0,0.013020408163265306,0.02829596070993554,0.043504377912099
8x8,8,8,geometric,1000000.0,1.0,adjusted table,501960.7843137255,0.234375,22.38717246055603,1.00649,232.429,0,70.328,3.304928335797975,10.382240115830472,0.0986530612244898,4.0816326530612245e-05,2.0408163265306123e-05,1.0,0.012653061224489797,0.034088576582895366,0.050351959332021246
8x8,8,8,geometric,1000000.0,2.0,ILR + log volume,2007843.137254902,0.234375,15.660752058029175,1.05717,38.4628,0,1023.0,0.037598044965786906,2.455999549541451,0.164734693877551,0.012938775510204083,0.006469387755102041,1.0,0.13718367346938776,,
8x8,8,8,geometric,1000000.0,2.0,log cells,2007843.137254902,0.234375,11.563405275344849,1.141,6.27286,1,1020.904,0.006144417104840416,0.5424751490268015,0.14244897959183675,0.017102040816326533,0.008551020408163265,1.0,0.14326530612244898,,
8x8,8,8,geometric,1000000.0,2.0,position logit,2007843.137254902,0.234375,8.64415693283081,1.01077,409.636,7,192.694,2.125836818997997,47.388774079770364,0.15069387755102043,0.010857142857142857,0.0054285714285714284,1.0,0.14579591836734693,0.11061636591321555,0.5968305243596161
8x8,8,8,geometric,1000000.0,2.0,odds-ratio logit,2007843.137254902,0.234375,2.2507920265197754,1.01545,153.127,1,51.845,2.9535538624746844,68.03249620391111,0.1549795918367347,0.011673469387755101,0.0058367346938775514,1.0,0.14191836734693877,0.09501876884902377,0.3408244028497772
8x8,8,8,geometric,1000000.0,2.0,adjusted row,2007843.137254902,0.234375,3.225367784500122,1.00604,329.59,0,46.408,7.102008274435441,102.18679605590495,0.16122448979591836,0.012448979591836737,0.006224489795918367,1.0,0.14681632653061225,0.04732412126013399,0.07920604483418324
8x8,8,8,geometric,1000000.0,2.0,adjusted table,2007843.137254902,0.234375,27.75818634033203,1.00505,227.674,0,70.888,3.2117424669901817,8.202048837362069,0.16559183673469388,0.009183673469387756,0.004591836734693878,1.0,0.14516326530612245,0.06346306783713854,0.10954974984760425
8x8,8,8,dominant,1000.0,1.0,ILR + log volume,600.0,0.234375,1.0986144542694092,1.01077,421.198,0,36.184,11.640448817156754,383.39018603218847,0.16020408163265307,0.002326530612244898,0.001163265306122449,1.0,0.02004081632653061,,
8x8,8,8,dominant,1000.0,1.0,log cells,600.0,0.234375,0.5420124530792236,1.00364,532.221,0,30.952,17.195043939002325,981.9350034789838,0.1653877551020408,0.002,0.001,1.0,0.02020408163265306,,
8x8,8,8,dominant,1000.0,1.0,position logit,600.0,0.234375,0.6835463047027588,1.00789,594.484,1,15.052,39.4953494552219,869.7055282282777,0.17093877551020406,0.002938775510204082,0.0014693877551020407,1.0,0.019755102040816326,0.05941715459700119,0.13404557091589622
8x8,8,8,dominant,1000.0,1.0,odds-ratio logit,600.0,0.234375,0.5814652442932129,1.00578,715.118,0,14.992,47.69997331910352,1229.8551065923912,0.16955102040816325,0.002,0.001,1.0,0.01989795918367347,0.049140575407316436,0.06869960547681626
8x8,8,8,dominant,1000.0,1.0,adjusted row,600.0,0.234375,1.4740722179412842,1.01001,529.172,0,25.88,20.447140649149926,358.9864821813487,0.16873469387755102,0.0028571428571428567,0.0014285714285714286,1.0,0.01963265306122449,0.029693985324958143,0.04197835428420463
8x8,8,8,dominant,1000.0,1.0,adjusted table,600.0,0.234375,11.501627922058105,1.00386,178.687,0,31.8,5.619088050314466,15.535800776280519,0.16436734693877553,0.002775510204081633,0.0013877551020408164,1.0,0.019346938775510206,0.030594572374447303,0.040426887627941305
8x8,8,8,dominant,1000.0,2.0,ILR + log volume,2400.0,0.234375,2.38349986076355,1.00642,655.524,0,125.4,5.227464114832536,275.02581845757027,0.3900408163265306,0.030326530612244898,0.015163265306122449,1.0,0.188,,
8x8,8,8,dominant,1000.0,2.0,log cells,2400.0,0.234375,1.439910650253296,1.0069,452.195,0,89.944,5.027517121764653,314.04379148140475,0.3950612244897959,0.03183673469387755,0.015918367346938776,1.0,0.18914285714285714,,
8x8,8,8,dominant,1000.0,2.0,position logit,2400.0,0.234375,14.02731442451477,1.00733,474.144,2,374.738,1.2652680005764028,33.80148085733107,0.37995918367346937,0.030897959183673468,0.015448979591836734,1.0,0.1893265306122449,0.2637197510737997,0.7577449222353346
8x8,8,8,dominant,1000.0,2.0,odds-ratio logit,2400.0,0.234375,2.049038887023926,1.01462,225.866,2,46.413,4.866438282377783,110.23021643481512,0.3842448979591837,0.031999999999999994,0.016,1.0,0.1939591836734694,0.10528301073007022,0.2823384329422174
8x8,8,8,dominant,1000.0,2.0,adjusted row,2400.0,0.234375,1.6047327518463135,1.00899,160.16,0,21.32,7.512195121951219,99.80478046312015,0.3895510204081632,0.028489795918367346,0.014244897959183673,1.0,0.1909591836734694,0.05767285950810143,0.09283648731524138
8x8,8,8,dominant,1000.0,2.0,adjusted table,2400.0,0.234375,13.851139783859253,1.00657,145.354,0,34.312,4.236243879692236,10.494010043085492,0.38444897959183677,0.0303265306122449,0.015163265306122449,1.0,0.19077551020408162,0.05846662941371153,0.08856008940108415
8x8,8,8,dominant,1000000.0,1.0,ILR + log volume,600000.0,0.234375,15.608419179916382,1.00867,290.867,0,1023.0,0.28432746823069405,18.63526322859547,0.1556734693877551,0.002326530612244898,0.001163265306122449,1.0,0.0193265306122449,,
8x8,8,8,dominant,1000000.0,1.0,log cells,600000.0,0.234375,9.633676290512085,1.00307,462.703,0,839.704,0.5510310776178272,48.02974337592204,0.15967346938775515,0.0019591836734693877,0.0009795918367346938,1.0,0.022285714285714287,,
8x8,8,8,dominant,1000000.0,1.0,position logit,600000.0,0.234375,0.6515650749206543,1.0067,653.676,0,14.992,43.60165421558165,1003.2397762872769,0.154,0.0015102040816326533,0.0007551020408163266,1.0,0.019,0.055285049352488305,0.09925281436903956
8x8,8,8,dominant,1000000.0,1.0,odds-ratio logit,600000.0,0.234375,0.5566959381103516,1.00346,632.564,0,14.864,42.55678148546824,1136.282765322799,0.15730612244897962,0.001836734693877551,0.0009183673469387755,1.0,0.01979591836734694,0.048363592675852454,0.06488477241382874
8x8,8,8,dominant,1000000.0,1.0,adjusted row,600000.0,0.234375,1.4509539604187012,1.00295,598.429,0,28.984,20.646874137455146,412.4383104666612,0.15612244897959185,0.0015918367346938775,0.0007959183673469387,1.0,0.020428571428571428,0.027522972123714844,0.03998435689339102
8x8,8,8,dominant,1000000.0,1.0,adjusted table,600000.0,0.234375,11.66068696975708,1.00412,142.02,0,34.6,4.104624277456647,12.17938534567819,0.16318367346938775,0.0025306122448979593,0.0012653061224489797,1.0,0.019755102040816326,0.02798433961262,0.04051495125380296
8x8,8,8,dominant,1000000.0,2.0,ILR + log volume,2400000.0,0.234375,15.816407203674316,1.08421,29.2957,0,1023.0,0.028637047898338222,1.8522348105196926,0.342734693877551,0.029061224489795916,0.01453061224489796,1.0,0.1916734693877551,,
8x8,8,8,dominant,1000000.0,2.0,log cells,2400000.0,0.234375,11.780550479888916,1.03074,85.8619,0,1023.0,0.0839314760508309,7.288445488738285,0.37040816326530607,0.030530612244897958,0.015265306122448979,1.0,0.19040816326530613,,
8x8,8,8,dominant,1000000.0,2.0,position logit,2400000.0,0.234375,8.204104661941528,1.0055,465.714,3,246.999,1.8854894149369026,56.765974983282,0.35608163265306125,0.02902040816326531,0.014510204081632653,1.0,0.1946122448979592,0.20243563037599108,0.7515732850328671
8x8,8,8,dominant,1000000.0,2.0,odds-ratio logit,2400000.0,0.234375,2.038163661956787,1.01964,219.686,2,48.537,4.526155304200919,107.78624116430635,0.3545714285714286,0.03159183673469388,0.01579591836734694,1.0,0.19351020408163266,0.1108594859516748,0.32658651473314804
8x8,8,8,dominant,1000000.0,2.0,adjusted row,2400000.0,0.234375,1.498699426651001,1.01705,176.461,0,19.32,9.133592132505177,117.74275539313469,0.3651020408163265,0.032693877551020406,0.016346938775510203,1.0,0.19424489795918368,0.05553550703906289,0.08886377537864461
8x8,8,8,dominant,1000000.0,2.0,adjusted table,2400000.0,0.234375,13.070155143737793,1.02542,156.325,0,30.664,5.097997651969736,11.960454813338526,0.3551020408163265,0.028571428571428574,0.014285714285714285,1.0,0.18985714285714286,0.055643893225792156,0.084547707292299
8x8,8,8,cross,1000.0,1.0,ILR + log volume,666.7682926829268,0.234375,1.1970758438110352,1.00238,369.459,0,51.064,7.235214632617891,308.63457976378737,0.23016326530612247,0.21567346938775514,0.1626122448979592,1.0,0.018714285714285715,,
8x8,8,8,cross,1000.0,1.0,log cells,666.7682926829268,0.234375,0.629387378692627,1.01501,186.549,0,34.104,5.47000351864884,296.39774535597206,0.2332244897959184,0.21387755102040817,0.1609795918367347,1.0,0.019612244897959184,,
8x8,8,8,cross,1000.0,1.0,position logit,666.7682926829268,0.234375,9.985429763793945,1.01012,397.503,1,257.553,1.543383303630709,39.808301635779515,0.22946938775510203,0.21575510204081635,0.16318367346938775,1.0,0.019285714285714285,0.3387824795246906,0.7504924587722911
8x8,8,8,cross,1000.0,1.0,odds-ratio logit,666.7682926829268,0.234375,2.473803997039795,1.01049,220.022,0,56.696,3.880732326795541,88.94075693275735,0.22767346938775507,0.21126530612244898,0.1646938775510204,1.0,0.01814285714285714,0.08494737336755215,0.13836643885558453
8x8,8,8,cross,1000.0,1.0,adjusted row,666.7682926829268,0.234375,3.4566497802734375,1.00876,339.177,0,40.168,8.443960366460866,98.12304443904915,0.226,0.21979591836734688,0.1623061224489796,1.0,0.019081632653061224,0.04239455339456702,0.05875386759855761
8x8,8,8,cross,1000.0,1.0,adjusted table,666.7682926829268,0.234375,29.575413465499878,1.00443,363.17,0,74.024,4.906111531395223,12.279456394536725,0.23310204081632652,0.21334693877551023,0.16010204081632654,1.0,0.019,0.032522456216080596,0.04689266901513652
8x8,8,8,cross,1000.0,2.0,ILR + log volume,2667.0731707317073,0.234375,2.374995231628418,1.01054,286.604,0,123.608,2.318652514400362,120.67561070574851,0.41232653061224483,0.27465306122448974,0.15687755102040815,1.0,0.14253061224489796,,
8x8,8,8,cross,1000.0,2.0,log cells,2667.0731707317073,0.234375,1.5852453708648682,1.01784,206.381,0,113.624,1.8163504189255792,130.18867854343833,0.41497959183673466,0.26914285714285713,0.15746938775510205,1.0,0.14210204081632652,,
8x8,8,8,cross,1000.0,2.0,position logit,2667.0731707317073,0.234375,31.99535083770752,2.35736,1.20603,0,1023.0,0.0011789149560117302,0.03769391391010021,0.37004081632653063,0.2493469387755102,0.15597959183673468,1.0,0.12789795918367347,0.7128725472531505,1.300501063998991
8x8,8,8,cross,1000.0,2.0,odds-ratio logit,2667.0731707317073,0.234375,26.384424209594727,1.02162,101.056,1,771.587,0.13097162082824101,3.8301385392087073,0.40620408163265304,0.26742857142857146,0.1573061224489796,1.0,0.14238775510204082,0.2865997005592231,0.602019997658383
8x8,8,8,cross,1000.0,2.0,adjusted row,2667.0731707317073,0.234375,7.44201135635376,1.0497,54.4069,3,77.596,0.701155987422032,7.3107789540725525,0.41677551020408166,0.27738775510204083,0.1583265306122449,1.0,0.1433265306122449,0.07495517611015001,0.13099882879932503
8x8,8,8,cross,1000.0,2.0,adjusted table,2667.0731707317073,0.234375,54.39568758010864,1.00488,304.075,0,134.04,2.2685392420173085,5.590057107968129,0.41620408163265304,0.27738775510204083,0.15710204081632653,1.0,0.14404081632653062,0.05695430992629395,0.09556739629620156
8x8,8,8,cross,1000000.0,1.0,ILR + log volume,666768.2926829269,0.234375,15.456249475479126,1.02414,180.378,0,1023.0,0.17632258064516126,11.670230885323393,0.21351020408163265,0.21644897959183673,0.16120408163265307,1.0,0.01673469387755102,,
8x8,8,8,cross,1000000.0,1.0,log cells,666768.2926829269,0.234375,11.904814958572388,1.01803,99.2938,0,1023.0,0.09706138807429131,8.34064202976131,0.22097959183673468,0.21420408163265306,0.16583673469387755,1.0,0.01793877551020408,,
8x8,8,8,cross,1000000.0,1.0,position logit,666768.2926829269,0.234375,7.345012426376343,1.00697,263.27,1,193.218,1.3625542133755655,35.84337026504992,0.21648979591836737,0.2143673469387755,0.16444897959183674,1.0,0.01669387755102041,0.273066248305595,0.6457195945735977
8x8,8,8,cross,1000000.0,1.0,odds-ratio logit,666768.2926829269,0.234375,4.439871549606323,1.0085,317.077,0,127.704,2.482905782121155,71.41580481717196,0.2171020408163265,0.21126530612244895,0.16224489795918368,1.0,0.017836734693877553,0.08448741801504897,0.13503869677801605
8x8,8,8,cross,1000000.0,1.0,adjusted row,666768.2926829269,0.234375,8.933213233947754,1.00708,407.301,0,160.152,2.543215195564214,45.59400848646328,0.22457142857142856,0.2100408163265306,0.1629795918367347,1.0,0.016959183673469387,0.043175130036935044,0.05645127575204855
8x8,8,8,cross,1000000.0,1.0,adjusted table,666768.2926829269,0.234375,80.26810717582703,1.00561,184.548,0,261.016,0.7070371164986055,2.2991447848115842,0.2169387755102041,0.21089795918367343,0.16316326530612246,1.0,0.016183673469387753,0.03402154465401833,0.048543024307516995
8x8,8,8,cross,1000000.0,2.0,ILR + log volume,2667073.1707317075,0.234375,15.386543273925781,1.45284,7.84755,0,1023.0,0.0076711143695014665,0.5100268371063272,0.4093469387755102,0.25910204081632654,0.16677551020408163,1.0,0.14069387755102042,,
8x8,8,8,cross,1000000.0,2.0,log cells,2667073.1707317075,0.234375,11.75809121131897,1.50605,5.90419,0,1023.0,0.005771446725317693,0.5021384758706676,0.4097959183673469,0.252,0.14791836734693878,1.0,0.1306938775510204,,
8x8,8,8,cross,1000000.0,2.0,position logit,2667073.1707317075,0.234375,32.27979326248169,1.27529,2.51579,0,1023.0,0.002459227761485826,0.07793699233272551,0.3836734693877551,0.24873469387755104,0.14412244897959184,1.0,0.14618367346938776,0.6937237975742712,1.4128431841786604
8x8,8,8,cross,1000000.0,2.0,odds-ratio logit,2667073.1707317075,0.234375,16.64576244354248,1.0357,66.6624,0,462.104,0.14425843533057495,4.004766992566379,0.40775510204081633,0.27077551020408164,0.15644897959183673,1.0,0.14791836734693878,0.3316368257900575,0.7458085692093497
8x8,8,8,cross,1000000.0,2.0,adjusted row,2667073.1707317075,0.234375,10.252180576324463,1.00441,238.468,0,151.128,1.5779207029802553,23.260222371687274,0.4093877551020408,0.27106122448979586,0.15655102040816327,1.0,0.13722448979591836,0.06943290973985905,0.1287860684771526
8x8,8,8,cross,1000000.0,2.0,adjusted table,2667073.1707317075,0.234375,84.08350872993469,1.00684,276.325,0,230.552,1.198536555744474,3.286316236962946,0.4105306122448979,0.2687755102040817,0.15753061224489795,1.0,0.1382857142857143,0.061139445681440086,0.09639007834231285
