table,param,scale_margins,cond,cond_diag,cond_diag_near,cond_fixed_metric_near,carriers,in_k,rotation
independence,ILR + log volume,0,420523872.6083853,69114823.32871167,68628369.68101695,186350292.3226254,5.846563700532783,0.528506220639922,25.1040753981347
independence,log cells,0,31452879.85393984,80956636.47735035,60348870.13469091,336594318.4560634,5.275992308783915,0.5061565585562643,27.10989645085612
independence,position logit,1,55.63917253125531,53.29515106121316,64.16581287193448,87.65843191377942,3.288489988590737,0.6733598846892697,22.784180486958444
independence,position logit,0,384886983.97446656,53.29516211574884,64.16581171447969,87.65842677691617,1.9930362007894924,0.99999999999962,2.008919623383821e-05
independence,odds-ratio logit,1,59.568083789407844,52.39881121968451,66.24157244022935,97.59469257794558,2.528925754975543,0.7002859888717942,24.18203094424728
independence,odds-ratio logit,0,602793703.8616339,52.39881105849883,66.24158286539267,97.59470369663006,1.9930361997251138,0.9999999999996059,2.0061502377043994e-05
independence,adjusted row,1,140.21043116718567,45.027189838106935,52.22226211971991,78.22094898248724,3.942888185038355,0.7356204237662302,33.25701198639031
independence,adjusted row,0,1418846460.9935517,45.02719239252223,52.22225784271414,78.2209471948324,1.993036199759354,0.9999999999994942,1.849774921604709e-05
independence,adjusted table,1,466.6770299766077,73.86446349323366,113.17580903655985,153.35696111605,6.502324370091597,0.5729848206819737,24.65350720937741
independence,adjusted table,0,4722495128.811507,73.86446349303507,113.17580903657884,153.3569611160928,1.9930361997728614,0.9999999999998965,1.694863971790273e-05
independence,"ILR, margin-aligned at centre",0,48576359556.69803,4300982.417639231,52464284.49091281,1920257312747.5327,3.214445570885307,0.9984811029648791,24.995112321818898
independence,log-linear effects,0,420523857.2786835,35974563.85139665,83645839.82587984,96069150.643612,3.934991698626919,0.6681158942500987,25.104075350242688
independence,row-conditional,0,112979005.15990834,54340422.26110845,51757951.09750517,79839682.28601667,2.3538274145492375,0.7254740996426198,13.41999856099523
actual,ILR + log volume,0,420523866.0511794,145717508.13385844,146527471.330481,245632643.28239977,4.410588648366365,0.6719265037217215,21.714616597306545
actual,log cells,0,161443332.9788573,9688168.803562514,17938290.71333757,48101702.19687584,2.3523530449255623,0.7234718803120329,23.2181426613204
actual,position logit,1,55.6398879838859,107.61825861006861,117.58826956714515,140.305787627379,3.0209445406809055,0.6587049163569603,23.127517685998647
actual,position logit,0,318289659.6120614,107.6182420975,117.58828830893506,140.30580620190838,1.9930363287351425,0.9999999999980135,5.130410777963924e-05
actual,odds-ratio logit,1,55.63936183677259,70.72945414706976,89.61382605711583,123.01758377591364,3.6264958419246733,0.6645171077873997,23.38383013028257
actual,odds-ratio logit,0,399973146.0929455,70.72946291621217,89.61382005291877,123.0176101677732,1.9930360181706952,0.9999999999989388,4.2267299879023056e-05
actual,adjusted row,1,97.66220159134416,45.424901435057116,58.65616987411484,100.4557523447765,4.379784354455345,0.6446718487322317,28.287776166819594
actual,adjusted row,0,988282364.9735483,45.42488868125821,58.65617495464089,100.45576760746552,1.993036162523509,0.9999999999989784,2.865176503022089e-05
actual,adjusted table,1,474.54727162181274,99.4077607706704,147.50295110811675,184.9115532840595,3.1289481834145434,0.7326926779619585,16.88309919637652
actual,adjusted table,0,4802131644.692815,99.40776077067352,147.50295110810168,184.9115532840779,1.9930361966689436,0.9999999999995999,2.603844830592391e-05
actual,"ILR, margin-aligned at centre",0,92324989127.12074,58725009.28866299,151331077.4906137,1252482181777.0422,2.124869145929855,0.9354466690517338,21.64050669204706
actual,log-linear effects,0,420523856.5636732,324889822.1190932,340403362.8050376,497093463.1700646,5.756628496993618,0.6078846039269845,21.714616639395416
actual,row-conditional,0,120812181.17203666,18164631.569776837,25055614.25634464,55582404.809784755,1.9009267433996395,0.7992958142635344,9.891822338920887
