param,setup,seed,max_rhat,min_ess,div,leapfrogs,seconds,metric_off_by
position logit,default,1,2.46155,1.18158,0,1023.0,24.804096460342407,402.4998866881827
position logit,default,2,3.24649,1.15153,0,1023.0,24.651350021362305,402.4998866881827
position logit,long warm-up,1,1.00297,841.756,0,1010.712,63.94664669036865,173.3668557484388
position logit,long warm-up,2,1.00539,775.317,0,965.656,61.429579734802246,173.36723887834165
position logit,init metric,1,1.03395,104.51,0,1023.0,22.961692333221436,402.4998866881827
position logit,init metric,2,1.02705,153.987,0,1023.0,23.659117460250854,402.4998866881827
position logit,scaled,1,1.00256,528.954,0,14.992,0.7613034248352051,1.1442823583685255
position logit,scaled,2,1.00694,524.435,0,15.896,0.7414894104003906,1.1695970430573124
odds-ratio logit,default,1,1.63251,1.85197,0,1023.0,23.166227340698242,402.4998866881827
odds-ratio logit,default,2,2.12447,1.24842,0,1023.0,23.928836584091187,402.4998866881827
odds-ratio logit,long warm-up,1,1.00619,682.714,0,1011.224,58.26746439933777,173.36723887834165
odds-ratio logit,long warm-up,2,1.00507,720.948,0,1009.176,57.81130599975586,173.36704731349613
odds-ratio logit,init metric,1,1.02824,152.04,0,1023.0,21.444343090057373,402.4998866881827
odds-ratio logit,init metric,2,1.02824,138.663,0,1023.0,21.21595549583435,402.4998866881827
odds-ratio logit,scaled,1,1.00199,708.518,0,15.16,0.8146729469299316,1.2549659603727585
odds-ratio logit,scaled,2,1.00405,852.658,0,15.128,0.7079591751098633,1.2807152691765717
