s,layout,metric,step_size,leapfrogs,min_ess,max_rhat,ess_per_1000_grad
1.0,aligned,diagonal,0.726468,6.444,2878.03,1.00098,223.31083178150217
1.0,aligned,dense,0.7098085000000001,6.524,2954.77,1.00012,226.4538626609442
1.0,rotated,diagonal,0.726468,6.444,2878.03,1.00098,223.31083178150217
1.0,rotated,dense,0.7098085000000001,6.524,2954.77,1.00012,226.4538626609442
0.1,aligned,diagonal,0.671439,6.558,3433.36,0.999766,261.7688319609637
0.1,aligned,dense,0.65825,6.728,3085.73,1.00077,229.32000594530322
0.1,rotated,diagonal,0.1075617,35.454,1716.73,1.00052,24.210667343600157
0.1,rotated,dense,0.6809575000000001,6.666,3257.84,1.00106,244.3624362436244
0.01,aligned,diagonal,0.7058059999999999,6.418,3517.19,1.00009,274.00981614210036
0.01,aligned,dense,0.6626215,6.684,3257.67,0.999801,243.69165170556553
0.01,rotated,diagonal,0.0111174,390.488,1409.68,1.00195,1.8050234578271294
0.01,rotated,dense,0.634593,6.772,3290.75,1.00046,242.96736562315417
0.001,aligned,diagonal,0.3074115,14.132,2432.28,1.00007,86.05575997735636
0.001,aligned,dense,0.3085845,14.022,2271.49,1.00072,80.99736128940235
0.001,rotated,diagonal,0.0011537449999999999,1022.724,126.622,1.02734,0.06190428698260723
0.001,rotated,dense,0.294253,14.338,2519.44,1.00023,87.85883665783234
