centre,sigma_b,prior,param,seed,max_rhat,min_ess,div,leapfrogs,ess_per_1000_grad,seconds
indep,1.0,equal sd,position logit,1,1.00615,586.409,0,16.376,35.80904982901807,0.44721245765686035
indep,1.0,equal sd,position logit,2,1.00668,534.684,0,15.336,34.864632237871675,0.4151599407196045
indep,1.0,equal sd,odds-ratio logit,1,1.00279,993.891,0,15.104,65.80316472457628,0.4117891788482666
indep,1.0,equal sd,odds-ratio logit,2,1.00162,964.943,0,15.112,63.8527660137639,0.3847386837005615
indep,1.0,equal sd,adjusted row,1,1.00701,374.557,0,21.44,17.47000932835821,0.7974860668182373
indep,1.0,equal sd,adjusted row,2,1.00394,607.743,0,22.88,26.562194055944058,0.7765185832977295
indep,1.0,equal sd,adjusted table,1,1.0118,369.409,0,38.072,9.702905022063458,5.063412189483643
indep,1.0,equal sd,adjusted table,2,1.00731,281.21,0,37.984,7.403380370682392,5.849177122116089
indep,1.0,interactions only,position logit,1,1.00855,415.702,0,16.024,25.94246130803794,0.4312584400177002
indep,1.0,interactions only,position logit,2,1.00517,642.191,0,15.32,41.918472584856396,0.44513726234436035
indep,1.0,interactions only,odds-ratio logit,1,1.00407,616.489,0,15.44,39.92804404145078,0.3896963596343994
indep,1.0,interactions only,odds-ratio logit,2,1.0032,552.816,0,15.344,36.0281543274244,0.3417544364929199
indep,1.0,interactions only,adjusted row,1,1.00467,671.141,0,25.848,25.964910244506346,1.0558140277862549
indep,1.0,interactions only,adjusted row,2,1.00469,579.003,0,26.72,21.66927395209581,0.9533846378326416
indep,1.0,interactions only,adjusted table,1,1.00917,376.509,0,31.632,11.902788315629742,5.831660270690918
indep,1.0,interactions only,adjusted table,2,1.00733,442.059,0,34.12,12.9560082063306,5.449250221252441
indep,2.0,equal sd,position logit,1,1.00634,466.278,0,180.824,2.5786289430606555,3.500537633895874
indep,2.0,equal sd,position logit,2,1.01303,430.155,0,109.368,3.9330974325213957,2.6234569549560547
indep,2.0,equal sd,odds-ratio logit,1,1.01001,271.609,2,32.068,8.469782961207434,1.0075249671936035
indep,2.0,equal sd,odds-ratio logit,2,1.01613,151.282,0,34.168,4.42759306953875,0.9628770351409912
indep,2.0,equal sd,adjusted row,1,1.00965,264.557,0,20.264,13.055517173312278,1.0672240257263184
indep,2.0,equal sd,adjusted row,2,1.00785,379.879,0,25.2,15.074563492063493,1.2824797630310059
indep,2.0,equal sd,adjusted table,1,1.02716,81.4589,0,32.616,2.4975134903115035,7.165281772613525
indep,2.0,equal sd,adjusted table,2,1.00529,208.224,0,31.624,6.584366304072856,6.967734336853027
indep,2.0,interactions only,position logit,1,1.0178,279.346,1,268.787,1.039283893938323,5.730419158935547
indep,2.0,interactions only,position logit,2,1.01919,189.425,5,161.503,1.1728884293171027,4.359685182571411
indep,2.0,interactions only,odds-ratio logit,1,1.01346,215.836,2,48.902,4.413643613758128,1.3913464546203613
indep,2.0,interactions only,odds-ratio logit,2,1.01624,321.848,1,47.35,6.797212249208026,1.850656509399414
indep,2.0,interactions only,adjusted row,1,1.00594,274.427,0,22.872,11.998382301504023,1.189202070236206
indep,2.0,interactions only,adjusted row,2,1.01171,333.144,0,23.44,14.212627986348123,1.2824668884277344
indep,2.0,interactions only,adjusted table,1,1.00405,322.871,0,33.384,9.671429427270548,6.764909744262695
indep,2.0,interactions only,adjusted table,2,1.00609,489.989,0,44.192,11.087730811006516,6.601693153381348
actual,1.0,equal sd,position logit,1,1.00483,625.773,0,59.256,10.560500202511138,1.2279105186462402
actual,1.0,equal sd,position logit,2,1.00631,561.678,0,54.68,10.27209217264082,1.133119821548462
actual,1.0,equal sd,odds-ratio logit,1,1.00568,294.669,0,30.232,9.746923789362265,0.6495001316070557
actual,1.0,equal sd,odds-ratio logit,2,1.00647,617.926,0,28.792,21.461725479299805,0.576653003692627
actual,1.0,equal sd,adjusted row,1,1.01517,398.37,0,19.4,20.53453608247423,0.7527494430541992
actual,1.0,equal sd,adjusted row,2,1.005,369.379,0,19.968,18.49854767628205,0.861459493637085
actual,1.0,equal sd,adjusted table,1,1.01227,207.754,0,32.296,6.432809016596482,5.801833868026733
actual,1.0,equal sd,adjusted table,2,1.02773,193.242,0,30.48,6.33996062992126,6.137099027633667
actual,1.0,interactions only,position logit,1,1.01432,205.75,0,65.368,3.1475645575816915,1.7065544128417969
actual,1.0,interactions only,position logit,2,1.01592,195.371,0,73.176,2.6698781021099816,2.2239837646484375
actual,1.0,interactions only,odds-ratio logit,1,1.01465,275.023,0,27.16,10.126030927835052,0.7456376552581787
actual,1.0,interactions only,odds-ratio logit,2,1.00949,327.176,0,30.92,10.581371280724449,0.7767190933227539
actual,1.0,interactions only,adjusted row,1,1.01048,645.638,0,28.232,22.869013884953247,0.9744124412536621
actual,1.0,interactions only,adjusted row,2,1.00732,588.2,0,26.744,21.99371821717021,0.9710433483123779
actual,1.0,interactions only,adjusted table,1,1.01619,152.652,0,21.688,7.038546661748432,4.895139217376709
actual,1.0,interactions only,adjusted table,2,1.00404,266.064,0,29.384,9.054723659134224,5.11910080909729
actual,2.0,equal sd,position logit,1,1.01406,283.565,0,805.912,0.35185603390940945,14.879237651824951
actual,2.0,equal sd,position logit,2,1.0118,191.679,1,738.615,0.2595113827907638,12.681181192398071
actual,2.0,equal sd,odds-ratio logit,1,1.01759,163.318,0,71.416,2.286854486389605,2.3360109329223633
actual,2.0,equal sd,odds-ratio logit,2,1.00727,307.376,1,124.618,2.466545763854339,2.7635529041290283
actual,2.0,equal sd,adjusted row,1,1.00545,268.87,0,19.624,13.701080309824706,0.954664945602417
actual,2.0,equal sd,adjusted row,2,1.0103,192.276,0,19.192,10.018549395581493,1.0902769565582275
actual,2.0,equal sd,adjusted table,1,1.01724,123.027,0,36.184,3.400038691134203,8.155280351638794
actual,2.0,equal sd,adjusted table,2,1.00748,108.998,0,36.168,3.013658482636585,7.291000127792358
actual,2.0,interactions only,position logit,1,1.07262,44.32,0,1023.0,0.04332355816226784,18.14604687690735
actual,2.0,interactions only,position logit,2,1.02212,90.543,7,1000.883,0.0904631210641004,17.946573972702026
actual,2.0,interactions only,odds-ratio logit,1,1.02378,174.386,0,193.688,0.9003448845566066,4.376514673233032
actual,2.0,interactions only,odds-ratio logit,2,1.01498,263.231,0,253.08,1.040109846688794,6.029048204421997
actual,2.0,interactions only,adjusted row,1,1.00746,263.267,0,24.36,10.807348111658456,1.3504958152770996
actual,2.0,interactions only,adjusted row,2,1.00787,139.852,0,24.168,5.786660046342271,1.40030837059021
actual,2.0,interactions only,adjusted table,1,1.01236,395.687,0,43.272,9.144180994638566,6.959352016448975
actual,2.0,interactions only,adjusted table,2,1.0119,381.692,0,38.304,9.964807852965748,6.879307508468628
