part,area,mismatch,N,sigma_b,centre,prior,conflict_sd,param,seconds,max_rhat,min_ess,div,leapfrogs,ess_per_1000_grad,ess_per_s
A,East Lothian,0.8307651283822193,35540.0,0.5,indep,equal sd,0.0,ILR + log volume,0.9651424884796143,1.00623,721.253,0,111.736,6.454974224958832,747.176949621602
A,East Lothian,0.8307651283822193,35540.0,0.5,indep,equal sd,0.0,log cells,0.7298586368560791,1.00198,765.708,0,124.568,6.146907713056322,1048.9513554506332
A,East Lothian,0.8307651283822193,35540.0,0.5,indep,equal sd,0.0,position logit,0.22204113006591797,1.00233,721.35,0,10.096,71.44908874801902,3247.303295964968
A,East Lothian,0.8307651283822193,35540.0,0.5,indep,equal sd,0.0,odds-ratio logit,0.22874069213867188,1.00233,965.436,0,7.444,129.6931757119828,4218.704630030463
A,East Lothian,0.8307651283822193,35540.0,0.5,indep,equal sd,0.0,adjusted row,0.40403318405151367,1.00966,390.146,0,10.688,36.50318113772455,965.4007334254453
A,East Lothian,0.8307651283822193,35540.0,0.5,indep,equal sd,0.0,adjusted table,0.9366142749786377,1.00476,398.124,0,13.392,29.728494623655916,425.0247810474194
A,East Lothian,0.8307651283822193,35540.0,0.5,raked,equal sd,0.0,ILR + log volume,1.8221588134765625,1.00318,800.112,0,251.672,3.17918560666264,439.0811402756705
A,East Lothian,0.8307651283822193,35540.0,0.5,raked,equal sd,0.0,log cells,0.46399688720703125,1.00704,492.834,0,56.728,8.68766746580172,1061.8820063432572
A,East Lothian,0.8307651283822193,35540.0,0.5,raked,equal sd,0.0,position logit,0.2574789524078369,1.00153,797.72,0,13.304,59.960914010823814,3097.133879359261
A,East Lothian,0.8307651283822193,35540.0,0.5,raked,equal sd,0.0,odds-ratio logit,0.2614328861236572,1.00248,714.298,0,10.456,68.31465187452181,2730.6759451163825
A,East Lothian,0.8307651283822193,35540.0,0.5,raked,equal sd,0.0,adjusted row,0.4243013858795166,1.00677,456.607,0,10.4,43.90451923076923,1075.7780903909295
A,East Lothian,0.8307651283822193,35540.0,0.5,raked,equal sd,0.0,adjusted table,1.257199764251709,1.00667,187.892,0,16.136,11.64427367377293,149.43733504803055
A,East Lothian,0.8307651283822193,35540.0,0.5,national,equal sd,3.464104420357982,ILR + log volume,1.735635757446289,1.00279,938.178,0,244.568,3.8360619541395438,540.4963576090827
A,East Lothian,0.8307651283822193,35540.0,0.5,national,equal sd,3.464104420357982,log cells,0.4375028610229492,1.00585,478.444,0,58.424,8.189168834725455,1093.3098314635147
A,East Lothian,0.8307651283822193,35540.0,0.5,national,equal sd,3.464104420357982,position logit,0.23491907119750977,1.00463,648.202,0,8.952,72.40862377122431,2757.7340545347947
A,East Lothian,0.8307651283822193,35540.0,0.5,national,equal sd,3.464104420357982,odds-ratio logit,0.29232215881347656,1.00295,532.792,0,9.48,56.20168776371308,1821.7574900201196
A,East Lothian,0.8307651283822193,35540.0,0.5,national,equal sd,3.464104420357982,adjusted row,0.40270113945007324,1.00394,407.756,0,10.976,37.14978134110787,1012.1461026140878
A,East Lothian,0.8307651283822193,35540.0,0.5,national,equal sd,3.464104420357982,adjusted table,1.3397488594055176,1.00483,242.589,0,14.808,16.382293354943275,181.0542320056927
A,East Lothian,0.8307651283822193,35540.0,0.5,national,interactions only,0.034641044203579816,ILR + log volume,2.2967896461486816,1.01016,494.446,0,294.552,1.6786373883049512,215.26578914204953
A,East Lothian,0.8307651283822193,35540.0,0.5,national,interactions only,0.034641044203579816,log cells,0.7354438304901123,1.00483,355.315,0,64.888,5.475819874244852,483.0357617030821
A,East Lothian,0.8307651283822193,35540.0,0.5,national,interactions only,0.034641044203579816,position logit,0.2646353244781494,1.0047,642.705,0,12.216,52.61173870333989,2427.8237869617847
A,East Lothian,0.8307651283822193,35540.0,0.5,national,interactions only,0.034641044203579816,odds-ratio logit,0.23771405220031738,1.00382,646.747,0,10.88,59.44365808823529,2719.400361384595
A,East Lothian,0.8307651283822193,35540.0,0.5,national,interactions only,0.034641044203579816,adjusted row,0.41468095779418945,1.0022,466.648,0,11.4,40.9340350877193,1125.09237390804
A,East Lothian,0.8307651283822193,35540.0,0.5,national,interactions only,0.034641044203579816,adjusted table,1.1830940246582031,1.00368,325.337,0,13.4,24.278880597014926,274.95465428886513
A,East Lothian,0.8307651283822193,35540.0,2.0,indep,equal sd,0.0,ILR + log volume,3.8953468799591064,1.01337,298.394,0,720.408,0.41420139698615227,76.60077848275814
A,East Lothian,0.8307651283822193,35540.0,2.0,indep,equal sd,0.0,log cells,3.693815231323242,1.00649,367.96,0,873.496,0.42124978248326267,99.61249945557455
A,East Lothian,0.8307651283822193,35540.0,2.0,indep,equal sd,0.0,position logit,1.2758533954620361,1.01016,422.242,1,117.963,3.579444402058273,330.91621717681505
A,East Lothian,0.8307651283822193,35540.0,2.0,indep,equal sd,0.0,odds-ratio logit,0.45958566665649414,1.00766,396.608,0,28.68,13.828730822873082,862.8012012514419
A,East Lothian,0.8307651283822193,35540.0,2.0,indep,equal sd,0.0,adjusted row,0.59372878074646,1.00254,492.015,0,20.184,24.376486325802613,828.5620207070194
A,East Lothian,0.8307651283822193,35540.0,2.0,indep,equal sd,0.0,adjusted table,1.823429822921753,1.0034,325.078,0,23.976,13.558475141808474,178.27022866217436
A,East Lothian,0.8307651283822193,35540.0,2.0,raked,equal sd,0.0,ILR + log volume,4.840559720993042,1.00905,405.456,0,999.96,0.40547221888875556,83.7592314185011
A,East Lothian,0.8307651283822193,35540.0,2.0,raked,equal sd,0.0,log cells,1.8074951171875,1.01903,75.1162,2,375.76,0.1999047264211199,41.55531461188287
A,East Lothian,0.8307651283822193,35540.0,2.0,raked,equal sd,0.0,position logit,1.672593593597412,1.01121,228.777,2,124.876,1.832033377110093,136.7696129425099
A,East Lothian,0.8307651283822193,35540.0,2.0,raked,equal sd,0.0,odds-ratio logit,0.5862882137298584,1.01511,200.015,0,30.824,6.488937191798597,341.10160814554774
A,East Lothian,0.8307651283822193,35540.0,2.0,raked,equal sd,0.0,adjusted row,0.6728041172027588,1.02089,161.833,0,18.512,8.742059204840103,240.50304668816906
A,East Lothian,0.8307651283822193,35540.0,2.0,raked,equal sd,0.0,adjusted table,1.9257562160491943,1.00941,248.868,0,26.048,9.554207616707616,129.225663179475
A,East Lothian,0.8307651283822193,35540.0,2.0,national,equal sd,0.8660261050894955,ILR + log volume,4.890272855758667,1.00342,350.186,0,957.976,0.36554777990262804,71.60648388534648
A,East Lothian,0.8307651283822193,35540.0,2.0,national,equal sd,0.8660261050894955,log cells,1.8409266471862793,1.01397,131.131,7,362.306,0.36193438695467367,71.22738661464076
A,East Lothian,0.8307651283822193,35540.0,2.0,national,equal sd,0.8660261050894955,position logit,2.133547782897949,1.02066,247.63,0,159.156,1.555894845309005,116.0607320739174
A,East Lothian,0.8307651283822193,35540.0,2.0,national,equal sd,0.8660261050894955,odds-ratio logit,0.7927050590515137,1.02589,113.59,0,41.336,2.7479678730404493,143.27868247521582
A,East Lothian,0.8307651283822193,35540.0,2.0,national,equal sd,0.8660261050894955,adjusted row,0.632056713104248,1.00971,235.55,0,17.832,13.20939883355765,372.6139242143836
A,East Lothian,0.8307651283822193,35540.0,2.0,national,equal sd,0.8660261050894955,adjusted table,1.7819273471832275,1.00214,370.828,0,24.824,14.938285530132129,208.09420234715256
A,East Lothian,0.8307651283822193,35540.0,2.0,national,interactions only,0.034641044203579816,ILR + log volume,5.404705286026001,1.01006,228.643,0,1012.248,0.22587646505599418,42.30364124611668
A,East Lothian,0.8307651283822193,35540.0,2.0,national,interactions only,0.034641044203579816,log cells,3.0607309341430664,1.03325,46.7881,1,683.255,0.06847824018850941,15.28585810690562
A,East Lothian,0.8307651283822193,35540.0,2.0,national,interactions only,0.034641044203579816,position logit,4.633364200592041,1.02088,293.221,1,309.133,0.9485270094101892,63.28309069874039
A,East Lothian,0.8307651283822193,35540.0,2.0,national,interactions only,0.034641044203579816,odds-ratio logit,1.4322714805603027,1.00905,196.243,0,92.792,2.1148698163634796,137.00302448785493
A,East Lothian,0.8307651283822193,35540.0,2.0,national,interactions only,0.034641044203579816,adjusted row,0.9286239147186279,1.01326,346.453,0,22.448,15.433579828937988,373.0247755021781
A,East Lothian,0.8307651283822193,35540.0,2.0,national,interactions only,0.034641044203579816,adjusted table,1.690260887145996,1.00308,289.198,0,14.736,19.625271444082518,171.08812156243133
A,Argyll and Bute,1.494623524812459,29692.0,0.5,indep,equal sd,0.0,ILR + log volume,0.8907859325408936,1.00571,537.235,0,95.928,5.6003982153281635,603.0341381917327
A,Argyll and Bute,1.494623524812459,29692.0,0.5,indep,equal sd,0.0,log cells,0.6885597705841064,1.00315,862.016,0,121.496,7.095015473760453,1251.744783422321
A,Argyll and Bute,1.494623524812459,29692.0,0.5,indep,equal sd,0.0,position logit,0.24703240394592285,1.00169,792.674,0,9.12,86.91600877192982,3206.45215409646
A,Argyll and Bute,1.494623524812459,29692.0,0.5,indep,equal sd,0.0,odds-ratio logit,0.24300670623779297,1.00136,1088.92,0,7.336,148.4351145038168,4478.822679059295
A,Argyll and Bute,1.494623524812459,29692.0,0.5,indep,equal sd,0.0,adjusted row,0.38805580139160156,1.00398,478.921,0,9.432,50.77618744698897,1233.8828267764466
A,Argyll and Bute,1.494623524812459,29692.0,0.5,indep,equal sd,0.0,adjusted table,1.1231257915496826,1.00347,408.86,0,14.064,29.071387940841866,364.0080663401621
A,Argyll and Bute,1.494623524812459,29692.0,0.5,raked,equal sd,0.0,ILR + log volume,1.387777328491211,1.00766,638.225,0,206.424,3.091815874123164,459.85498367691633
A,Argyll and Bute,1.494623524812459,29692.0,0.5,raked,equal sd,0.0,log cells,0.5505087375640869,1.00678,367.161,0,61.592,5.96118002337966,666.6829086120262
A,Argyll and Bute,1.494623524812459,29692.0,0.5,raked,equal sd,0.0,position logit,0.28257083892822266,1.00179,664.543,0,10.976,60.54509839650145,2350.4461436968
A,Argyll and Bute,1.494623524812459,29692.0,0.5,raked,equal sd,0.0,odds-ratio logit,0.28703808784484863,1.00397,771.279,0,8.08,95.45532178217822,2686.0940735454933
A,Argyll and Bute,1.494623524812459,29692.0,0.5,raked,equal sd,0.0,adjusted row,0.3861513137817383,1.00516,470.29,0,10.088,46.618754956383825,1217.2628995890702
A,Argyll and Bute,1.494623524812459,29692.0,0.5,raked,equal sd,0.0,adjusted table,1.3256292343139648,1.00182,305.399,0,16.944,18.024020302171863,230.3587368116656
A,Argyll and Bute,1.494623524812459,29692.0,0.5,national,equal sd,6.027070464531985,ILR + log volume,1.2601606845855713,1.00659,526.882,0,204.056,2.5820461049907864,418.0598563301856
A,Argyll and Bute,1.494623524812459,29692.0,0.5,national,equal sd,6.027070464531985,log cells,0.47910189628601074,1.00511,275.965,0,57.992,4.758673610153124,575.8813010204335
A,Argyll and Bute,1.494623524812459,29692.0,0.5,national,equal sd,6.027070464531985,position logit,0.3029468059539795,1.00602,540.164,0,8.784,61.49408014571949,1782.4699743645422
A,Argyll and Bute,1.494623524812459,29692.0,0.5,national,equal sd,6.027070464531985,odds-ratio logit,0.25950098037719727,1.00658,496.437,0,8.472,58.59737960339944,1912.2910716743736
A,Argyll and Bute,1.494623524812459,29692.0,0.5,national,equal sd,6.027070464531985,adjusted row,0.38988780975341797,1.00459,329.181,0,9.332,35.2744320617231,844.1191555563163
A,Argyll and Bute,1.494623524812459,29692.0,0.5,national,equal sd,6.027070464531985,adjusted table,1.2536427974700928,1.00648,342.065,0,15.408,22.200480269989615,272.83607500838156
A,Argyll and Bute,1.494623524812459,29692.0,0.5,national,interactions only,0.06027070464531985,ILR + log volume,1.6922991275787354,1.00527,528.71,0,246.04,2.148878231181922,312.3963479794551
A,Argyll and Bute,1.494623524812459,29692.0,0.5,national,interactions only,0.06027070464531985,log cells,0.5681769847869873,1.00687,302.108,0,77.144,3.916156797677071,531.6117655682574
A,Argyll and Bute,1.494623524812459,29692.0,0.5,national,interactions only,0.06027070464531985,position logit,0.24942755699157715,1.00319,673.734,0,8.416,80.05394486692015,2698.1833634764744
A,Argyll and Bute,1.494623524812459,29692.0,0.5,national,interactions only,0.06027070464531985,odds-ratio logit,0.24196696281433105,1.00462,634.08,0,9.904,64.02261712439419,2619.426105497051
A,Argyll and Bute,1.494623524812459,29692.0,0.5,national,interactions only,0.06027070464531985,adjusted row,0.4821140766143799,1.00986,576.593,0,11.136,51.77738864942529,1195.6457361339767
A,Argyll and Bute,1.494623524812459,29692.0,0.5,national,interactions only,0.06027070464531985,adjusted table,1.211778163909912,1.00915,423.545,0,14.104,30.030133295519004,349.49755253648283
A,Argyll and Bute,1.494623524812459,29692.0,2.0,indep,equal sd,0.0,ILR + log volume,4.0401458740234375,1.01683,281.285,0,603.928,0.4657591633439748,69.62004158691671
A,Argyll and Bute,1.494623524812459,29692.0,2.0,indep,equal sd,0.0,log cells,3.3706908226013184,1.01071,311.193,0,704.792,0.44153878023587095,92.32041611387078
A,Argyll and Bute,1.494623524812459,29692.0,2.0,indep,equal sd,0.0,position logit,1.1434340476989746,1.01122,330.798,1,61.391,5.388379404147188,289.2789299476096
A,Argyll and Bute,1.494623524812459,29692.0,2.0,indep,equal sd,0.0,odds-ratio logit,0.47185564041137695,1.03032,89.0273,0,22.744,3.9143202602884277,188.64074340286058
A,Argyll and Bute,1.494623524812459,29692.0,2.0,indep,equal sd,0.0,adjusted row,0.49939727783203125,1.00528,477.021,0,18.624,25.613240979381445,955.0201758010963
A,Argyll and Bute,1.494623524812459,29692.0,2.0,indep,equal sd,0.0,adjusted table,2.113847017288208,1.00301,339.501,0,22.84,14.864316987740805,160.60114826613696
A,Argyll and Bute,1.494623524812459,29692.0,2.0,raked,equal sd,0.0,ILR + log volume,5.471709728240967,1.01194,281.026,0,841.752,0.3338584286108023,51.3588394085519
A,Argyll and Bute,1.494623524812459,29692.0,2.0,raked,equal sd,0.0,log cells,2.8438284397125244,1.04749,31.7859,0,507.928,0.06257953883227545,11.176766857347797
A,Argyll and Bute,1.494623524812459,29692.0,2.0,raked,equal sd,0.0,position logit,1.7953057289123535,1.00621,336.06,0,119.128,2.820999261298771,187.1738557789424
A,Argyll and Bute,1.494623524812459,29692.0,2.0,raked,equal sd,0.0,odds-ratio logit,0.6255393028259277,1.01592,204.554,1,29.7,6.887340067340068,326.867067896524
A,Argyll and Bute,1.494623524812459,29692.0,2.0,raked,equal sd,0.0,adjusted row,0.6631133556365967,1.00924,175.4,0,20.592,8.517871017871018,264.45667665279825
A,Argyll and Bute,1.494623524812459,29692.0,2.0,raked,equal sd,0.0,adjusted table,2.1671981811523438,1.00554,378.91,0,27.624,13.716695626991024,174.82760817216993
A,Argyll and Bute,1.494623524812459,29692.0,2.0,national,equal sd,1.5067676161329961,ILR + log volume,4.781069278717041,1.01785,185.862,0,813.528,0.2284641708705785,38.87370283554599
A,Argyll and Bute,1.494623524812459,29692.0,2.0,national,equal sd,1.5067676161329961,log cells,2.3432884216308594,1.05842,50.5198,53,414.39,0.12191365621757282,21.55805109147252
A,Argyll and Bute,1.494623524812459,29692.0,2.0,national,equal sd,1.5067676161329961,position logit,1.7872087955474854,1.00926,230.673,2,112.704,2.0467152896081773,129.06031934666854
A,Argyll and Bute,1.494623524812459,29692.0,2.0,national,equal sd,1.5067676161329961,odds-ratio logit,0.710376501083374,1.02111,162.527,0,48.12,3.377535328345802,228.76399303191778
A,Argyll and Bute,1.494623524812459,29692.0,2.0,national,equal sd,1.5067676161329961,adjusted row,0.8186662197113037,1.00905,262.298,0,24.896,10.535748714652955,320.3642866500315
A,Argyll and Bute,1.494623524812459,29692.0,2.0,national,equal sd,1.5067676161329961,adjusted table,1.881758689880371,1.00954,283.613,0,21.928,12.933828894564027,150.6959272509932
A,Argyll and Bute,1.494623524812459,29692.0,2.0,national,interactions only,0.06027070464531985,ILR + log volume,4.946430206298828,1.01323,271.788,0,983.576,0.2763263845396797,54.94471654494796
A,Argyll and Bute,1.494623524812459,29692.0,2.0,national,interactions only,0.06027070464531985,log cells,2.8686890602111816,1.04255,34.5817,6,619.942,0.055782153814389085,12.054159857829452
A,Argyll and Bute,1.494623524812459,29692.0,2.0,national,interactions only,0.06027070464531985,position logit,5.291525840759277,1.00629,382.929,0,461.976,0.8288937087640916,72.3653331576751
A,Argyll and Bute,1.494623524812459,29692.0,2.0,national,interactions only,0.06027070464531985,odds-ratio logit,0.8862559795379639,1.00754,126.44,1,48.786,2.591727134833764,142.6523877649778
A,Argyll and Bute,1.494623524812459,29692.0,2.0,national,interactions only,0.06027070464531985,adjusted row,0.8358790874481201,1.01151,262.017,0,20.056,13.064270043877142,313.43168959686324
A,Argyll and Bute,1.494623524812459,29692.0,2.0,national,interactions only,0.06027070464531985,adjusted table,1.7591633796691895,1.00825,290.995,0,17.376,16.746949815837937,165.405401089854
A,SPRINGBURN,2.4713960950616527,19314.0,0.5,indep,equal sd,0.0,ILR + log volume,1.003986120223999,1.00374,852.194,0,111.576,7.637789488778949,848.7275009530006
A,SPRINGBURN,2.4713960950616527,19314.0,0.5,indep,equal sd,0.0,log cells,0.5464258193969727,1.01018,402.702,0,95.96,4.196561067111297,736.8358045288853
A,SPRINGBURN,2.4713960950616527,19314.0,0.5,indep,equal sd,0.0,position logit,0.2401435375213623,1.00367,831.893,0,7.192,115.66921579532814,3462.5264461515103
A,SPRINGBURN,2.4713960950616527,19314.0,0.5,indep,equal sd,0.0,odds-ratio logit,0.21508574485778809,1.00312,891.774,0,7.12,125.24915730337078,4144.157213381862
A,SPRINGBURN,2.4713960950616527,19314.0,0.5,indep,equal sd,0.0,adjusted row,0.40244507789611816,1.00478,442.923,0,10.32,42.91889534883721,1100.3596547990155
A,SPRINGBURN,2.4713960950616527,19314.0,0.5,indep,equal sd,0.0,adjusted table,1.05971097946167,1.00641,345.05,0,15.448,22.336224754013465,325.5806921661022
A,SPRINGBURN,2.4713960950616527,19314.0,0.5,raked,equal sd,0.0,ILR + log volume,1.3255960941314697,1.00273,651.788,0,178.84,3.6445314247371954,491.65827672165113
A,SPRINGBURN,2.4713960950616527,19314.0,0.5,raked,equal sd,0.0,log cells,0.45553135871887207,1.00644,490.511,0,56.392,8.698237338629593,1076.5666539914841
A,SPRINGBURN,2.4713960950616527,19314.0,0.5,raked,equal sd,0.0,position logit,0.23293352127075195,1.0032,820.359,0,7.128,115.08964646464646,3520.590492145054
A,SPRINGBURN,2.4713960950616527,19314.0,0.5,raked,equal sd,0.0,odds-ratio logit,0.23864388465881348,1.00438,650.949,0,7.712,84.40728734439834,2726.0145078057917
A,SPRINGBURN,2.4713960950616527,19314.0,0.5,raked,equal sd,0.0,adjusted row,0.6044931411743164,1.00819,469.179,0,13.528,34.68206682436428,776.0382539393848
A,SPRINGBURN,2.4713960950616527,19314.0,0.5,raked,equal sd,0.0,adjusted table,1.1258752346038818,1.00276,489.479,0,14.376,34.04834446299388,434.7189536577588
A,SPRINGBURN,2.4713960950616527,19314.0,0.5,national,equal sd,6.842109425641691,ILR + log volume,1.2252299785614014,1.00938,550.813,0,204.568,2.6925667748621485,449.5293873575591
A,SPRINGBURN,2.4713960950616527,19314.0,0.5,national,equal sd,6.842109425641691,log cells,0.4044787883758545,1.00408,149.179,2,45.426,3.2840003522211947,368.6898539717258
A,SPRINGBURN,2.4713960950616527,19314.0,0.5,national,equal sd,6.842109425641691,position logit,0.21903300285339355,1.00077,761.367,0,7.1,107.23478873239436,3474.286848088568
A,SPRINGBURN,2.4713960950616527,19314.0,0.5,national,equal sd,6.842109425641691,odds-ratio logit,0.22642946243286133,1.00228,534.014,0,7.024,76.02705011389521,2356.6553133828975
A,SPRINGBURN,2.4713960950616527,19314.0,0.5,national,equal sd,6.842109425641691,adjusted row,0.47510814666748047,1.00244,424.855,0,10.696,39.72092370979806,893.9036614628455
A,SPRINGBURN,2.4713960950616527,19314.0,0.5,national,equal sd,6.842109425641691,adjusted table,1.2507121562957764,1.00292,223.718,0,14.928,14.986468381564842,178.8593310829653
A,SPRINGBURN,2.4713960950616527,19314.0,0.5,national,interactions only,0.0684210942564169,ILR + log volume,1.5548956394195557,1.00204,475.986,0,239.256,1.9894422710402246,306.1025142445005
A,SPRINGBURN,2.4713960950616527,19314.0,0.5,national,interactions only,0.0684210942564169,log cells,0.5565080642700195,1.00733,371.082,0,66.936,5.543832915023305,666.6981005767313
A,SPRINGBURN,2.4713960950616527,19314.0,0.5,national,interactions only,0.0684210942564169,position logit,0.2106037139892578,1.00198,544.199,0,7.72,70.49209844559586,2582.8812193224753
A,SPRINGBURN,2.4713960950616527,19314.0,0.5,national,interactions only,0.0684210942564169,odds-ratio logit,0.261028528213501,1.00619,451.663,0,9.4,48.04925531914893,1729.7437792545275
A,SPRINGBURN,2.4713960950616527,19314.0,0.5,national,interactions only,0.0684210942564169,adjusted row,0.47678327560424805,1.00202,386.976,0,11.48,33.70871080139373,811.4663457174282
A,SPRINGBURN,2.4713960950616527,19314.0,0.5,national,interactions only,0.0684210942564169,adjusted table,1.1153461933135986,1.00506,458.847,0,14.024,32.718696520251,411.3556381879817
A,SPRINGBURN,2.4713960950616527,19314.0,2.0,indep,equal sd,0.0,ILR + log volume,3.301114082336426,1.01008,369.063,0,542.488,0.6803155092831545,111.7939418021852
A,SPRINGBURN,2.4713960950616527,19314.0,2.0,indep,equal sd,0.0,log cells,2.3749334812164307,1.00439,219.549,0,508.44,0.43180906301628513,92.4394478034049
A,SPRINGBURN,2.4713960950616527,19314.0,2.0,indep,equal sd,0.0,position logit,0.5015900135040283,1.00457,630.131,0,29.592,21.29396458502298,1256.0538955468596
A,SPRINGBURN,2.4713960950616527,19314.0,2.0,indep,equal sd,0.0,odds-ratio logit,0.3773233890533447,1.00231,435.597,0,19.648,22.170042752442995,1153.9523655607957
A,SPRINGBURN,2.4713960950616527,19314.0,2.0,indep,equal sd,0.0,adjusted row,0.646751880645752,1.00803,501.63,0,18.048,27.794215425531917,775.5025093464403
A,SPRINGBURN,2.4713960950616527,19314.0,2.0,indep,equal sd,0.0,adjusted table,1.928959846496582,1.00516,240.395,0,23.384,10.280319876838865,124.61387103599516
A,SPRINGBURN,2.4713960950616527,19314.0,2.0,raked,equal sd,0.0,ILR + log volume,4.486020088195801,1.02685,279.813,0,670.232,0.4174867806968333,62.37300336062086
A,SPRINGBURN,2.4713960950616527,19314.0,2.0,raked,equal sd,0.0,log cells,1.7399499416351318,1.01616,93.8551,6,352.698,0.26610613045721837,53.93762818448116
A,SPRINGBURN,2.4713960950616527,19314.0,2.0,raked,equal sd,0.0,position logit,0.9218766689300537,1.00555,363.937,1,55.054,6.610546009372616,394.739303981832
A,SPRINGBURN,2.4713960950616527,19314.0,2.0,raked,equal sd,0.0,odds-ratio logit,0.4794282913208008,1.02108,70.695,0,22.696,3.1148660556926324,147.42711399839106
A,SPRINGBURN,2.4713960950616527,19314.0,2.0,raked,equal sd,0.0,adjusted row,0.7159593105316162,1.00579,370.058,0,18.024,20.531402574345314,516.8038972768948
A,SPRINGBURN,2.4713960950616527,19314.0,2.0,raked,equal sd,0.0,adjusted table,1.6504135131835938,1.01366,223.494,0,21.104,10.590125094768764,135.40642842402903
A,SPRINGBURN,2.4713960950616527,19314.0,2.0,national,equal sd,1.7105273564104226,ILR + log volume,3.893688678741455,1.00775,235.415,0,703.768,0.3345065419285901,60.458575318772276
A,SPRINGBURN,2.4713960950616527,19314.0,2.0,national,equal sd,1.7105273564104226,log cells,2.349331855773926,1.05297,37.2019,4,538.743,0.06905314779031932,15.834450331923954
A,SPRINGBURN,2.4713960950616527,19314.0,2.0,national,equal sd,1.7105273564104226,position logit,1.3043451309204102,1.01247,380.604,1,85.031,4.476061671625642,291.7485809996403
A,SPRINGBURN,2.4713960950616527,19314.0,2.0,national,equal sd,1.7105273564104226,odds-ratio logit,0.6335272789001465,1.01146,230.759,0,35.864,6.434279500334598,364.12966394712504
A,SPRINGBURN,2.4713960950616527,19314.0,2.0,national,equal sd,1.7105273564104226,adjusted row,0.5696094036102295,1.01641,327.743,0,16.768,19.545741889312975,575.2823154152973
A,SPRINGBURN,2.4713960950616527,19314.0,2.0,national,equal sd,1.7105273564104226,adjusted table,1.933840036392212,1.00958,225.97,0,24.784,9.117575855390575,116.84352365399094
A,SPRINGBURN,2.4713960950616527,19314.0,2.0,national,interactions only,0.0684210942564169,ILR + log volume,4.607130765914917,1.01685,285.279,0,911.64,0.31292944583388177,61.919590007247386
A,SPRINGBURN,2.4713960950616527,19314.0,2.0,national,interactions only,0.0684210942564169,log cells,2.193875551223755,1.06525,30.8645,10,464.851,0.06639654426902383,14.067598950225698
A,SPRINGBURN,2.4713960950616527,19314.0,2.0,national,interactions only,0.0684210942564169,position logit,1.9812800884246826,1.01417,236.545,0,68.648,3.445766810395059,119.38443962723198
A,SPRINGBURN,2.4713960950616527,19314.0,2.0,national,interactions only,0.0684210942564169,odds-ratio logit,0.8956694602966309,1.00827,267.777,0,44.448,6.0245005399568035,298.885489100138
A,SPRINGBURN,2.4713960950616527,19314.0,2.0,national,interactions only,0.0684210942564169,adjusted row,0.608253002166748,1.00696,421.387,0,18.056,23.33778245458573,692.6776385366894
A,SPRINGBURN,2.4713960950616527,19314.0,2.0,national,interactions only,0.0684210942564169,adjusted table,1.4816811084747314,1.00934,359.057,0,15.568,23.063784686536486,242.31705737272594
B,Argyll and Bute,1.494623524812459,296.92,1.0,raked,equal sd,0.0,ILR + log volume,0.3837926387786865,1.00618,673.076,0,39.448,17.062360575948084,1753.2110857619095
B,Argyll and Bute,1.494623524812459,296.92,1.0,raked,equal sd,0.0,log cells,0.27350330352783203,1.00448,355.065,0,19.912,17.831709521896343,1297.5131404554734
B,Argyll and Bute,1.494623524812459,296.92,1.0,raked,equal sd,0.0,position logit,0.47239041328430176,1.00359,640.857,0,29.48,21.73870420624152,1356.1671601170322
B,Argyll and Bute,1.494623524812459,296.92,1.0,raked,equal sd,0.0,odds-ratio logit,0.3369412422180176,1.00427,644.251,0,18.472,34.87716543958423,1911.5623559026599
B,Argyll and Bute,1.494623524812459,296.92,1.0,raked,equal sd,0.0,adjusted row,0.5531904697418213,1.00518,474.348,0,18.216,26.04018445322793,857.2998273783055
B,Argyll and Bute,1.494623524812459,296.92,1.0,raked,equal sd,0.0,adjusted table,1.672395944595337,1.00467,543.086,0,26.968,20.13816374962919,324.7185892288099
B,Argyll and Bute,1.494623524812459,2969200.0,1.0,raked,equal sd,0.0,ILR + log volume,5.192626237869263,1.12835,14.0461,0,1023.0,0.01373030303030303,2.704952478190104
B,Argyll and Bute,1.494623524812459,2969200.0,1.0,raked,equal sd,0.0,log cells,3.764190196990967,1.01894,132.259,9,1014.801,0.13032998587900482,35.1351372770028
B,Argyll and Bute,1.494623524812459,2969200.0,1.0,raked,equal sd,0.0,position logit,0.28496408462524414,1.00515,647.228,1,14.698,44.03510681725405,2270.292931978296
B,Argyll and Bute,1.494623524812459,2969200.0,1.0,raked,equal sd,0.0,odds-ratio logit,0.28389430046081543,1.00267,391.87,0,13.264,29.543878166465625,1379.74325204071
B,Argyll and Bute,1.494623524812459,2969200.0,1.0,raked,equal sd,0.0,adjusted row,0.44765186309814453,1.0112,388.846,0,11.264,34.52112926136364,868.4058868452565
B,Argyll and Bute,1.494623524812459,2969200.0,1.0,raked,equal sd,0.0,adjusted table,1.501497507095337,1.0071,272.482,0,18.616,14.636978942844866,181.4623437912623
B,Argyll and Bute,1.494623524812459,29692.0,1.0,raked,equal sd,0.0,ILR + log volume,2.313110828399658,1.01549,533.872,0,439.576,1.2145158061404624,230.7904233495994
B,Argyll and Bute,1.494623524812459,29692.0,1.0,raked,equal sd,0.0,log cells,0.9115145206451416,1.02032,114.217,0,137.004,0.8336763890105399,125.2923190306378
B,Argyll and Bute,1.494623524812459,29692.0,1.0,raked,equal sd,0.0,position logit,0.26944947242736816,1.00247,618.397,0,14.056,43.99523335230507,2294.2044950024947
B,Argyll and Bute,1.494623524812459,29692.0,1.0,raked,equal sd,0.0,odds-ratio logit,0.2529153823852539,1.00714,516.704,0,11.136,46.39942528735632,2042.2196032020202
B,Argyll and Bute,1.494623524812459,29692.0,1.0,raked,equal sd,0.0,adjusted row,0.42346811294555664,1.00267,371.525,0,14.584,25.47483543609435,877.1022454271647
B,Argyll and Bute,1.494623524812459,29692.0,1.0,raked,equal sd,0.0,adjusted table,1.418412208557129,1.0072,300.768,0,17.264,17.42168674698795,212.0297994269957
