dataset,part,area,mismatch,N,sigma_b,centre,prior,conflict_sd,param,seed,seconds,max_rhat,min_ess,div,leapfrogs,ess_per_1000_grad,ess_per_s
senc,A,Columbus WACCAMAW,1.0819679615372548,1708.0,0.5,indep,equal sd,1.5665994789205886e-15,ILR + log volume,1,0.2313899993896484,1.01359,538.357,0,32.864,16.38135954235638,2325.189028035728
senc,A,Columbus WACCAMAW,1.0819679615372548,1708.0,0.5,indep,equal sd,1.5665994789205886e-15,log cells,1,0.1237132549285888,1.01427,316.146,0,20.348,15.536956949085909,2552.915576266194
senc,A,Columbus WACCAMAW,1.0819679615372548,1708.0,0.5,indep,equal sd,1.5665994789205886e-15,position logit,1,0.125756025314331,1.00196,884.254,0,8.1,109.16716049382715,7021.240916297825
senc,A,Columbus WACCAMAW,1.0819679615372548,1708.0,0.5,indep,equal sd,1.5665994789205886e-15,odds-ratio logit,1,0.1335806846618652,1.00486,758.611,0,8.392,90.39692564346996,5675.24859716081
senc,A,Columbus WACCAMAW,1.0819679615372548,1708.0,0.5,indep,equal sd,1.5665994789205886e-15,adjusted row,1,0.1957528591156005,0.999901,732.103,0,9.716,75.35024701523261,3737.963847338949
senc,A,Columbus WACCAMAW,1.0819679615372548,1708.0,0.5,indep,equal sd,1.5665994789205886e-15,adjusted table,1,0.3345625400543213,1.00023,607.066,0,12.052,50.37056090275473,1813.841102446836
senc,A,Columbus WACCAMAW,1.0819679615372548,1708.0,0.5,raked,equal sd,0.0,ILR + log volume,1,0.233799934387207,1.0047,486.957,0,32.548,14.961195772397687,2081.3524135953376
senc,A,Columbus WACCAMAW,1.0819679615372548,1708.0,0.5,raked,equal sd,0.0,log cells,1,0.1169557571411132,1.00586,412.311,0,7.976,51.69395687061184,3521.7762791423224
senc,A,Columbus WACCAMAW,1.0819679615372548,1708.0,0.5,raked,equal sd,0.0,position logit,1,0.1250557899475097,1.00591,772.744,0,7.984,96.78657314629258,6173.768008061214
senc,A,Columbus WACCAMAW,1.0819679615372548,1708.0,0.5,raked,equal sd,0.0,odds-ratio logit,1,0.1590652465820312,1.00429,753.243,0,8.98,83.88006681514477,4731.179283631441
senc,A,Columbus WACCAMAW,1.0819679615372548,1708.0,0.5,raked,equal sd,0.0,adjusted row,1,0.1876552104949951,1.0016,684.72,0,10.78,63.51762523191096,3647.081920407184
senc,A,Columbus WACCAMAW,1.0819679615372548,1708.0,0.5,raked,equal sd,0.0,adjusted table,1,0.3944382667541504,1.00157,711.875,0,12.792,55.65001563477173,1804.2997372549305
senc,A,Columbus WACCAMAW,1.0819679615372548,1708.0,0.5,national,equal sd,3.60818228993465,ILR + log volume,1,0.1766855716705322,1.00359,626.248,0,32.644,19.184168606788383,3542.19331874925
senc,A,Columbus WACCAMAW,1.0819679615372548,1708.0,0.5,national,equal sd,3.60818228993465,log cells,1,0.1038455963134765,1.00534,352.288,0,9.92,35.512903225806454,3389.331900971885
senc,A,Columbus WACCAMAW,1.0819679615372548,1708.0,0.5,national,equal sd,3.60818228993465,position logit,1,0.1068024635314941,1.00291,744.198,0,7.576,98.23099260823652,6960.744307206508
senc,A,Columbus WACCAMAW,1.0819679615372548,1708.0,0.5,national,equal sd,3.60818228993465,odds-ratio logit,1,0.1385490894317627,1.00236,595.259,0,8.152,73.01999509322866,4293.214118831733
senc,A,Columbus WACCAMAW,1.0819679615372548,1708.0,0.5,national,equal sd,3.60818228993465,adjusted row,1,0.2395775318145752,1.00146,691.011,0,10.68,64.70140449438202,2882.9555799253176
senc,A,Columbus WACCAMAW,1.0819679615372548,1708.0,0.5,national,equal sd,3.60818228993465,adjusted table,1,0.3746325969696045,1.00332,496.502,0,12.856,38.62025513378967,1324.8468059330796
senc,A,Columbus WACCAMAW,1.0819679615372548,1708.0,0.5,national,interactions only,0.0360818228993465,ILR + log volume,1,0.2730536460876465,1.00192,519.416,0,55.396,9.376417069824535,1901.5714768582448
senc,A,Columbus WACCAMAW,1.0819679615372548,1708.0,0.5,national,interactions only,0.0360818228993465,log cells,1,0.1032378673553466,1.02509,113.68,0,10.09,11.266600594648168,1100.1960813595304
senc,A,Columbus WACCAMAW,1.0819679615372548,1708.0,0.5,national,interactions only,0.0360818228993465,position logit,1,0.1381971836090088,1.00312,821.462,0,8.328,98.63856868395774,5940.235530175632
senc,A,Columbus WACCAMAW,1.0819679615372548,1708.0,0.5,national,interactions only,0.0360818228993465,odds-ratio logit,1,0.1281723976135254,1.00363,833.909,0,8.82,94.54750566893424,6497.1474374622685
senc,A,Columbus WACCAMAW,1.0819679615372548,1708.0,0.5,national,interactions only,0.0360818228993465,adjusted row,1,0.2201299667358398,1.00133,691.887,0,9.516,72.7077553593947,3141.763826918413
senc,A,Columbus WACCAMAW,1.0819679615372548,1708.0,0.5,national,interactions only,0.0360818228993465,adjusted table,1,0.3140559196472168,1.00417,614.237,0,10.416,58.97052611367127,1954.746091373855
senc,A,Columbus WACCAMAW,1.0819679615372548,1708.0,2.0,indep,equal sd,3.916498697301472e-16,ILR + log volume,1,0.5208513736724854,1.03132,154.791,0,143.984,1.075056950772308,297.0877925969719
senc,A,Columbus WACCAMAW,1.0819679615372548,1708.0,2.0,indep,equal sd,3.916498697301472e-16,log cells,1,0.3492140769958496,1.00434,199.011,0,110.032,1.8086647520721244,569.7459923812046
senc,A,Columbus WACCAMAW,1.0819679615372548,1708.0,2.0,indep,equal sd,3.916498697301472e-16,position logit,1,0.2757799625396728,1.00277,325.134,0,34.32,9.4736013986014,1178.6253974477868
senc,A,Columbus WACCAMAW,1.0819679615372548,1708.0,2.0,indep,equal sd,3.916498697301472e-16,odds-ratio logit,1,0.1575407981872558,1.00382,366.79,0,17.812,20.592297327644285,2326.813764848588
senc,A,Columbus WACCAMAW,1.0819679615372548,1708.0,2.0,indep,equal sd,3.916498697301472e-16,adjusted row,1,0.2047712802886963,1.01029,593.112,0,11.532,51.4318418314256,2895.4730914025927
senc,A,Columbus WACCAMAW,1.0819679615372548,1708.0,2.0,indep,equal sd,3.916498697301472e-16,adjusted table,1,0.5088005065917969,1.00125,600.947,0,13.4,44.84679104477612,1180.8867754723797
senc,A,Columbus WACCAMAW,1.0819679615372548,1708.0,2.0,raked,equal sd,0.0,ILR + log volume,1,0.5335245132446289,1.01186,234.686,0,145.736,1.6103502223198114,439.7940609902448
senc,A,Columbus WACCAMAW,1.0819679615372548,1708.0,2.0,raked,equal sd,0.0,log cells,1,0.3325622081756592,1.07937,22.4578,35,85.769,0.2618405251314577,67.48443393520996
senc,A,Columbus WACCAMAW,1.0819679615372548,1708.0,2.0,raked,equal sd,0.0,position logit,1,0.2951688766479492,1.00866,319.849,2,38.587,8.289035167284318,1083.3125588240043
senc,A,Columbus WACCAMAW,1.0819679615372548,1708.0,2.0,raked,equal sd,0.0,odds-ratio logit,1,0.1447975635528564,1.00954,253.04,0,14.04,18.022792022792025,1746.447598279431
senc,A,Columbus WACCAMAW,1.0819679615372548,1708.0,2.0,raked,equal sd,0.0,adjusted row,1,0.1959526538848877,1.00846,429.013,0,10.88,39.431341911764704,2188.401496325322
senc,A,Columbus WACCAMAW,1.0819679615372548,1708.0,2.0,raked,equal sd,0.0,adjusted table,1,0.4371130466461181,1.00209,479.924,0,13.04,36.80398773006135,1097.645672472036
senc,A,Columbus WACCAMAW,1.0819679615372548,1708.0,2.0,national,equal sd,0.9020455724836624,ILR + log volume,1,0.4973702430725097,1.01032,245.357,0,144.132,1.702307606915883,493.2168293121049
senc,A,Columbus WACCAMAW,1.0819679615372548,1708.0,2.0,national,equal sd,0.9020455724836624,log cells,1,0.3243412971496582,1.02417,124.06,5,84.832,1.4624198415692191,382.3943118678147
senc,A,Columbus WACCAMAW,1.0819679615372548,1708.0,2.0,national,equal sd,0.9020455724836624,position logit,1,0.2542879581451416,1.01174,314.05,0,32.904,9.544432287867735,1234.5692303654912
senc,A,Columbus WACCAMAW,1.0819679615372548,1708.0,2.0,national,equal sd,0.9020455724836624,odds-ratio logit,1,0.1391496658325195,1.02971,92.4986,0,15.354,6.024397551126742,664.3149666263135
senc,A,Columbus WACCAMAW,1.0819679615372548,1708.0,2.0,national,equal sd,0.9020455724836624,adjusted row,1,0.2155632972717285,1.00119,514.031,0,11.956,42.99355971896955,2383.516035566974
senc,A,Columbus WACCAMAW,1.0819679615372548,1708.0,2.0,national,equal sd,0.9020455724836624,adjusted table,1,0.4524655342102051,1.00463,448.297,0,14.048,31.911802391799547,990.6012432673352
senc,A,Columbus WACCAMAW,1.0819679615372548,1708.0,2.0,national,interactions only,0.0360818228993465,ILR + log volume,1,0.7141947746276855,1.00927,208.148,0,194.832,1.0683460622485013,291.4119106093262
senc,A,Columbus WACCAMAW,1.0819679615372548,1708.0,2.0,national,interactions only,0.0360818228993465,log cells,1,0.3182535171508789,1.19152,6.58118,61,56.169,0.1171674767220352,20.6729933043798
senc,A,Columbus WACCAMAW,1.0819679615372548,1708.0,2.0,national,interactions only,0.0360818228993465,position logit,1,0.4154417514801025,1.01276,334.316,0,56.488,5.918354340744936,804.5463619653514
senc,A,Columbus WACCAMAW,1.0819679615372548,1708.0,2.0,national,interactions only,0.0360818228993465,odds-ratio logit,1,0.1578881740570068,1.0119,296.66,4,14.049,21.116093672147485,1878.0512915315176
senc,A,Columbus WACCAMAW,1.0819679615372548,1708.0,2.0,national,interactions only,0.0360818228993465,adjusted row,1,0.1693975925445556,1.00324,609.789,0,11.728,51.994287175989086,3598.200424382853
senc,A,Columbus WACCAMAW,1.0819679615372548,1708.0,2.0,national,interactions only,0.0360818228993465,adjusted table,1,0.3542919158935547,1.0043,545.646,0,10.04,54.34721115537849,1539.3549604729842
senc,A,New Hanover HARNETT 1,3.004193017772698,1625.0,0.5,indep,equal sd,8.208645989907719e-16,ILR + log volume,1,0.148712158203125,1.00356,427.624,0,38.384,11.14068361817424,2874.0586701535112
senc,A,New Hanover HARNETT 1,3.004193017772698,1625.0,0.5,indep,equal sd,8.208645989907719e-16,log cells,1,0.0953204631805419,1.00937,360.256,0,15.772,22.841491250317016,3775.1890234477855
senc,A,New Hanover HARNETT 1,3.004193017772698,1625.0,0.5,indep,equal sd,8.208645989907719e-16,position logit,1,0.0959875583648681,1.00168,1093.85,0,7.332,149.18848881614838,11387.82774665472
senc,A,New Hanover HARNETT 1,3.004193017772698,1625.0,0.5,indep,equal sd,8.208645989907719e-16,odds-ratio logit,1,0.0817525386810302,1.00277,916.469,0,7.672,119.4563347236705,11198.296323438077
senc,A,New Hanover HARNETT 1,3.004193017772698,1625.0,0.5,indep,equal sd,8.208645989907719e-16,adjusted row,1,0.1742265224456787,1.00054,899.118,0,8.876,101.29765660207302,5158.452267537723
senc,A,New Hanover HARNETT 1,3.004193017772698,1625.0,0.5,indep,equal sd,8.208645989907719e-16,adjusted table,1,0.2544159889221191,1.00177,693.797,0,10.904,63.6277512839325,2726.2388547605733
senc,A,New Hanover HARNETT 1,3.004193017772698,1625.0,0.5,raked,equal sd,2.526802997389775e-14,ILR + log volume,1,0.1905052661895752,1.00193,448.041,0,41.832,10.710484796328169,2350.832400487875
senc,A,New Hanover HARNETT 1,3.004193017772698,1625.0,0.5,raked,equal sd,2.526802997389775e-14,log cells,1,0.0788109302520752,1.00344,508.377,0,9.116,55.76755155770075,6444.663120186423
senc,A,New Hanover HARNETT 1,3.004193017772698,1625.0,0.5,raked,equal sd,2.526802997389775e-14,position logit,1,0.0931284427642822,0.999763,792.373,0,7.656,103.49699582027168,8499.380454326216
senc,A,New Hanover HARNETT 1,3.004193017772698,1625.0,0.5,raked,equal sd,2.526802997389775e-14,odds-ratio logit,1,0.1127409934997558,1.00463,714.899,0,7.404,96.5557806591032,6335.741557206487
senc,A,New Hanover HARNETT 1,3.004193017772698,1625.0,0.5,raked,equal sd,2.526802997389775e-14,adjusted row,1,0.1712937355041504,1.00611,660.777,0,10.384,63.63414869029276,3854.937511764412
senc,A,New Hanover HARNETT 1,3.004193017772698,1625.0,0.5,raked,equal sd,2.526802997389775e-14,adjusted table,1,0.4012980461120605,1.00375,551.269,0,11.612,47.47407853944196,1373.4004920409302
senc,A,New Hanover HARNETT 1,3.004193017772698,1625.0,0.5,national,equal sd,7.314919771865619,ILR + log volume,1,0.1756408214569091,1.00105,440.455,0,38.068,11.570216454765156,2506.75015478221
senc,A,New Hanover HARNETT 1,3.004193017772698,1625.0,0.5,national,equal sd,7.314919771865619,log cells,1,0.0650851726531982,1.0016,531.024,0,7.76,68.43092783505155,8146.464891866981
senc,A,New Hanover HARNETT 1,3.004193017772698,1625.0,0.5,national,equal sd,7.314919771865619,position logit,1,0.1050827503204345,1.00175,626.824,0,8.256,75.92344961240309,5958.6431588924415
senc,A,New Hanover HARNETT 1,3.004193017772698,1625.0,0.5,national,equal sd,7.314919771865619,odds-ratio logit,1,0.1023173332214355,1.00278,634.242,0,7.344,86.36192810457516,6193.2321016916
senc,A,New Hanover HARNETT 1,3.004193017772698,1625.0,0.5,national,equal sd,7.314919771865619,adjusted row,1,0.1533095836639404,1.0031,895.337,0,8.68,103.14942396313364,5836.564379352577
senc,A,New Hanover HARNETT 1,3.004193017772698,1625.0,0.5,national,equal sd,7.314919771865619,adjusted table,1,0.3738622665405273,1.00103,840.783,0,12.38,67.91462035541196,2248.373411765756
senc,A,New Hanover HARNETT 1,3.004193017772698,1625.0,0.5,national,interactions only,0.0731491977186561,ILR + log volume,1,0.3471758365631103,1.18408,6.54204,48,68.244,0.0958624934060137,18.838870394459143
senc,A,New Hanover HARNETT 1,3.004193017772698,1625.0,0.5,national,interactions only,0.0731491977186561,log cells,1,0.4865906238555908,1.02788,66.5839,4,201.18,0.3309667959041654,136.81656443494904
senc,A,New Hanover HARNETT 1,3.004193017772698,1625.0,0.5,national,interactions only,0.0731491977186561,position logit,1,0.6532497406005859,1.05047,31.4626,0,95.878,0.3281524437305742,48.1543278125756
senc,A,New Hanover HARNETT 1,3.004193017772698,1625.0,0.5,national,interactions only,0.0731491977186561,odds-ratio logit,1,0.1690833568572998,1.15704,19.1435,293,14.966,1.279132700788454,113.16186048845248
senc,A,New Hanover HARNETT 1,3.004193017772698,1625.0,0.5,national,interactions only,0.0731491977186561,adjusted row,1,1.1984546184539795,1.11986,18.1951,50,105.768,0.1720284017850389,15.180902973588502
senc,A,New Hanover HARNETT 1,3.004193017772698,1625.0,0.5,national,interactions only,0.0731491977186561,adjusted table,1,7.589621543884277,161232161931679.0,1.00604,694,400.292,0.002513265316319,0.1325531375983612
senc,A,New Hanover HARNETT 1,3.004193017772698,1625.0,2.0,indep,equal sd,2.0521614974769298e-16,ILR + log volume,1,0.5533585548400879,1.00272,253.969,0,135.256,1.8776911929969835,458.88268573036015
senc,A,New Hanover HARNETT 1,3.004193017772698,1625.0,2.0,indep,equal sd,2.0521614974769298e-16,log cells,1,0.2709262371063232,1.03935,70.4956,0,65.288,1.0797635093738511,260.10490851498804
senc,A,New Hanover HARNETT 1,3.004193017772698,1625.0,2.0,indep,equal sd,2.0521614974769298e-16,position logit,1,0.1238117218017578,1.00275,652.299,0,8.288,78.70402992277992,5264.359556090897
senc,A,New Hanover HARNETT 1,3.004193017772698,1625.0,2.0,indep,equal sd,2.0521614974769298e-16,odds-ratio logit,1,0.1028423309326171,1.0016,545.135,0,7.92,68.83017676767676,5296.450776910657
senc,A,New Hanover HARNETT 1,3.004193017772698,1625.0,2.0,indep,equal sd,2.0521614974769298e-16,adjusted row,1,0.1708405017852783,1.003,667.324,0,8.144,81.94056974459724,3903.21957145686
senc,A,New Hanover HARNETT 1,3.004193017772698,1625.0,2.0,indep,equal sd,2.0521614974769298e-16,adjusted table,1,0.3984549045562744,1.00047,726.406,0,12.364,58.75169847945648,1822.3057134114465
senc,A,New Hanover HARNETT 1,3.004193017772698,1625.0,2.0,raked,equal sd,6.317007493474438e-15,ILR + log volume,1,0.4905991554260254,1.00381,270.754,0,128.436,2.1080849606029464,551.7899673267336
senc,A,New Hanover HARNETT 1,3.004193017772698,1625.0,2.0,raked,equal sd,6.317007493474438e-15,log cells,1,0.2398743629455566,1.02766,86.457,8,60.365,1.4322372235566967,360.1952627094485
senc,A,New Hanover HARNETT 1,3.004193017772698,1625.0,2.0,raked,equal sd,6.317007493474438e-15,position logit,1,0.1134405136108398,1.00247,408.046,0,9.372,43.53883909517712,3589.001017025783
senc,A,New Hanover HARNETT 1,3.004193017772698,1625.0,2.0,raked,equal sd,6.317007493474438e-15,odds-ratio logit,1,0.1388609409332275,1.00162,555.315,0,8.268,67.16436865021771,3996.458385397543
senc,A,New Hanover HARNETT 1,3.004193017772698,1625.0,2.0,raked,equal sd,6.317007493474438e-15,adjusted row,1,0.1678917407989502,1.00446,747.591,0,8.784,85.1082650273224,4450.420572129305
senc,A,New Hanover HARNETT 1,3.004193017772698,1625.0,2.0,raked,equal sd,6.317007493474438e-15,adjusted table,1,0.3893964290618896,1.00212,533.755,0,13.692,38.98298276365761,1370.0151102385912
senc,A,New Hanover HARNETT 1,3.004193017772698,1625.0,2.0,national,equal sd,1.8287299429664048,ILR + log volume,1,0.4816110134124756,1.00882,294.303,0,129.54,2.2719082908754054,610.9457066936967
senc,A,New Hanover HARNETT 1,3.004193017772698,1625.0,2.0,national,equal sd,1.8287299429664048,log cells,1,0.2064599990844726,1.03674,53.9436,52,29.708,1.8157937255957997,261.1261166149237
senc,A,New Hanover HARNETT 1,3.004193017772698,1625.0,2.0,national,equal sd,1.8287299429664048,position logit,1,0.0963685512542724,1.00383,661.681,0,8.152,81.167934249264,6859.95606387123
senc,A,New Hanover HARNETT 1,3.004193017772698,1625.0,2.0,national,equal sd,1.8287299429664048,odds-ratio logit,1,0.1098644733428955,1.00342,626.804,0,10.052,62.356148030242736,5701.634416220448
senc,A,New Hanover HARNETT 1,3.004193017772698,1625.0,2.0,national,equal sd,1.8287299429664048,adjusted row,1,0.1786894798278808,1.00445,665.153,0,9.612,69.20027049521431,3719.55721420172
senc,A,New Hanover HARNETT 1,3.004193017772698,1625.0,2.0,national,equal sd,1.8287299429664048,adjusted table,1,0.381382942199707,1.00913,540.573,0,12.26,44.09241435562806,1416.816688522193
senc,A,New Hanover HARNETT 1,3.004193017772698,1625.0,2.0,national,interactions only,0.0731491977186561,ILR + log volume,1,0.924247980117798,1.01243,106.72,0,242.744,0.4396401146887255,115.44320181896444
senc,A,New Hanover HARNETT 1,3.004193017772698,1625.0,2.0,national,interactions only,0.0731491977186561,log cells,1,0.4630284309387207,1.19586,18.1332,4,137.594,0.1317877233018881,39.154714398502506
senc,A,New Hanover HARNETT 1,3.004193017772698,1625.0,2.0,national,interactions only,0.0731491977186561,position logit,1,0.2195320129394531,1.18207,5.64516,295,19.338,0.2919205708966801,25.69919580503466
senc,A,New Hanover HARNETT 1,3.004193017772698,1625.0,2.0,national,interactions only,0.0731491977186561,odds-ratio logit,1,1.1718788146972656,1.28004,9.93476,293,130.169,0.0763220121534313,8.476701270433018
senc,A,New Hanover HARNETT 1,3.004193017772698,1625.0,2.0,national,interactions only,0.0731491977186561,adjusted row,1,1.5716824531555176,1.06382,11.0772,365,117.859,0.0939868826309403,7.047261641847144
senc,A,New Hanover HARNETT 1,3.004193017772698,1625.0,2.0,national,interactions only,0.0731491977186561,adjusted table,1,2.0807900428771973,1.0069,72.4722,165,79.679,0.9095520777118188,34.82735505069821
senc,A,New Hanover WILMINGTON 20,3.57114389231319,1590.0,0.5,indep,equal sd,7.456791362014896e-16,ILR + log volume,1,0.2017519474029541,1.00137,522.444,0,41.196,12.681910865132537,2588.569692538318
senc,A,New Hanover WILMINGTON 20,3.57114389231319,1590.0,0.5,indep,equal sd,7.456791362014896e-16,log cells,1,0.1364285945892334,1.01431,297.563,0,22.032,13.505945896877268,2178.7975056116616
senc,A,New Hanover WILMINGTON 20,3.57114389231319,1590.0,0.5,indep,equal sd,7.456791362014896e-16,position logit,1,0.1018226146697998,1.0007,1196.91,0,7.184,166.60773942093542,11744.486867858848
senc,A,New Hanover WILMINGTON 20,3.57114389231319,1590.0,0.5,indep,equal sd,7.456791362014896e-16,odds-ratio logit,1,0.1076796054840087,1.00076,1173.4,0,6.932,169.2729371032891,10885.573361113507
senc,A,New Hanover WILMINGTON 20,3.57114389231319,1590.0,0.5,indep,equal sd,7.456791362014896e-16,adjusted row,1,0.1544125080108642,1.00258,846.129,0,7.38,114.65162601626017,5477.010787919755
senc,A,New Hanover WILMINGTON 20,3.57114389231319,1590.0,0.5,indep,equal sd,7.456791362014896e-16,adjusted table,1,0.2243962287902832,1.00284,618.768,0,10.2,60.66352941176471,2755.787115956864
senc,A,New Hanover WILMINGTON 20,3.57114389231319,1590.0,0.5,raked,equal sd,0.0,ILR + log volume,1,0.2409312725067138,1.0015,563.243,0,38.424,14.658624817822195,2336.995207989902
senc,A,New Hanover WILMINGTON 20,3.57114389231319,1590.0,0.5,raked,equal sd,0.0,log cells,1,0.1029551029205322,1.004,346.116,0,9.204,37.60495436766623,3358.2142536087053
senc,A,New Hanover WILMINGTON 20,3.57114389231319,1590.0,0.5,raked,equal sd,0.0,position logit,1,0.1061956882476806,1.00222,565.541,0,7.544,74.96566808059386,5320.193600796667
senc,A,New Hanover WILMINGTON 20,3.57114389231319,1590.0,0.5,raked,equal sd,0.0,odds-ratio logit,1,0.099553108215332,1.0018,1068.68,0,7.18,148.84122562674096,10726.91175249245
senc,A,New Hanover WILMINGTON 20,3.57114389231319,1590.0,0.5,raked,equal sd,0.0,adjusted row,1,0.1659553050994873,1.00267,927.355,0,9.32,99.50160944206009,5584.779136267959
senc,A,New Hanover WILMINGTON 20,3.57114389231319,1590.0,0.5,raked,equal sd,0.0,adjusted table,1,0.3081510066986084,1.00086,704.978,0,10.332,68.23248161053039,2287.091996209956
senc,A,New Hanover WILMINGTON 20,3.57114389231319,1590.0,0.5,national,equal sd,9.520085529429773,ILR + log volume,1,0.1787760257720947,1.00442,481.084,0,32.852,14.643979057591624,2689.6636215672943
senc,A,New Hanover WILMINGTON 20,3.57114389231319,1590.0,0.5,national,equal sd,9.520085529429773,log cells,1,0.0768897533416748,1.00615,731.933,0,7.34,99.7183923705722,9508.491221170523
senc,A,New Hanover WILMINGTON 20,3.57114389231319,1590.0,0.5,national,equal sd,9.520085529429773,position logit,1,0.1085684299468994,1.00076,884.49,0,6.96,127.08189655172414,8140.050652793533
senc,A,New Hanover WILMINGTON 20,3.57114389231319,1590.0,0.5,national,equal sd,9.520085529429773,odds-ratio logit,1,0.1119081974029541,1.00192,937.967,0,7.02,133.61353276353276,8373.797106440223
senc,A,New Hanover WILMINGTON 20,3.57114389231319,1590.0,0.5,national,equal sd,9.520085529429773,adjusted row,1,0.1856670379638672,1.00185,575.942,0,8.828,65.24037154508383,3100.2994633657395
senc,A,New Hanover WILMINGTON 20,3.57114389231319,1590.0,0.5,national,equal sd,9.520085529429773,adjusted table,1,0.4501488208770752,1.00354,608.165,0,11.504,52.86552503477051,1350.747669743076
senc,A,New Hanover WILMINGTON 20,3.57114389231319,1590.0,0.5,national,interactions only,0.0952008552942977,ILR + log volume,1,0.3389854431152344,1.0552,33.6277,423,37.959,0.8858953080955767,99.17234731134936
senc,A,New Hanover WILMINGTON 20,3.57114389231319,1590.0,0.5,national,interactions only,0.0952008552942977,log cells,1,0.4071452617645263,1.00849,78.9884,0,138.352,0.5709234416560657,193.9519565905341
senc,A,New Hanover WILMINGTON 20,3.57114389231319,1590.0,0.5,national,interactions only,0.0952008552942977,position logit,1,0.3239879608154297,1.05218,64.8009,510,33.199,1.951893129311124,199.9550306255007
senc,A,New Hanover WILMINGTON 20,3.57114389231319,1590.0,0.5,national,interactions only,0.0952008552942977,odds-ratio logit,1,0.368593692779541,1.0286,137.745,294,45.323,3.039185402554994,373.63649940437466
senc,A,New Hanover WILMINGTON 20,3.57114389231319,1590.0,0.5,national,interactions only,0.0952008552942977,adjusted row,1,0.2617270946502685,1.05166,57.6625,604,13.319,4.329341542157819,220.2539680111177
senc,A,New Hanover WILMINGTON 20,3.57114389231319,1590.0,0.5,national,interactions only,0.0952008552942977,adjusted table,1,0.8271150588989258,1.09357,90.9689,555,24.905,3.652636016864084,109.96146566754942
senc,A,New Hanover WILMINGTON 20,3.57114389231319,1590.0,2.0,indep,equal sd,1.864197840503724e-16,ILR + log volume,1,0.6125407218933105,1.01935,175.636,0,132.276,1.3277994496356105,286.69040502278784
senc,A,New Hanover WILMINGTON 20,3.57114389231319,1590.0,2.0,indep,equal sd,1.864197840503724e-16,log cells,1,0.2797284126281738,1.00698,144.006,0,87.156,1.6522786727247694,514.5385264589049
senc,A,New Hanover WILMINGTON 20,3.57114389231319,1590.0,2.0,indep,equal sd,1.864197840503724e-16,position logit,1,0.112269639968872,1.00288,440.065,0,10.288,42.77459175738725,3912.669006425136
senc,A,New Hanover WILMINGTON 20,3.57114389231319,1590.0,2.0,indep,equal sd,1.864197840503724e-16,odds-ratio logit,1,0.11342453956604,1.00413,508.189,0,9.576,53.069026733500415,4476.021107458148
senc,A,New Hanover WILMINGTON 20,3.57114389231319,1590.0,2.0,indep,equal sd,1.864197840503724e-16,adjusted row,1,0.166032075881958,1.00171,677.851,0,8.48,79.93525943396226,4080.459439872668
senc,A,New Hanover WILMINGTON 20,3.57114389231319,1590.0,2.0,indep,equal sd,1.864197840503724e-16,adjusted table,1,0.3974189758300781,1.0058,504.01,0,12.716,39.63589178987103,1267.8856842357795
senc,A,New Hanover WILMINGTON 20,3.57114389231319,1590.0,2.0,raked,equal sd,0.0,ILR + log volume,1,0.4798378944396972,1.00527,280.143,0,143.928,1.946410705352676,583.7213973844422
senc,A,New Hanover WILMINGTON 20,3.57114389231319,1590.0,2.0,raked,equal sd,0.0,log cells,1,0.2695283889770508,1.0946,29.8522,9,76.135,0.392095619623038,110.70105385387296
senc,A,New Hanover WILMINGTON 20,3.57114389231319,1590.0,2.0,raked,equal sd,0.0,position logit,1,0.1102073192596435,1.00298,527.559,0,8.672,60.83475553505534,4777.3880517650105
senc,A,New Hanover WILMINGTON 20,3.57114389231319,1590.0,2.0,raked,equal sd,0.0,odds-ratio logit,1,0.107126235961914,1.01198,519.198,0,8.044,64.54475385380407,4842.730588246282
senc,A,New Hanover WILMINGTON 20,3.57114389231319,1590.0,2.0,raked,equal sd,0.0,adjusted row,1,0.1603260040283203,1.00408,444.421,0,9.78,45.4418200408998,2770.8089413072785
senc,A,New Hanover WILMINGTON 20,3.57114389231319,1590.0,2.0,raked,equal sd,0.0,adjusted table,1,0.3852734565734863,1.00215,484.758,0,12.592,38.4972998729352,1257.9424332689066
senc,A,New Hanover WILMINGTON 20,3.57114389231319,1590.0,2.0,national,equal sd,2.380021382357443,ILR + log volume,1,0.5452334880828857,1.00336,239.555,0,132.224,1.8117361447241047,439.3113210035241
senc,A,New Hanover WILMINGTON 20,3.57114389231319,1590.0,2.0,national,equal sd,2.380021382357443,log cells,1,0.2303268909454345,1.13943,12.4498,23,76.745,0.1622229461202684,54.03188002408856
senc,A,New Hanover WILMINGTON 20,3.57114389231319,1590.0,2.0,national,equal sd,2.380021382357443,position logit,1,0.1131772994995117,1.00214,599.776,0,7.64,78.50471204188482,5296.023367923774
senc,A,New Hanover WILMINGTON 20,3.57114389231319,1590.0,2.0,national,equal sd,2.380021382357443,odds-ratio logit,1,0.129127025604248,1.0044,469.33,0,8.448,55.55516098484848,3632.230410014079
senc,A,New Hanover WILMINGTON 20,3.57114389231319,1590.0,2.0,national,equal sd,2.380021382357443,adjusted row,1,0.1785180568695068,1.00119,501.648,0,8.992,55.788256227758005,2808.418341444663
senc,A,New Hanover WILMINGTON 20,3.57114389231319,1590.0,2.0,national,equal sd,2.380021382357443,adjusted table,1,0.3712861537933349,1.00159,475.981,0,10.64,44.73505639097744,1281.6011161152076
senc,A,New Hanover WILMINGTON 20,3.57114389231319,1590.0,2.0,national,interactions only,0.0952008552942977,ILR + log volume,1,0.9350700378417968,1.01292,203.215,0,233.51,0.8702625155239605,217.30480129514197
senc,A,New Hanover WILMINGTON 20,3.57114389231319,1590.0,2.0,national,interactions only,0.0952008552942977,log cells,1,0.3052568435668945,1.08878,17.6996,41,91.505,0.1934276815474564,57.96802365524732
senc,A,New Hanover WILMINGTON 20,3.57114389231319,1590.0,2.0,national,interactions only,0.0952008552942977,position logit,1,0.3468244075775146,1.04291,23.7723,709,12.529,1.897382073589273,68.5241941714585
senc,A,New Hanover WILMINGTON 20,3.57114389231319,1590.0,2.0,national,interactions only,0.0952008552942977,odds-ratio logit,1,0.3926393985748291,1.0649,25.623,598,23.334,1.0980971972229363,65.24349535460873
senc,A,New Hanover WILMINGTON 20,3.57114389231319,1590.0,2.0,national,interactions only,0.0952008552942977,adjusted row,1,0.5462346076965332,1.02827,89.4447,689,14.875,6.013089075630252,163.71504434099108
senc,A,New Hanover WILMINGTON 20,3.57114389231319,1590.0,2.0,national,interactions only,0.0952008552942977,adjusted table,1,1.0775492191314695,10433.8,1.00604,1000,27.452,0.0366472388168439,0.9334965092992644
senc,A,Brunswick LONGWOOD,4.195422188251508,2375.0,0.5,indep,equal sd,1.6817018544393159e-15,ILR + log volume,1,0.2232952117919922,1.00275,487.942,0,42.02,11.612137077582103,2184.0615744159068
senc,A,Brunswick LONGWOOD,4.195422188251508,2375.0,0.5,indep,equal sd,1.6817018544393159e-15,log cells,1,0.158118724822998,1.00532,250.776,0,30.684,8.172858818928432,1584.5502285373393
senc,A,Brunswick LONGWOOD,4.195422188251508,2375.0,0.5,indep,equal sd,1.6817018544393159e-15,position logit,1,0.1241662502288818,1.00097,969.344,0,7.076,136.9903900508762,7797.869568740422
senc,A,Brunswick LONGWOOD,4.195422188251508,2375.0,0.5,indep,equal sd,1.6817018544393159e-15,odds-ratio logit,1,0.1015551090240478,0.999745,651.494,0,8.18,79.64474327628362,6410.676994303839
senc,A,Brunswick LONGWOOD,4.195422188251508,2375.0,0.5,indep,equal sd,1.6817018544393159e-15,adjusted row,1,0.1448688507080078,1.00447,918.23,0,8.288,110.79029922779922,6332.361220455805
senc,A,Brunswick LONGWOOD,4.195422188251508,2375.0,0.5,indep,equal sd,1.6817018544393159e-15,adjusted table,1,0.266263484954834,1.00238,778.69,0,10.48,74.30248091603053,2923.7132969651616
senc,A,Brunswick LONGWOOD,4.195422188251508,2375.0,0.5,raked,equal sd,0.0,ILR + log volume,1,0.2075862884521484,1.00264,537.446,0,43.164,12.45125567602632,2588.037716568773
senc,A,Brunswick LONGWOOD,4.195422188251508,2375.0,0.5,raked,equal sd,0.0,log cells,1,0.1072323322296142,1.00139,402.877,0,14.292,28.188986845787856,3754.1180775800017
senc,A,Brunswick LONGWOOD,4.195422188251508,2375.0,0.5,raked,equal sd,0.0,position logit,1,0.1082100868225097,1.00164,921.353,0,8.536,107.93732427366449,8506.611635207777
senc,A,Brunswick LONGWOOD,4.195422188251508,2375.0,0.5,raked,equal sd,0.0,odds-ratio logit,1,0.1031372547149658,1.00169,772.186,0,8.636,89.4147753589625,7480.524453748828
senc,A,Brunswick LONGWOOD,4.195422188251508,2375.0,0.5,raked,equal sd,0.0,adjusted row,1,0.1611042022705078,1.00468,773.94,0,10.516,73.5964244960061,4802.024334180482
senc,A,Brunswick LONGWOOD,4.195422188251508,2375.0,0.5,raked,equal sd,0.0,adjusted table,1,0.3511385917663574,1.00173,627.374,0,11.808,53.13126693766938,1786.214271059009
senc,A,Brunswick LONGWOOD,4.195422188251508,2375.0,0.5,national,equal sd,12.137685058386962,ILR + log volume,1,0.2167952060699463,1.00109,393.647,0,45.796,8.595663376714123,1814.898845913201
senc,A,Brunswick LONGWOOD,4.195422188251508,2375.0,0.5,national,equal sd,12.137685058386962,log cells,1,0.0864148139953613,1.01126,394.566,0,6.82,57.85425219941348,4561.083219362964
senc,A,Brunswick LONGWOOD,4.195422188251508,2375.0,0.5,national,equal sd,12.137685058386962,position logit,1,0.0978522300720214,1.00334,706.113,0,7.348,96.095944474687,7209.6511121302865
senc,A,Brunswick LONGWOOD,4.195422188251508,2375.0,0.5,national,equal sd,12.137685058386962,odds-ratio logit,1,0.1102230548858642,1.00094,869.766,0,7.852,110.76999490575648,7881.43274727136
senc,A,Brunswick LONGWOOD,4.195422188251508,2375.0,0.5,national,equal sd,12.137685058386962,adjusted row,1,0.1750123500823974,1.00101,849.457,0,8.984,94.5522039180766,4850.083300791449
senc,A,Brunswick LONGWOOD,4.195422188251508,2375.0,0.5,national,equal sd,12.137685058386962,adjusted table,1,0.3556854724884033,1.00495,567.585,0,10.892,52.110264414249,1595.331618582484
senc,A,Brunswick LONGWOOD,4.195422188251508,2375.0,0.5,national,interactions only,0.1213768505838696,ILR + log volume,1,0.2885093688964844,1.02939,50.8156,413,38.151,1.331959843778669,176.05646924233363
senc,A,Brunswick LONGWOOD,4.195422188251508,2375.0,0.5,national,interactions only,0.1213768505838696,log cells,1,0.380181074142456,1.03643,116.592,0,136.102,0.8566516289253647,306.589551708767
senc,A,Brunswick LONGWOOD,4.195422188251508,2375.0,0.5,national,interactions only,0.1213768505838696,position logit,1,0.3109400272369385,1.01915,125.309,637,21.227,5.9032835539642905,402.8846990660395
senc,A,Brunswick LONGWOOD,4.195422188251508,2375.0,0.5,national,interactions only,0.1213768505838696,odds-ratio logit,1,0.2367565631866455,1.11356,24.701,655,12.163,2.0308312094055743,104.2779730335812
senc,A,Brunswick LONGWOOD,4.195422188251508,2375.0,0.5,national,interactions only,0.1213768505838696,adjusted row,1,0.4337432384490967,1.01531,97.663,667,12.68,7.702129337539432,225.12183357853576
senc,A,Brunswick LONGWOOD,4.195422188251508,2375.0,0.5,national,interactions only,0.1213768505838696,adjusted table,1,3.4676105976104736,77666579941217.0,1.00604,910,182.712,0.0055061517579578,0.2901139576228111
senc,A,Brunswick LONGWOOD,4.195422188251508,2375.0,2.0,indep,equal sd,4.2042546360982897e-16,ILR + log volume,1,0.6774864196777344,1.00797,170.815,0,182.944,0.9337010232639495,252.0979558620117
senc,A,Brunswick LONGWOOD,4.195422188251508,2375.0,2.0,indep,equal sd,4.2042546360982897e-16,log cells,1,0.3961355686187744,1.03456,115.26,0,141.744,0.8131561124280393,290.8822152117707
senc,A,Brunswick LONGWOOD,4.195422188251508,2375.0,2.0,indep,equal sd,4.2042546360982897e-16,position logit,1,0.15907883644104,1.0049,396.54,0,15.032,26.379723257051623,2491.341032840221
senc,A,Brunswick LONGWOOD,4.195422188251508,2375.0,2.0,indep,equal sd,4.2042546360982897e-16,odds-ratio logit,1,0.1454548835754394,1.0034,323.975,0,10.188,31.7996662740479,2225.889083746263
senc,A,Brunswick LONGWOOD,4.195422188251508,2375.0,2.0,indep,equal sd,4.2042546360982897e-16,adjusted row,1,0.1932790279388427,1.00543,406.105,0,10.716,37.89706980216499,2100.172156213858
senc,A,Brunswick LONGWOOD,4.195422188251508,2375.0,2.0,indep,equal sd,4.2042546360982897e-16,adjusted table,1,0.5555469989776611,1.00701,409.388,0,12.188,33.589432228421394,736.6615753758819
senc,A,Brunswick LONGWOOD,4.195422188251508,2375.0,2.0,raked,equal sd,0.0,ILR + log volume,1,0.8248374462127686,1.0111,225.09,0,182.488,1.2334509666389024,272.8594521631164
senc,A,Brunswick LONGWOOD,4.195422188251508,2375.0,2.0,raked,equal sd,0.0,log cells,1,0.5852928161621094,1.04122,38.3592,40,155.767,0.2462601192807205,65.52838746176597
senc,A,Brunswick LONGWOOD,4.195422188251508,2375.0,2.0,raked,equal sd,0.0,position logit,1,0.3055050373077392,1.006,379.993,3,33.93,11.199322133804891,1243.4454961919726
senc,A,Brunswick LONGWOOD,4.195422188251508,2375.0,2.0,raked,equal sd,0.0,odds-ratio logit,1,0.1510803699493408,1.00693,126.677,0,14.076,8.999502699630577,837.5279169347708
senc,A,Brunswick LONGWOOD,4.195422188251508,2375.0,2.0,raked,equal sd,0.0,adjusted row,1,0.1907086372375488,1.00148,330.694,0,11.508,28.736009732360102,1733.2256603803764
senc,A,Brunswick LONGWOOD,4.195422188251508,2375.0,2.0,raked,equal sd,0.0,adjusted table,1,0.4325079917907715,1.00163,567.255,0,12.596,45.03453477294379,1311.260333894012
senc,A,Brunswick LONGWOOD,4.195422188251508,2375.0,2.0,national,equal sd,3.034421264596741,ILR + log volume,1,0.7413873672485352,1.02008,97.9886,0,190.048,0.5155992170399057,132.15746098786417
senc,A,Brunswick LONGWOOD,4.195422188251508,2375.0,2.0,national,equal sd,3.034421264596741,log cells,1,0.31365966796875,1.14182,5.38788,9,50.453,0.1067900818583632,17.17360749879928
senc,A,Brunswick LONGWOOD,4.195422188251508,2375.0,2.0,national,equal sd,3.034421264596741,position logit,1,1.3380391597747805,1.02475,210.687,3,208.037,1.012738118700039,157.4463314766224
senc,A,Brunswick LONGWOOD,4.195422188251508,2375.0,2.0,national,equal sd,3.034421264596741,odds-ratio logit,1,0.2299118041992187,1.00737,182.534,0,19.832,9.204013715207743,793.6778530312753
senc,A,Brunswick LONGWOOD,4.195422188251508,2375.0,2.0,national,equal sd,3.034421264596741,adjusted row,1,0.202183723449707,1.00374,214.982,0,11.472,18.73971408647141,1062.842768940988
senc,A,Brunswick LONGWOOD,4.195422188251508,2375.0,2.0,national,equal sd,3.034421264596741,adjusted table,1,0.4241156578063965,1.00964,290.615,0,13.796,21.065163815598726,685.0775504129538
senc,A,Brunswick LONGWOOD,4.195422188251508,2375.0,2.0,national,interactions only,0.1213768505838696,ILR + log volume,1,0.9862940311431884,1.02237,140.78,0,247.564,0.5686610331065907,142.72095274581287
senc,A,Brunswick LONGWOOD,4.195422188251508,2375.0,2.0,national,interactions only,0.1213768505838696,log cells,1,0.4614019393920898,1.08106,29.6255,21,113.519,0.2609739338789101,64.1940089715752
senc,A,Brunswick LONGWOOD,4.195422188251508,2375.0,2.0,national,interactions only,0.1213768505838696,position logit,1,0.5130865573883057,1.01689,91.0106,139,64.486,1.4113233880222062,177.31882903370405
senc,A,Brunswick LONGWOOD,4.195422188251508,2375.0,2.0,national,interactions only,0.1213768505838696,odds-ratio logit,1,0.279581069946289,1.14942,5.81583,712,14.833,0.3920872379154588,20.789835973241992
senc,A,Brunswick LONGWOOD,4.195422188251508,2375.0,2.0,national,interactions only,0.1213768505838696,adjusted row,1,0.6719419956207275,1.00906,88.1572,355,55.135,1.59893352679786,131.17557225134215
senc,A,Brunswick LONGWOOD,4.195422188251508,2375.0,2.0,national,interactions only,0.1213768505838696,adjusted table,1,2.0152759552001958,2.39988,1.15861,708,67.117,0.0172625415319516,0.574878183164632
senc,A,New Hanover WILMINGTON 7,5.382586533684061,1637.0,0.5,indep,equal sd,1.0966196352444118e-14,ILR + log volume,1,0.2276663780212402,1.0014,824.773,0,27.608,29.87442045783831,3620.8494405906654
senc,A,New Hanover WILMINGTON 7,5.382586533684061,1637.0,0.5,indep,equal sd,1.0966196352444118e-14,log cells,1,0.0889894962310791,1.00224,1118.72,0,6.776,165.10035419126328,12559.29147898332
senc,A,New Hanover WILMINGTON 7,5.382586533684061,1637.0,0.5,indep,equal sd,1.0966196352444118e-14,position logit,1,0.1178615093231201,1.00277,849.189,0,7.94,106.95075566750629,7200.414061084381
senc,A,New Hanover WILMINGTON 7,5.382586533684061,1637.0,0.5,indep,equal sd,1.0966196352444118e-14,odds-ratio logit,1,0.1017513275146484,1.00362,1002.83,0,7.156,140.13834544438234,9847.134312824392
senc,A,New Hanover WILMINGTON 7,5.382586533684061,1637.0,0.5,indep,equal sd,1.0966196352444118e-14,adjusted row,1,0.152470588684082,1.00151,869.146,0,8.468,102.63887576759564,5696.382348899386
senc,A,New Hanover WILMINGTON 7,5.382586533684061,1637.0,0.5,indep,equal sd,1.0966196352444118e-14,adjusted table,1,0.2806487083435058,1.00349,632.094,0,12.372,51.09068865179438,2251.394082754533
senc,A,New Hanover WILMINGTON 7,5.382586533684061,1637.0,0.5,raked,equal sd,0.0,ILR + log volume,1,0.1672124862670898,1.00244,582.227,0,29.072,20.02707072096863,3479.9542782097174
senc,A,New Hanover WILMINGTON 7,5.382586533684061,1637.0,0.5,raked,equal sd,0.0,log cells,1,0.1116218566894531,1.00101,611.092,0,11.736,52.06987048398091,5470.514480296928
senc,A,New Hanover WILMINGTON 7,5.382586533684061,1637.0,0.5,raked,equal sd,0.0,position logit,1,0.0976576805114746,1.00026,778.061,0,7.296,106.6421326754386,7960.542418694963
senc,A,New Hanover WILMINGTON 7,5.382586533684061,1637.0,0.5,raked,equal sd,0.0,odds-ratio logit,1,0.1050631999969482,1.00322,968.851,0,7.196,134.63743746525847,9214.784871197502
senc,A,New Hanover WILMINGTON 7,5.382586533684061,1637.0,0.5,raked,equal sd,0.0,adjusted row,1,0.1758038997650146,1.00165,801.171,0,10.872,73.69122516556293,4555.184065566037
senc,A,New Hanover WILMINGTON 7,5.382586533684061,1637.0,0.5,raked,equal sd,0.0,adjusted table,1,0.2681825160980224,1.00089,596.607,0,9.96,59.90030120481927,2223.9780215487626
senc,A,New Hanover WILMINGTON 7,5.382586533684061,1637.0,0.5,national,equal sd,13.600436339297053,ILR + log volume,1,0.1574323177337646,1.00842,370.723,0,26.248,14.123857055775678,2353.7393895603973
senc,A,New Hanover WILMINGTON 7,5.382586533684061,1637.0,0.5,national,equal sd,13.600436339297053,log cells,1,0.0887548923492431,1.00632,569.731,0,14.56,39.12987637362637,6413.0691813707335
senc,A,New Hanover WILMINGTON 7,5.382586533684061,1637.0,0.5,national,equal sd,13.600436339297053,position logit,1,0.1091539859771728,1.00186,623.656,0,7.48,83.37647058823528,5709.652037325079
senc,A,New Hanover WILMINGTON 7,5.382586533684061,1637.0,0.5,national,equal sd,13.600436339297053,odds-ratio logit,1,0.1129825115203857,1.00127,392.626,0,10.504,37.37871287128713,3470.614720258969
senc,A,New Hanover WILMINGTON 7,5.382586533684061,1637.0,0.5,national,equal sd,13.600436339297053,adjusted row,1,0.1826863288879394,1.00554,545.966,0,9.024,60.501551418439725,2987.0619127340465
senc,A,New Hanover WILMINGTON 7,5.382586533684061,1637.0,0.5,national,equal sd,13.600436339297053,adjusted table,1,0.3975300788879394,1.00421,492.011,0,12.112,40.62178005284016,1226.1806880893175
senc,A,New Hanover WILMINGTON 7,5.382586533684061,1637.0,0.5,national,interactions only,0.1360043633929705,ILR + log volume,1,0.2413296699523925,1.02242,99.3089,356,35.26,2.816474758933636,411.3625348921453
senc,A,New Hanover WILMINGTON 7,5.382586533684061,1637.0,0.5,national,interactions only,0.1360043633929705,log cells,1,0.3209626674652099,1.01149,79.3706,0,134.472,0.5902388601344517,247.2273072725004
senc,A,New Hanover WILMINGTON 7,5.382586533684061,1637.0,0.5,national,interactions only,0.1360043633929705,position logit,1,0.2349393367767334,1.06853,38.3011,576,20.872,1.8350469528555,162.93900878804783
senc,A,New Hanover WILMINGTON 7,5.382586533684061,1637.0,0.5,national,interactions only,0.1360043633929705,odds-ratio logit,1,0.2331354618072509,1.01553,175.291,554,22.672,7.7316072688779105,751.6318661009844
senc,A,New Hanover WILMINGTON 7,5.382586533684061,1637.0,0.5,national,interactions only,0.1360043633929705,adjusted row,1,0.5003194808959961,1.05923,39.0161,443,28.649,1.3618660337184545,77.96806782598505
senc,A,New Hanover WILMINGTON 7,5.382586533684061,1637.0,0.5,national,interactions only,0.1360043633929705,adjusted table,1,0.8687114715576172,1.82924,1.33205,813,25.872,0.0514861626468769,1.5331963359308196
senc,A,New Hanover WILMINGTON 7,5.382586533684061,1637.0,2.0,indep,equal sd,2.7415490881110295e-15,ILR + log volume,1,0.4385023117065429,1.004,324.345,0,104.044,3.1173830302564305,739.5395718351206
senc,A,New Hanover WILMINGTON 7,5.382586533684061,1637.0,2.0,indep,equal sd,2.7415490881110295e-15,log cells,1,0.2262036800384521,1.03672,107.869,4,53.274,2.024796335923715,476.67978892027406
senc,A,New Hanover WILMINGTON 7,5.382586533684061,1637.0,2.0,indep,equal sd,2.7415490881110295e-15,position logit,1,0.1227262020111084,1.0045,599.918,0,10.304,58.22185559006211,4885.292831710234
senc,A,New Hanover WILMINGTON 7,5.382586533684061,1637.0,2.0,indep,equal sd,2.7415490881110295e-15,odds-ratio logit,1,0.1308443546295166,1.00432,366.851,0,9.598,38.2216086684726,2801.0154473423127
senc,A,New Hanover WILMINGTON 7,5.382586533684061,1637.0,2.0,indep,equal sd,2.7415490881110295e-15,adjusted row,1,0.1794805526733398,1.00272,489.59,0,10.64,46.014097744360896,2726.483601659134
senc,A,New Hanover WILMINGTON 7,5.382586533684061,1637.0,2.0,indep,equal sd,2.7415490881110295e-15,adjusted table,1,0.4005732536315918,1.00403,532.112,0,13.768,38.64846019755955,1328.1391088021726
senc,A,New Hanover WILMINGTON 7,5.382586533684061,1637.0,2.0,raked,equal sd,0.0,ILR + log volume,1,0.4305551052093506,1.00682,332.028,0,108.24,3.067516629711752,770.9269651107627
senc,A,New Hanover WILMINGTON 7,5.382586533684061,1637.0,2.0,raked,equal sd,0.0,log cells,1,0.2099723815917968,1.01212,182.231,0,49.64,3.671051571313457,867.519294736424
senc,A,New Hanover WILMINGTON 7,5.382586533684061,1637.0,2.0,raked,equal sd,0.0,position logit,1,0.1214485168457031,1.00929,315.508,0,9.728,32.43297697368421,2595.953199256918
senc,A,New Hanover WILMINGTON 7,5.382586533684061,1637.0,2.0,raked,equal sd,0.0,odds-ratio logit,1,0.1602768898010254,1.00352,329.426,0,10.78,30.55899814471243,2053.9867659841416
senc,A,New Hanover WILMINGTON 7,5.382586533684061,1637.0,2.0,raked,equal sd,0.0,adjusted row,1,0.2442381381988525,1.00312,435.254,0,12.18,35.73513957307061,1781.2018249403125
senc,A,New Hanover WILMINGTON 7,5.382586533684061,1637.0,2.0,raked,equal sd,0.0,adjusted table,1,0.4954793453216553,1.00468,443.839,0,15.0,29.589266666666667,895.6175416819617
senc,A,New Hanover WILMINGTON 7,5.382586533684061,1637.0,2.0,national,equal sd,3.400109084824263,ILR + log volume,1,0.3777370452880859,1.00997,247.868,0,91.512,2.7085846664918263,655.9981523814812
senc,A,New Hanover WILMINGTON 7,5.382586533684061,1637.0,2.0,national,equal sd,3.400109084824263,log cells,1,0.1517691612243652,1.01961,116.046,3,23.497,4.938758139336937,764.189563597655
senc,A,New Hanover WILMINGTON 7,5.382586533684061,1637.0,2.0,national,equal sd,3.400109084824263,position logit,1,0.1199021339416503,1.00383,481.892,2,8.505,56.659847148736034,4014.829239121712
senc,A,New Hanover WILMINGTON 7,5.382586533684061,1637.0,2.0,national,equal sd,3.400109084824263,odds-ratio logit,1,0.1795639991760254,1.00325,415.198,0,10.98,37.814025500910745,2288.0075784782584
senc,A,New Hanover WILMINGTON 7,5.382586533684061,1637.0,2.0,national,equal sd,3.400109084824263,adjusted row,1,0.1866736412048339,1.00443,599.86,1,8.796,68.19690768531152,3211.840425659029
senc,A,New Hanover WILMINGTON 7,5.382586533684061,1637.0,2.0,national,equal sd,3.400109084824263,adjusted table,1,0.4331948757171631,1.00877,517.152,0,13.136,39.36906211936663,1193.598262785098
senc,A,New Hanover WILMINGTON 7,5.382586533684061,1637.0,2.0,national,interactions only,0.1360043633929705,ILR + log volume,1,0.6617724895477295,1.03,123.124,0,174.0,0.7076091954022988,186.01941952748385
senc,A,New Hanover WILMINGTON 7,5.382586533684061,1637.0,2.0,national,interactions only,0.1360043633929705,log cells,1,0.285646915435791,1.05404,67.8596,91,60.209,1.127067381952864,237.49166989448108
senc,A,New Hanover WILMINGTON 7,5.382586533684061,1637.0,2.0,national,interactions only,0.1360043633929705,position logit,1,0.4337615966796875,1.01967,56.7833,358,48.977,1.1593870592318845,130.87505348016265
senc,A,New Hanover WILMINGTON 7,5.382586533684061,1637.0,2.0,national,interactions only,0.1360043633929705,odds-ratio logit,1,0.2120804786682129,1.06701,62.4493,627,13.042,4.788322343198896,294.3495348026948
senc,A,New Hanover WILMINGTON 7,5.382586533684061,1637.0,2.0,national,interactions only,0.1360043633929705,adjusted row,1,0.4390838146209717,1.03243,95.9177,551,18.66,5.140284030010718,218.40587658157887
senc,A,New Hanover WILMINGTON 7,5.382586533684061,1637.0,2.0,national,interactions only,0.1360043633929705,adjusted table,1,12.184307336807253,643511354652898.0,1.00604,500,521.544,0.0019289647661558,0.0825677955702525
senc,B,New Hanover WILMINGTON 20,3.57114389231319,15.9,1.0,raked,equal sd,0.0,ILR + log volume,1,0.1023547649383544,1.00077,499.427,0,10.656,46.8681493993994,4874.773485050453
senc,B,New Hanover WILMINGTON 20,3.57114389231319,15.9,1.0,raked,equal sd,0.0,log cells,1,0.0733814239501953,1.00347,414.83,0,9.56,43.39225941422594,5646.387866609551
senc,B,New Hanover WILMINGTON 20,3.57114389231319,15.9,1.0,raked,equal sd,0.0,position logit,1,0.140843391418457,1.00377,616.303,0,9.22,66.8441431670282,4372.81294931861
senc,B,New Hanover WILMINGTON 20,3.57114389231319,15.9,1.0,raked,equal sd,0.0,odds-ratio logit,1,0.1485812664031982,1.00632,476.963,0,12.5,38.15704,3208.200271585892
senc,B,New Hanover WILMINGTON 20,3.57114389231319,15.9,1.0,raked,equal sd,0.0,adjusted row,1,0.2201316356658935,1.01024,405.066,0,14.204,28.51774148127288,1839.4944430520773
senc,B,New Hanover WILMINGTON 20,3.57114389231319,15.9,1.0,raked,equal sd,0.0,adjusted table,1,0.5581765174865723,1.00136,478.094,0,16.1,29.69527950310559,856.3523887185195
senc,B,New Hanover WILMINGTON 20,3.57114389231319,1590.0,1.0,raked,equal sd,0.0,ILR + log volume,1,0.3103935718536377,1.00518,502.384,0,79.344,6.331720104859851,1617.0978137639145
senc,B,New Hanover WILMINGTON 20,3.57114389231319,1590.0,1.0,raked,equal sd,0.0,log cells,1,0.1321175098419189,1.0218,90.0649,9,23.485,3.834996806472216,681.2886540667077
senc,B,New Hanover WILMINGTON 20,3.57114389231319,1590.0,1.0,raked,equal sd,0.0,position logit,1,0.1168274879455566,1.0023,636.076,0,7.052,90.1979580260919,5440.2892990644295
senc,B,New Hanover WILMINGTON 20,3.57114389231319,1590.0,1.0,raked,equal sd,0.0,odds-ratio logit,1,0.1230511665344238,1.002,481.535,0,7.58,63.52704485488127,3910.313270952765
senc,B,New Hanover WILMINGTON 20,3.57114389231319,1590.0,1.0,raked,equal sd,0.0,adjusted row,1,0.179960012435913,1.00039,624.672,0,8.64,72.3,3469.461238048198
senc,B,New Hanover WILMINGTON 20,3.57114389231319,1590.0,1.0,raked,equal sd,0.0,adjusted table,1,0.3907947540283203,1.00389,678.912,0,13.84,49.05433526011561,1736.7405731683666
senc,B,New Hanover WILMINGTON 20,3.57114389231319,159000.0,1.0,raked,equal sd,2.960594732333751e-16,ILR + log volume,1,2.068979024887085,1.00679,464.563,0,705.768,0.6582375511499529,224.5131531835802
senc,B,New Hanover WILMINGTON 20,3.57114389231319,159000.0,1.0,raked,equal sd,2.960594732333751e-16,log cells,1,0.5592670440673828,1.00861,108.76,6,203.69,0.5339486474544651,194.43657223719964
senc,B,New Hanover WILMINGTON 20,3.57114389231319,159000.0,1.0,raked,equal sd,2.960594732333751e-16,position logit,1,0.1115801334381103,1.00305,587.304,0,7.296,80.49671052631578,5258.944160680432
senc,B,New Hanover WILMINGTON 20,3.57114389231319,159000.0,1.0,raked,equal sd,2.960594732333751e-16,odds-ratio logit,1,0.1026780605316162,1.001,524.087,0,7.014,74.72013116623894,5100.33991848478
senc,B,New Hanover WILMINGTON 20,3.57114389231319,159000.0,1.0,raked,equal sd,2.960594732333751e-16,adjusted row,1,0.1728527545928955,1.00105,712.523,0,7.852,90.74414161996944,4119.888210931178
senc,B,New Hanover WILMINGTON 20,3.57114389231319,159000.0,1.0,raked,equal sd,2.960594732333751e-16,adjusted table,1,0.3547046184539795,1.00137,570.219,0,12.244,46.57130022868344,1607.1929283054624
senc,A,Columbus WACCAMAW,1.0819679615372548,1708.0,0.5,indep,equal sd,1.5665994789205886e-15,ILR + log volume,2,0.1609435081481933,1.00473,629.372,0,32.156,19.572459261102125,3908.789442251653
senc,A,Columbus WACCAMAW,1.0819679615372548,1708.0,0.5,indep,equal sd,1.5665994789205886e-15,log cells,2,0.1044232845306396,1.00424,303.183,0,19.312,15.699202568351282,2901.4830245805697
senc,A,Columbus WACCAMAW,1.0819679615372548,1708.0,0.5,indep,equal sd,1.5665994789205886e-15,position logit,2,0.1012506484985351,1.00363,836.691,0,9.012,92.8418774966711,8252.854141585554
senc,A,Columbus WACCAMAW,1.0819679615372548,1708.0,0.5,indep,equal sd,1.5665994789205886e-15,odds-ratio logit,2,0.1337528228759765,1.00258,713.764,0,8.084,88.29341909945572,5332.476929369791
senc,A,Columbus WACCAMAW,1.0819679615372548,1708.0,0.5,indep,equal sd,1.5665994789205886e-15,adjusted row,2,0.2307548522949218,1.00075,866.896,0,10.068,86.10409217322209,3755.421475349796
senc,A,Columbus WACCAMAW,1.0819679615372548,1708.0,0.5,indep,equal sd,1.5665994789205886e-15,adjusted table,2,0.3791484832763672,1.00467,593.344,0,11.204,52.958229203855765,1564.5556338032245
senc,A,Columbus WACCAMAW,1.0819679615372548,1708.0,0.5,raked,equal sd,0.0,ILR + log volume,2,0.1692283153533935,1.00486,462.682,0,29.772,15.540843745801425,2732.4258658954527
senc,A,Columbus WACCAMAW,1.0819679615372548,1708.0,0.5,raked,equal sd,0.0,log cells,2,0.0796608924865722,1.00227,676.755,0,7.64,88.58049738219896,8484.757425861548
senc,A,Columbus WACCAMAW,1.0819679615372548,1708.0,0.5,raked,equal sd,0.0,position logit,2,0.1143906116485595,1.0042,718.117,0,8.072,88.96394945490586,6272.649851239118
senc,A,Columbus WACCAMAW,1.0819679615372548,1708.0,0.5,raked,equal sd,0.0,odds-ratio logit,2,0.1157088279724121,0.999756,796.38,0,8.004,99.49775112443778,6877.519301924321
senc,A,Columbus WACCAMAW,1.0819679615372548,1708.0,0.5,raked,equal sd,0.0,adjusted row,2,0.1865558624267578,1.0045,629.89,0,10.38,60.68304431599229,3374.5690976625365
senc,A,Columbus WACCAMAW,1.0819679615372548,1708.0,0.5,raked,equal sd,0.0,adjusted table,2,0.3330945968627929,1.00326,707.327,0,12.672,55.8181029040404,2122.8135644286835
senc,A,Columbus WACCAMAW,1.0819679615372548,1708.0,0.5,national,equal sd,3.60818228993465,ILR + log volume,2,0.2151763439178466,1.00492,507.444,0,31.316,16.203985183292886,2357.0638000480635
senc,A,Columbus WACCAMAW,1.0819679615372548,1708.0,0.5,national,equal sd,3.60818228993465,log cells,2,0.1135451793670654,1.00687,339.6,0,9.552,35.55276381909548,2988.062812885469
senc,A,Columbus WACCAMAW,1.0819679615372548,1708.0,0.5,national,equal sd,3.60818228993465,position logit,2,0.1295258998870849,1.00213,952.756,0,7.228,131.81460985058106,7351.469046835361
senc,A,Columbus WACCAMAW,1.0819679615372548,1708.0,0.5,national,equal sd,3.60818228993465,odds-ratio logit,2,0.1154737472534179,1.00152,924.752,0,8.428,109.7237778832463,7995.668951302723
senc,A,Columbus WACCAMAW,1.0819679615372548,1708.0,0.5,national,equal sd,3.60818228993465,adjusted row,2,0.1931977272033691,1.00242,688.3,0,11.632,59.17297111416781,3561.054107941552
senc,A,Columbus WACCAMAW,1.0819679615372548,1708.0,0.5,national,equal sd,3.60818228993465,adjusted table,2,0.3767139911651611,1.00059,593.914,0,12.624,47.04641951837769,1576.20562843763
senc,A,Columbus WACCAMAW,1.0819679615372548,1708.0,0.5,national,interactions only,0.0360818228993465,ILR + log volume,2,0.2621808052062988,1.00395,560.663,0,50.476,11.107516443458278,2137.720662183218
senc,A,Columbus WACCAMAW,1.0819679615372548,1708.0,0.5,national,interactions only,0.0360818228993465,log cells,2,0.121690034866333,1.00656,209.259,0,12.428,16.83770518184744,1717.9809679146897
senc,A,Columbus WACCAMAW,1.0819679615372548,1708.0,0.5,national,interactions only,0.0360818228993465,position logit,2,0.1168622970581054,1.00604,729.283,0,8.54,85.39613583138174,6236.715636126381
senc,A,Columbus WACCAMAW,1.0819679615372548,1708.0,0.5,national,interactions only,0.0360818228993465,odds-ratio logit,2,0.114478588104248,1.00055,717.798,0,9.296,77.21579173838211,6265.361890831902
senc,A,Columbus WACCAMAW,1.0819679615372548,1708.0,0.5,national,interactions only,0.0360818228993465,adjusted row,2,0.1749751567840576,1.00081,649.775,0,10.312,63.01153995345229,3711.226304479856
senc,A,Columbus WACCAMAW,1.0819679615372548,1708.0,0.5,national,interactions only,0.0360818228993465,adjusted table,2,0.2834417819976806,1.00331,640.877,0,8.448,75.86138731060605,2260.273873730609
senc,A,Columbus WACCAMAW,1.0819679615372548,1708.0,2.0,indep,equal sd,3.916498697301472e-16,ILR + log volume,2,0.534846305847168,1.01994,248.251,0,141.084,1.759597119446571,464.0924593696306
senc,A,Columbus WACCAMAW,1.0819679615372548,1708.0,2.0,indep,equal sd,3.916498697301472e-16,log cells,2,0.3535478115081787,1.01515,190.76,0,111.444,1.7117117117117115,539.4090413537383
senc,A,Columbus WACCAMAW,1.0819679615372548,1708.0,2.0,indep,equal sd,3.916498697301472e-16,position logit,2,0.2878637313842773,1.00239,347.189,0,30.116,11.5283902244654,1205.6556488552526
senc,A,Columbus WACCAMAW,1.0819679615372548,1708.0,2.0,indep,equal sd,3.916498697301472e-16,odds-ratio logit,2,0.161487340927124,1.00676,399.255,0,13.152,30.356979927007306,2470.763234336385
senc,A,Columbus WACCAMAW,1.0819679615372548,1708.0,2.0,indep,equal sd,3.916498697301472e-16,adjusted row,2,0.2250747680664062,1.00479,619.202,0,11.38,54.41142355008787,2749.4782644774914
senc,A,Columbus WACCAMAW,1.0819679615372548,1708.0,2.0,indep,equal sd,3.916498697301472e-16,adjusted table,2,0.4275465011596679,1.00129,595.192,0,12.852,46.31123560535325,1391.7326057509783
senc,A,Columbus WACCAMAW,1.0819679615372548,1708.0,2.0,raked,equal sd,0.0,ILR + log volume,2,0.6104352474212646,1.00231,246.261,0,154.692,1.5919439919323557,403.3648302799281
senc,A,Columbus WACCAMAW,1.0819679615372548,1708.0,2.0,raked,equal sd,0.0,log cells,2,0.3224978446960449,1.03658,93.0737,1,101.657,0.9155660702165124,288.5106199572089
senc,A,Columbus WACCAMAW,1.0819679615372548,1708.0,2.0,raked,equal sd,0.0,position logit,2,0.3108675479888916,1.01165,277.984,2,33.654,8.260058239733759,893.9513083123444
senc,A,Columbus WACCAMAW,1.0819679615372548,1708.0,2.0,raked,equal sd,0.0,odds-ratio logit,2,0.1531987190246582,1.01883,89.8938,0,11.344,7.924347672778562,586.4286035144476
senc,A,Columbus WACCAMAW,1.0819679615372548,1708.0,2.0,raked,equal sd,0.0,adjusted row,2,0.2104156017303466,1.00347,648.169,0,11.196,57.89290818149339,3079.1632076909486
senc,A,Columbus WACCAMAW,1.0819679615372548,1708.0,2.0,raked,equal sd,0.0,adjusted table,2,0.4099657535552978,1.00577,508.907,0,12.628,40.299889135254986,1240.9895225589198
senc,A,Columbus WACCAMAW,1.0819679615372548,1708.0,2.0,national,equal sd,0.9020455724836624,ILR + log volume,2,0.5140933990478516,1.00415,211.964,0,135.188,1.5679202296061785,412.1941910016037
senc,A,Columbus WACCAMAW,1.0819679615372548,1708.0,2.0,national,equal sd,0.9020455724836624,log cells,2,0.3141016960144043,1.06614,54.6375,4,99.385,0.5497559993962872,173.87624654301834
senc,A,Columbus WACCAMAW,1.0819679615372548,1708.0,2.0,national,equal sd,0.9020455724836624,position logit,2,0.2977292537689209,1.01099,292.043,3,39.54,7.386014162873041,980.5486986013628
senc,A,Columbus WACCAMAW,1.0819679615372548,1708.0,2.0,national,equal sd,0.9020455724836624,odds-ratio logit,2,0.1477580070495605,1.03027,86.5065,1,13.034,6.63698787785791,584.8086078206672
senc,A,Columbus WACCAMAW,1.0819679615372548,1708.0,2.0,national,equal sd,0.9020455724836624,adjusted row,2,0.2163777351379394,1.00425,586.568,0,10.568,55.504163512490535,2709.3264344204435
senc,A,Columbus WACCAMAW,1.0819679615372548,1708.0,2.0,national,equal sd,0.9020455724836624,adjusted table,2,0.4944100379943847,1.00636,458.499,0,13.9,32.985539568345324,927.2277151785306
senc,A,Columbus WACCAMAW,1.0819679615372548,1708.0,2.0,national,interactions only,0.0360818228993465,ILR + log volume,2,0.6983726024627686,1.0107,220.758,0,195.144,1.1312569179682697,316.0623554162252
senc,A,Columbus WACCAMAW,1.0819679615372548,1708.0,2.0,national,interactions only,0.0360818228993465,log cells,2,0.3565106391906738,1.107,8.38077,23,108.964,0.0769132006901362,23.500524566916816
senc,A,Columbus WACCAMAW,1.0819679615372548,1708.0,2.0,national,interactions only,0.0360818228993465,position logit,2,0.6779563426971436,1.00887,391.322,2,99.485,3.933477408654571,577.1335686261548
senc,A,Columbus WACCAMAW,1.0819679615372548,1708.0,2.0,national,interactions only,0.0360818228993465,odds-ratio logit,2,0.2481544017791748,1.02013,212.691,1,18.363,11.582584545008986,856.7777599114881
senc,A,Columbus WACCAMAW,1.0819679615372548,1708.0,2.0,national,interactions only,0.0360818228993465,adjusted row,2,0.2091577053070068,1.00296,649.678,0,11.072,58.67756502890174,3104.715880630754
senc,A,Columbus WACCAMAW,1.0819679615372548,1708.0,2.0,national,interactions only,0.0360818228993465,adjusted table,2,0.4400317668914795,1.00146,648.496,0,11.892,54.53212243525059,1473.4535539535298
senc,A,New Hanover HARNETT 1,3.004193017772698,1625.0,0.5,indep,equal sd,8.208645989907719e-16,ILR + log volume,2,0.2062740325927734,1.00733,506.397,0,44.356,11.416651636757146,2453.9170129074296
senc,A,New Hanover HARNETT 1,3.004193017772698,1625.0,0.5,indep,equal sd,8.208645989907719e-16,log cells,2,0.1108388900756836,1.00661,490.295,0,18.796,26.08507129176421,4419.756234737849
senc,A,New Hanover HARNETT 1,3.004193017772698,1625.0,0.5,indep,equal sd,8.208645989907719e-16,position logit,2,0.111497163772583,1.00039,911.862,0,7.596,120.04502369668246,8162.929708812129
senc,A,New Hanover HARNETT 1,3.004193017772698,1625.0,0.5,indep,equal sd,8.208645989907719e-16,odds-ratio logit,2,0.1029105186462402,1.00222,993.879,0,7.396,134.38061114115737,9649.54101063187
senc,A,New Hanover HARNETT 1,3.004193017772698,1625.0,0.5,indep,equal sd,8.208645989907719e-16,adjusted row,2,0.1501657962799072,1.00133,773.435,0,7.992,96.77615115115114,5147.050959655257
senc,A,New Hanover HARNETT 1,3.004193017772698,1625.0,0.5,indep,equal sd,8.208645989907719e-16,adjusted table,2,0.2913498878479004,1.00221,796.944,0,10.852,73.43752303722816,2733.882685030908
senc,A,New Hanover HARNETT 1,3.004193017772698,1625.0,0.5,raked,equal sd,2.526802997389775e-14,ILR + log volume,2,0.2088029384613037,1.00997,485.216,0,37.572,12.914297881401042,2321.9428210975
senc,A,New Hanover HARNETT 1,3.004193017772698,1625.0,0.5,raked,equal sd,2.526802997389775e-14,log cells,2,0.0920033454895019,1.00465,482.584,0,9.304,51.86844368013757,5238.947402366205
senc,A,New Hanover HARNETT 1,3.004193017772698,1625.0,0.5,raked,equal sd,2.526802997389775e-14,position logit,2,0.1028945446014404,1.004,703.716,0,7.84,89.75969387755103,6833.322144324932
senc,A,New Hanover HARNETT 1,3.004193017772698,1625.0,0.5,raked,equal sd,2.526802997389775e-14,odds-ratio logit,2,0.1139664649963378,1.00023,698.434,0,8.212,85.05041402825134,6123.651224201579
senc,A,New Hanover HARNETT 1,3.004193017772698,1625.0,0.5,raked,equal sd,2.526802997389775e-14,adjusted row,2,0.1765947341918945,1.00097,842.323,0,9.656,87.23311930405964,4767.246526322039
senc,A,New Hanover HARNETT 1,3.004193017772698,1625.0,0.5,raked,equal sd,2.526802997389775e-14,adjusted table,2,0.3887381553649902,0.999855,658.985,0,13.148,50.12055065409188,1694.7772595826923
senc,A,New Hanover HARNETT 1,3.004193017772698,1625.0,0.5,national,equal sd,7.314919771865619,ILR + log volume,2,0.2181258201599121,1.01596,442.538,0,36.132,12.247813572456549,2027.995279529925
senc,A,New Hanover HARNETT 1,3.004193017772698,1625.0,0.5,national,equal sd,7.314919771865619,log cells,2,0.0807855129241943,1.00597,632.602,0,7.28,86.89587912087912,7821.564884822186
senc,A,New Hanover HARNETT 1,3.004193017772698,1625.0,0.5,national,equal sd,7.314919771865619,position logit,2,0.1013524532318115,1.00155,790.447,0,8.504,92.95002351834432,7791.825534291906
senc,A,New Hanover HARNETT 1,3.004193017772698,1625.0,0.5,national,equal sd,7.314919771865619,odds-ratio logit,2,0.105708360671997,1.00145,957.162,0,7.016,136.425598631699,9040.93774405585
senc,A,New Hanover HARNETT 1,3.004193017772698,1625.0,0.5,national,equal sd,7.314919771865619,adjusted row,2,0.1591744422912597,0.999902,670.807,0,8.964,74.8334448906738,4211.355164682655
senc,A,New Hanover HARNETT 1,3.004193017772698,1625.0,0.5,national,equal sd,7.314919771865619,adjusted table,2,0.3609907627105713,1.00401,749.652,0,12.616,59.42073557387445,2075.982380882521
senc,A,New Hanover HARNETT 1,3.004193017772698,1625.0,0.5,national,interactions only,0.0731491977186561,ILR + log volume,2,0.9889955520629884,1.06021,71.9653,1,232.499,0.3095295033527026,72.75358011713583
senc,A,New Hanover HARNETT 1,3.004193017772698,1625.0,0.5,national,interactions only,0.0731491977186561,log cells,2,0.3048732280731201,1.42384,9.18678,40,55.471,0.1656141046673036,30.12209054347291
senc,A,New Hanover HARNETT 1,3.004193017772698,1625.0,0.5,national,interactions only,0.0731491977186561,position logit,2,0.4770123958587646,1.13218,22.2044,337,14.441,1.5375943494217852,46.540311616787534
senc,A,New Hanover HARNETT 1,3.004193017772698,1625.0,0.5,national,interactions only,0.0731491977186561,odds-ratio logit,2,1.130056619644165,1.03183,25.7855,0,165.172,0.1561130215775071,22.81632838972145
senc,A,New Hanover HARNETT 1,3.004193017772698,1625.0,0.5,national,interactions only,0.0731491977186561,adjusted row,2,0.2016804218292236,1.20716,3.73561,347,10.317,0.3620829698555781,18.513536880995847
senc,A,New Hanover HARNETT 1,3.004193017772698,1625.0,0.5,national,interactions only,0.0731491977186561,adjusted table,2,2.437555313110352,2.13212,1.26276,809,121.662,0.0103792474231888,0.5180155591534841
senc,A,New Hanover HARNETT 1,3.004193017772698,1625.0,2.0,indep,equal sd,2.0521614974769298e-16,ILR + log volume,2,0.5200834274291992,1.01138,304.998,0,136.248,2.2385502906464683,586.3569316353905
senc,A,New Hanover HARNETT 1,3.004193017772698,1625.0,2.0,indep,equal sd,2.0521614974769298e-16,log cells,2,0.3122766017913818,1.02105,177.619,0,80.928,2.194778074337683,568.6241762839472
senc,A,New Hanover HARNETT 1,3.004193017772698,1625.0,2.0,indep,equal sd,2.0521614974769298e-16,position logit,2,0.1105995178222656,1.00606,504.826,0,7.44,67.85295698924732,4560.056233331539
senc,A,New Hanover HARNETT 1,3.004193017772698,1625.0,2.0,indep,equal sd,2.0521614974769298e-16,odds-ratio logit,2,0.1280348300933838,1.00582,805.37,0,7.74,104.0529715762274,6285.969035955801
senc,A,New Hanover HARNETT 1,3.004193017772698,1625.0,2.0,indep,equal sd,2.0521614974769298e-16,adjusted row,2,0.1910443305969238,1.00168,651.722,0,9.188,70.93186765346103,3407.529533143854
senc,A,New Hanover HARNETT 1,3.004193017772698,1625.0,2.0,indep,equal sd,2.0521614974769298e-16,adjusted table,2,0.4033348560333252,1.00403,584.626,0,13.024,44.88835995085995,1449.1481104830275
senc,A,New Hanover HARNETT 1,3.004193017772698,1625.0,2.0,raked,equal sd,6.317007493474438e-15,ILR + log volume,2,0.6135320663452148,1.00504,362.925,0,156.572,2.317943182689114,591.4532005590415
senc,A,New Hanover HARNETT 1,3.004193017772698,1625.0,2.0,raked,equal sd,6.317007493474438e-15,log cells,2,0.2616276741027832,1.06587,67.5958,13,41.999,1.6094621300507153,258.2642554274991
senc,A,New Hanover HARNETT 1,3.004193017772698,1625.0,2.0,raked,equal sd,6.317007493474438e-15,position logit,2,0.1182732582092285,1.00234,659.363,0,8.064,81.76624503968254,5571.374201184958
senc,A,New Hanover HARNETT 1,3.004193017772698,1625.0,2.0,raked,equal sd,6.317007493474438e-15,odds-ratio logit,2,0.1106643676757812,1.00437,548.106,0,7.62,71.92992125984252,4947.687461473896
senc,A,New Hanover HARNETT 1,3.004193017772698,1625.0,2.0,raked,equal sd,6.317007493474438e-15,adjusted row,2,0.1620469093322754,1.00488,482.361,0,9.8,49.22051020408163,2975.0861669938545
senc,A,New Hanover HARNETT 1,3.004193017772698,1625.0,2.0,raked,equal sd,6.317007493474438e-15,adjusted table,2,0.3929898738861084,1.0132,561.736,0,12.456,45.09762363519589,1429.128678904369
senc,A,New Hanover HARNETT 1,3.004193017772698,1625.0,2.0,national,equal sd,1.8287299429664048,ILR + log volume,2,0.4335355758666992,1.01813,311.568,0,140.34,2.22009405728944,718.5198815628721
senc,A,New Hanover HARNETT 1,3.004193017772698,1625.0,2.0,national,equal sd,1.8287299429664048,log cells,2,0.1752278804779052,1.12931,18.3243,76,23.271,0.7874307077478406,104.44351480435616
senc,A,New Hanover HARNETT 1,3.004193017772698,1625.0,2.0,national,equal sd,1.8287299429664048,position logit,2,0.1306631565093994,1.00663,614.093,0,8.62,71.24048723897911,4696.869400643708
senc,A,New Hanover HARNETT 1,3.004193017772698,1625.0,2.0,national,equal sd,1.8287299429664048,odds-ratio logit,2,0.1278166770935058,1.00391,539.881,0,7.116,75.86860595840359,4221.381530493011
senc,A,New Hanover HARNETT 1,3.004193017772698,1625.0,2.0,national,equal sd,1.8287299429664048,adjusted row,2,0.183359146118164,1.00108,588.885,0,9.224,63.84269297484822,3210.10758706736
senc,A,New Hanover HARNETT 1,3.004193017772698,1625.0,2.0,national,equal sd,1.8287299429664048,adjusted table,2,0.3865594863891601,1.00227,597.68,0,12.0,49.806666666666665,1545.7808935352073
senc,A,New Hanover HARNETT 1,3.004193017772698,1625.0,2.0,national,interactions only,0.0731491977186561,ILR + log volume,2,0.9703915119171144,1.05139,75.5111,0,210.652,0.3584637221578717,77.80642729996045
senc,A,New Hanover HARNETT 1,3.004193017772698,1625.0,2.0,national,interactions only,0.0731491977186561,log cells,2,0.359100341796875,1.19021,11.5438,211,33.939,0.3401337694098235,32.139981051976164
senc,A,New Hanover HARNETT 1,3.004193017772698,1625.0,2.0,national,interactions only,0.0731491977186561,position logit,2,0.3977227210998535,1.25772,11.7603,346,17.437,0.6744451453805127,29.55382121565075
senc,A,New Hanover HARNETT 1,3.004193017772698,1625.0,2.0,national,interactions only,0.0731491977186561,odds-ratio logit,2,0.4872438907623291,1.33571,3.74748,513,18.044,0.207685657282199,7.689734145153234
senc,A,New Hanover HARNETT 1,3.004193017772698,1625.0,2.0,national,interactions only,0.0731491977186561,adjusted row,2,1.416877031326294,1.06726,8.15639,247,137.983,0.059111557220817,5.756288932981622
senc,A,New Hanover HARNETT 1,3.004193017772698,1625.0,2.0,national,interactions only,0.0731491977186561,adjusted table,2,1.7149274349212646,1.11199,50.9545,328,66.111,0.7707416314985404,29.710415221080684
senc,A,New Hanover WILMINGTON 20,3.57114389231319,1590.0,0.5,indep,equal sd,7.456791362014896e-16,ILR + log volume,2,0.2023928165435791,1.00316,477.771,0,32.756,14.58575528147515,2359.608995598511
senc,A,New Hanover WILMINGTON 20,3.57114389231319,1590.0,0.5,indep,equal sd,7.456791362014896e-16,log cells,2,0.092247724533081,1.00453,324.068,0,21.192,15.29199697999245,3509.862054138918
senc,A,New Hanover WILMINGTON 20,3.57114389231319,1590.0,0.5,indep,equal sd,7.456791362014896e-16,position logit,2,0.1172444820404052,1.00053,1055.35,0,6.92,152.507225433526,8990.435148836605
senc,A,New Hanover WILMINGTON 20,3.57114389231319,1590.0,0.5,indep,equal sd,7.456791362014896e-16,odds-ratio logit,2,0.1054170131683349,1.00144,1107.82,0,7.088,156.2951467268623,10499.146691612266
senc,A,New Hanover WILMINGTON 20,3.57114389231319,1590.0,0.5,indep,equal sd,7.456791362014896e-16,adjusted row,2,0.1647088527679443,1.00195,957.674,0,7.98,120.0092731829574,5811.206820622327
senc,A,New Hanover WILMINGTON 20,3.57114389231319,1590.0,0.5,indep,equal sd,7.456791362014896e-16,adjusted table,2,0.2927007675170898,1.00331,573.957,0,10.736,53.46097242921013,1960.449902136718
senc,A,New Hanover WILMINGTON 20,3.57114389231319,1590.0,0.5,raked,equal sd,0.0,ILR + log volume,2,0.1800153255462646,1.00966,477.49,0,35.508,13.447392136983217,2651.3726810165763
senc,A,New Hanover WILMINGTON 20,3.57114389231319,1590.0,0.5,raked,equal sd,0.0,log cells,2,0.0910787582397461,1.01698,107.324,1,9.263,11.586311130303358,1177.2645860307714
senc,A,New Hanover WILMINGTON 20,3.57114389231319,1590.0,0.5,raked,equal sd,0.0,position logit,2,0.0928590297698974,0.999103,1134.36,0,7.148,158.69613878007834,12203.653735312448
senc,A,New Hanover WILMINGTON 20,3.57114389231319,1590.0,0.5,raked,equal sd,0.0,odds-ratio logit,2,0.1035199165344238,1.00052,850.657,0,7.4,114.95364864864864,8208.328289801459
senc,A,New Hanover WILMINGTON 20,3.57114389231319,1590.0,0.5,raked,equal sd,0.0,adjusted row,2,0.1515116691589355,1.00258,814.951,0,9.244,88.15999567286889,5375.729519278949
senc,A,New Hanover WILMINGTON 20,3.57114389231319,1590.0,0.5,raked,equal sd,0.0,adjusted table,2,0.3657925128936767,1.00369,659.082,0,12.196,54.04083306001968,1800.825936654272
senc,A,New Hanover WILMINGTON 20,3.57114389231319,1590.0,0.5,national,equal sd,9.520085529429773,ILR + log volume,2,0.1902759075164795,1.00229,484.613,0,34.024,14.243269456853984,2545.8690906303505
senc,A,New Hanover WILMINGTON 20,3.57114389231319,1590.0,0.5,national,equal sd,9.520085529429773,log cells,2,0.0778267383575439,1.00054,825.653,0,7.232,114.16662057522124,10596.589670698608
senc,A,New Hanover WILMINGTON 20,3.57114389231319,1590.0,0.5,national,equal sd,9.520085529429773,position logit,2,0.1109886169433593,1.00039,1145.7,0,7.02,163.20512820512823,10313.596662159553
senc,A,New Hanover WILMINGTON 20,3.57114389231319,1590.0,0.5,national,equal sd,9.520085529429773,odds-ratio logit,2,0.1080131530761718,1.00224,758.627,0,7.368,102.9624049945711,7018.44932682789
senc,A,New Hanover WILMINGTON 20,3.57114389231319,1590.0,0.5,national,equal sd,9.520085529429773,adjusted row,2,0.1714465618133545,1.0022,734.073,0,8.92,82.29517937219731,4278.977356853687
senc,A,New Hanover WILMINGTON 20,3.57114389231319,1590.0,0.5,national,equal sd,9.520085529429773,adjusted table,2,0.3389167785644531,1.01325,530.974,0,10.556,50.30068207654416,1566.2586958144796
senc,A,New Hanover WILMINGTON 20,3.57114389231319,1590.0,0.5,national,interactions only,0.0952008552942977,ILR + log volume,2,0.3114790916442871,1.01907,78.5176,125,55.608,1.4119838872104735,251.8334896494346
senc,A,New Hanover WILMINGTON 20,3.57114389231319,1590.0,0.5,national,interactions only,0.0952008552942977,log cells,2,0.376814603805542,1.01542,91.1034,1,135.576,0.6719729155602762,241.7062568053296
senc,A,New Hanover WILMINGTON 20,3.57114389231319,1590.0,0.5,national,interactions only,0.0952008552942977,position logit,2,0.5064365863800049,1.01061,143.774,368,52.919,2.716869177422098,283.8106858235817
senc,A,New Hanover WILMINGTON 20,3.57114389231319,1590.0,0.5,national,interactions only,0.0952008552942977,odds-ratio logit,2,0.4431915283203125,1.02067,97.5956,244,80.005,1.2198687582026124,220.1517901742464
senc,A,New Hanover WILMINGTON 20,3.57114389231319,1590.0,0.5,national,interactions only,0.0952008552942977,adjusted row,2,0.2679755687713623,1.01734,150.701,635,13.876,10.8605505909484,562.1238702168151
senc,A,New Hanover WILMINGTON 20,3.57114389231319,1590.0,0.5,national,interactions only,0.0952008552942977,adjusted table,2,1.8938546180725095,1.91847,1.34079,703,79.854,0.0167905176947929,0.7079360127697554
senc,A,New Hanover WILMINGTON 20,3.57114389231319,1590.0,2.0,indep,equal sd,1.864197840503724e-16,ILR + log volume,2,0.5282177925109863,1.00344,389.279,0,132.732,2.9328195160172377,736.826497438545
senc,A,New Hanover WILMINGTON 20,3.57114389231319,1590.0,2.0,indep,equal sd,1.864197840503724e-16,log cells,2,0.2679994106292724,1.02215,176.55,0,84.596,2.0869781077119485,658.5170259216738
senc,A,New Hanover WILMINGTON 20,3.57114389231319,1590.0,2.0,indep,equal sd,1.864197840503724e-16,position logit,2,0.117896556854248,1.00729,710.879,0,8.744,81.29906221408966,6025.066296233579
senc,A,New Hanover WILMINGTON 20,3.57114389231319,1590.0,2.0,indep,equal sd,1.864197840503724e-16,odds-ratio logit,2,0.1193106174468994,1.00013,557.07,0,7.348,75.81246597713664,4661.2767959270805
senc,A,New Hanover WILMINGTON 20,3.57114389231319,1590.0,2.0,indep,equal sd,1.864197840503724e-16,adjusted row,2,0.1668174266815185,1.00201,530.358,0,8.876,59.751915277151866,3177.0426791511823
senc,A,New Hanover WILMINGTON 20,3.57114389231319,1590.0,2.0,indep,equal sd,1.864197840503724e-16,adjusted table,2,0.4143240451812744,1.0011,566.18,0,12.396,45.67441110035495,1366.2201288707242
senc,A,New Hanover WILMINGTON 20,3.57114389231319,1590.0,2.0,raked,equal sd,0.0,ILR + log volume,2,0.4866664409637451,1.0102,302.439,0,141.8,2.1328561354019744,621.3540971000856
senc,A,New Hanover WILMINGTON 20,3.57114389231319,1590.0,2.0,raked,equal sd,0.0,log cells,2,0.2165005207061767,1.06651,37.8303,19,60.728,0.6229465814780661,174.67882180493922
senc,A,New Hanover WILMINGTON 20,3.57114389231319,1590.0,2.0,raked,equal sd,0.0,position logit,2,0.1107618808746337,1.00468,531.479,0,8.252,64.40608337372758,4794.574117499285
senc,A,New Hanover WILMINGTON 20,3.57114389231319,1590.0,2.0,raked,equal sd,0.0,odds-ratio logit,2,0.1182582378387451,1.00463,469.148,0,9.912,47.331315577078286,3964.167525528623
senc,A,New Hanover WILMINGTON 20,3.57114389231319,1590.0,2.0,raked,equal sd,0.0,adjusted row,2,0.1808137893676757,1.0079,666.398,0,10.216,65.23081440877057,3683.712497650132
senc,A,New Hanover WILMINGTON 20,3.57114389231319,1590.0,2.0,raked,equal sd,0.0,adjusted table,2,0.4081435203552246,1.00455,514.737,0,13.52,38.07226331360947,1260.7512885388237
senc,A,New Hanover WILMINGTON 20,3.57114389231319,1590.0,2.0,national,equal sd,2.380021382357443,ILR + log volume,2,0.5260775089263916,1.00624,251.074,0,137.156,1.830572486803348,477.1604389068472
senc,A,New Hanover WILMINGTON 20,3.57114389231319,1590.0,2.0,national,equal sd,2.380021382357443,log cells,2,0.2868328094482422,1.02433,53.3412,10,97.161,0.548998054775064,185.90961545316304
senc,A,New Hanover WILMINGTON 20,3.57114389231319,1590.0,2.0,national,equal sd,2.380021382357443,position logit,2,0.1254539489746093,1.00874,448.96,0,7.816,57.44114636642784,3576.101129266273
senc,A,New Hanover WILMINGTON 20,3.57114389231319,1590.0,2.0,national,equal sd,2.380021382357443,odds-ratio logit,2,0.1067650318145752,1.00556,387.387,0,7.712,50.23171680497926,3625.929387245571
senc,A,New Hanover WILMINGTON 20,3.57114389231319,1590.0,2.0,national,equal sd,2.380021382357443,adjusted row,2,0.1809067726135254,1.00557,514.659,0,9.252,55.62678339818417,2841.279202170213
senc,A,New Hanover WILMINGTON 20,3.57114389231319,1590.0,2.0,national,equal sd,2.380021382357443,adjusted table,2,0.3842015266418457,1.0063,523.941,0,12.524,41.83495688278506,1363.387419665923
senc,A,New Hanover WILMINGTON 20,3.57114389231319,1590.0,2.0,national,interactions only,0.0952008552942977,ILR + log volume,2,0.920673370361328,1.01117,137.01,0,273.592,0.5007821866136437,148.80285347700703
senc,A,New Hanover WILMINGTON 20,3.57114389231319,1590.0,2.0,national,interactions only,0.0952008552942977,log cells,2,0.2967772483825683,1.06636,21.1232,116,44.489,0.4747960169929646,71.15446019059735
senc,A,New Hanover WILMINGTON 20,3.57114389231319,1590.0,2.0,national,interactions only,0.0952008552942977,position logit,2,0.2671079635620117,1.02997,61.2636,526,27.481,2.2293075215603504,229.15930550250243
senc,A,New Hanover WILMINGTON 20,3.57114389231319,1590.0,2.0,national,interactions only,0.0952008552942977,odds-ratio logit,2,0.4986238479614258,1.09291,42.283,738,8.26,5.119007263922518,84.78273213337279
senc,A,New Hanover WILMINGTON 20,3.57114389231319,1590.0,2.0,national,interactions only,0.0952008552942977,adjusted row,2,0.3910105228424072,1.12927,10.023,802,11.36,0.882306338028169,25.627736918819963
senc,A,New Hanover WILMINGTON 20,3.57114389231319,1590.0,2.0,national,interactions only,0.0952008552942977,adjusted table,2,2.384495496749878,2.19225,1.2067,770,37.966,0.0317837012063425,0.5060326428149651
senc,A,Brunswick LONGWOOD,4.195422188251508,2375.0,0.5,indep,equal sd,1.6817018544393159e-15,ILR + log volume,2,0.2096121311187744,1.00534,470.247,0,41.096,11.442646486276038,2242.455966937752
senc,A,Brunswick LONGWOOD,4.195422188251508,2375.0,0.5,indep,equal sd,1.6817018544393159e-15,log cells,2,0.1590712070465088,1.0089,346.599,0,29.564,11.723684210526317,2177.3843857920638
senc,A,Brunswick LONGWOOD,4.195422188251508,2375.0,0.5,indep,equal sd,1.6817018544393159e-15,position logit,2,0.1443285942077636,1.00324,1135.57,0,7.084,160.30067758328627,7861.131263428747
senc,A,Brunswick LONGWOOD,4.195422188251508,2375.0,0.5,indep,equal sd,1.6817018544393159e-15,odds-ratio logit,2,0.1326384544372558,1.00187,971.221,0,7.352,132.10296517954296,7313.471164551463
senc,A,Brunswick LONGWOOD,4.195422188251508,2375.0,0.5,indep,equal sd,1.6817018544393159e-15,adjusted row,2,0.1978468894958496,1.0026,805.469,0,8.268,97.42005321722304,4068.800295521936
senc,A,Brunswick LONGWOOD,4.195422188251508,2375.0,0.5,indep,equal sd,1.6817018544393159e-15,adjusted table,2,0.264986515045166,1.00296,651.414,0,10.116,64.3944246737841,2457.437666039467
senc,A,Brunswick LONGWOOD,4.195422188251508,2375.0,0.5,raked,equal sd,0.0,ILR + log volume,2,0.2106368541717529,1.01214,626.806,0,48.544,12.912120962425842,2974.527051777296
senc,A,Brunswick LONGWOOD,4.195422188251508,2375.0,0.5,raked,equal sd,0.0,log cells,2,0.1203680038452148,1.00187,297.11,0,15.024,19.7756922257721,2466.5979071212823
senc,A,Brunswick LONGWOOD,4.195422188251508,2375.0,0.5,raked,equal sd,0.0,position logit,2,0.0949549674987793,1.00189,945.16,0,7.456,126.76502145922746,9945.5302775715
senc,A,Brunswick LONGWOOD,4.195422188251508,2375.0,0.5,raked,equal sd,0.0,odds-ratio logit,2,0.0849664211273193,1.00227,642.244,0,7.544,85.13308589607637,7552.143683085265
senc,A,Brunswick LONGWOOD,4.195422188251508,2375.0,0.5,raked,equal sd,0.0,adjusted row,2,0.1593618392944336,1.00199,798.548,0,9.484,84.19949388443695,5008.565659414558
senc,A,Brunswick LONGWOOD,4.195422188251508,2375.0,0.5,raked,equal sd,0.0,adjusted table,2,0.3513407707214355,1.00559,582.1,0,10.816,53.818417159763314,1656.384656674781
senc,A,Brunswick LONGWOOD,4.195422188251508,2375.0,0.5,national,equal sd,12.137685058386962,ILR + log volume,2,0.1576299667358398,1.00198,428.087,0,38.796,11.034307660583565,2714.23628609177
senc,A,Brunswick LONGWOOD,4.195422188251508,2375.0,0.5,national,equal sd,12.137685058386962,log cells,2,0.0877251625061035,1.00716,578.62,0,7.176,80.63266443701227,6590.382024385608
senc,A,Brunswick LONGWOOD,4.195422188251508,2375.0,0.5,national,equal sd,12.137685058386962,position logit,2,0.1157763004302978,1.00115,1173.5,0,7.28,161.19505494505495,10127.95868168228
senc,A,Brunswick LONGWOOD,4.195422188251508,2375.0,0.5,national,equal sd,12.137685058386962,odds-ratio logit,2,0.097313642501831,1.00286,750.292,0,8.392,89.40562440419448,7703.056391449406
senc,A,Brunswick LONGWOOD,4.195422188251508,2375.0,0.5,national,equal sd,12.137685058386962,adjusted row,2,0.1511073112487793,1.00361,805.769,0,9.36,86.08643162393163,5329.116060600709
senc,A,Brunswick LONGWOOD,4.195422188251508,2375.0,0.5,national,equal sd,12.137685058386962,adjusted table,2,0.3418786525726318,1.00394,667.488,0,11.404,58.531041739740445,1951.9260882325875
senc,A,Brunswick LONGWOOD,4.195422188251508,2375.0,0.5,national,interactions only,0.1213768505838696,ILR + log volume,2,0.3371734619140625,1.01387,84.8562,325,47.369,1.791386771939454,251.60451294441003
senc,A,Brunswick LONGWOOD,4.195422188251508,2375.0,0.5,national,interactions only,0.1213768505838696,log cells,2,0.3308048248291015,1.01631,56.2764,5,120.967,0.4652210933560393,170.01904437214267
senc,A,Brunswick LONGWOOD,4.195422188251508,2375.0,0.5,national,interactions only,0.1213768505838696,position logit,2,0.1895442008972168,1.10657,7.52628,520,16.825,0.447327191679049,39.677659611336864
senc,A,Brunswick LONGWOOD,4.195422188251508,2375.0,0.5,national,interactions only,0.1213768505838696,odds-ratio logit,2,0.2519199848175049,1.04014,59.6464,646,19.312,3.088566694283347,236.6859296055221
senc,A,Brunswick LONGWOOD,4.195422188251508,2375.0,0.5,national,interactions only,0.1213768505838696,adjusted row,2,0.4459116458892822,1.01551,106.579,462,35.518,3.000703868461062,238.9463881087183
senc,A,Brunswick LONGWOOD,4.195422188251508,2375.0,0.5,national,interactions only,0.1213768505838696,adjusted table,2,2.755759954452514,121016240309649.0,1.00604,972,107.929,0.0093213130854543,0.3650557641294986
senc,A,Brunswick LONGWOOD,4.195422188251508,2375.0,2.0,indep,equal sd,4.2042546360982897e-16,ILR + log volume,2,0.6874475479125977,1.00709,176.13,0,174.32,1.010383203304268,256.17354415538887
senc,A,Brunswick LONGWOOD,4.195422188251508,2375.0,2.0,indep,equal sd,4.2042546360982897e-16,log cells,2,0.4085807800292969,1.01903,125.852,0,166.44,0.756140350877193,307.94918381279246
senc,A,Brunswick LONGWOOD,4.195422188251508,2375.0,2.0,indep,equal sd,4.2042546360982897e-16,position logit,2,0.1833305358886718,1.00328,442.176,0,20.316,21.764914353219137,2410.8587084305022
senc,A,Brunswick LONGWOOD,4.195422188251508,2375.0,2.0,indep,equal sd,4.2042546360982897e-16,odds-ratio logit,2,0.1322569847106933,1.00476,327.298,0,11.448,28.58997204751921,2473.0628766771874
senc,A,Brunswick LONGWOOD,4.195422188251508,2375.0,2.0,indep,equal sd,4.2042546360982897e-16,adjusted row,2,0.2083637714385986,1.0045,501.072,0,11.14,44.97953321364452,2403.7655694892574
senc,A,Brunswick LONGWOOD,4.195422188251508,2375.0,2.0,indep,equal sd,4.2042546360982897e-16,adjusted table,2,0.4534945487976074,1.00487,620.639,0,13.92,44.58613505747127,1368.2634822530115
senc,A,Brunswick LONGWOOD,4.195422188251508,2375.0,2.0,raked,equal sd,0.0,ILR + log volume,2,0.6540226936340332,1.00321,269.107,0,178.212,1.5100386057055644,411.4077748724553
senc,A,Brunswick LONGWOOD,4.195422188251508,2375.0,2.0,raked,equal sd,0.0,log cells,2,0.2143964767456054,1.02781,59.561,38,29.764,2.001108721945975,277.6928606694412
senc,A,Brunswick LONGWOOD,4.195422188251508,2375.0,2.0,raked,equal sd,0.0,position logit,2,0.24088716506958,1.00776,374.798,0,30.692,12.21158608106347,1554.998843251456
senc,A,Brunswick LONGWOOD,4.195422188251508,2375.0,2.0,raked,equal sd,0.0,odds-ratio logit,2,0.1436128616333007,1.0092,269.64,0,13.26,20.334841628959275,1875.010785598114
senc,A,Brunswick LONGWOOD,4.195422188251508,2375.0,2.0,raked,equal sd,0.0,adjusted row,2,0.1832754611968994,1.00786,470.27,0,10.792,43.57579688658265,2564.684620619621
senc,A,Brunswick LONGWOOD,4.195422188251508,2375.0,2.0,raked,equal sd,0.0,adjusted table,2,0.431185245513916,1.00773,461.919,0,12.376,37.32377181641888,1071.0541104705128
senc,A,Brunswick LONGWOOD,4.195422188251508,2375.0,2.0,national,equal sd,3.034421264596741,ILR + log volume,2,0.650331974029541,1.01142,133.395,0,187.0,0.7133422459893048,205.09515845686104
senc,A,Brunswick LONGWOOD,4.195422188251508,2375.0,2.0,national,equal sd,3.034421264596741,log cells,2,0.3061408996582031,1.15585,11.9329,71,38.392,0.3108173577828714,38.965712031440255
senc,A,Brunswick LONGWOOD,4.195422188251508,2375.0,2.0,national,equal sd,3.034421264596741,position logit,2,1.7729477882385254,1.00632,221.864,0,318.932,0.6956467209311076,125.13207370779072
senc,A,Brunswick LONGWOOD,4.195422188251508,2375.0,2.0,national,equal sd,3.034421264596741,odds-ratio logit,2,0.1975622177124023,1.01884,35.8794,0,20.872,1.7190206975852815,181.54074821624812
senc,A,Brunswick LONGWOOD,4.195422188251508,2375.0,2.0,national,equal sd,3.034421264596741,adjusted row,2,0.1859834194183349,1.00999,239.157,0,11.808,20.25381097560976,1285.2426179099086
senc,A,Brunswick LONGWOOD,4.195422188251508,2375.0,2.0,national,equal sd,3.034421264596741,adjusted table,2,0.4030735492706299,1.01535,205.193,0,12.336,16.633673800259405,508.8767182014808
senc,A,Brunswick LONGWOOD,4.195422188251508,2375.0,2.0,national,interactions only,0.1213768505838696,ILR + log volume,2,0.8899316787719727,1.01499,156.424,0,275.092,0.5686243147746937,175.751868285577
senc,A,Brunswick LONGWOOD,4.195422188251508,2375.0,2.0,national,interactions only,0.1213768505838696,log cells,2,0.2695531845092773,1.04716,46.7131,105,33.406,1.3983446087529183,173.23421996205147
senc,A,Brunswick LONGWOOD,4.195422188251508,2375.0,2.0,national,interactions only,0.1213768505838696,position logit,2,0.6331615447998047,1.00968,175.056,132,94.898,1.844675335623512,276.4186260139279
senc,A,Brunswick LONGWOOD,4.195422188251508,2375.0,2.0,national,interactions only,0.1213768505838696,odds-ratio logit,2,0.624110221862793,1.06445,64.4472,219,90.375,0.713108713692946,103.24564833484584
senc,A,Brunswick LONGWOOD,4.195422188251508,2375.0,2.0,national,interactions only,0.1213768505838696,adjusted row,2,0.3757750988006592,1.03272,70.4027,586,19.923,3.5337398986096478,187.307889720564
senc,A,Brunswick LONGWOOD,4.195422188251508,2375.0,2.0,national,interactions only,0.1213768505838696,adjusted table,2,3.048520803451538,300036378933426.0,1.00604,937,125.137,0.0080395086984664,0.3299736675727124
senc,A,New Hanover WILMINGTON 7,5.382586533684061,1637.0,0.5,indep,equal sd,1.0966196352444118e-14,ILR + log volume,2,0.1596913337707519,1.00046,674.993,0,27.132,24.8781144036562,4223.934425060201
senc,A,New Hanover WILMINGTON 7,5.382586533684061,1637.0,0.5,indep,equal sd,1.0966196352444118e-14,log cells,2,0.1024789810180664,1.00363,1290.15,0,6.776,190.3999409681228,12580.074499182838
senc,A,New Hanover WILMINGTON 7,5.382586533684061,1637.0,0.5,indep,equal sd,1.0966196352444118e-14,position logit,2,0.1065435409545898,1.00194,935.967,0,7.596,123.21840442338072,8771.20926775253
senc,A,New Hanover WILMINGTON 7,5.382586533684061,1637.0,0.5,indep,equal sd,1.0966196352444118e-14,odds-ratio logit,2,0.1075670719146728,1.00122,891.611,0,7.468,119.39086770219603,8282.220493218641
senc,A,New Hanover WILMINGTON 7,5.382586533684061,1637.0,0.5,indep,equal sd,1.0966196352444118e-14,adjusted row,2,0.1295967102050781,1.00272,724.5,0,9.228,78.5110533159948,5586.719654071862
senc,A,New Hanover WILMINGTON 7,5.382586533684061,1637.0,0.5,indep,equal sd,1.0966196352444118e-14,adjusted table,2,0.2824621200561523,1.00274,776.485,0,12.284,63.21108759361771,2748.1553243084286
senc,A,New Hanover WILMINGTON 7,5.382586533684061,1637.0,0.5,raked,equal sd,0.0,ILR + log volume,2,0.1580166816711425,1.00315,753.721,0,27.764,27.147421120875958,4765.417386102616
senc,A,New Hanover WILMINGTON 7,5.382586533684061,1637.0,0.5,raked,equal sd,0.0,log cells,2,0.0930659770965576,1.00781,465.901,0,11.548,40.34473501905092,5001.2167652528215
senc,A,New Hanover WILMINGTON 7,5.382586533684061,1637.0,0.5,raked,equal sd,0.0,position logit,2,0.1136114597320556,1.00454,954.289,0,7.828,121.90712825753704,8388.704695814007
senc,A,New Hanover WILMINGTON 7,5.382586533684061,1637.0,0.5,raked,equal sd,0.0,odds-ratio logit,2,0.1120297908782959,1.0048,768.838,0,8.82,87.16984126984126,6852.853245224398
senc,A,New Hanover WILMINGTON 7,5.382586533684061,1637.0,0.5,raked,equal sd,0.0,adjusted row,2,0.1579418182373047,1.00242,588.23,0,8.908,66.0339021104625,3722.0200671624902
senc,A,New Hanover WILMINGTON 7,5.382586533684061,1637.0,0.5,raked,equal sd,0.0,adjusted table,2,0.3203463554382324,1.00125,651.647,0,10.936,59.58732626188735,2033.332553703318
senc,A,New Hanover WILMINGTON 7,5.382586533684061,1637.0,0.5,national,equal sd,13.600436339297053,ILR + log volume,2,0.1654319763183593,1.00586,386.249,0,24.012,16.085665500583044,2332.944605212112
senc,A,New Hanover WILMINGTON 7,5.382586533684061,1637.0,0.5,national,equal sd,13.600436339297053,log cells,2,0.0986087322235107,1.00063,737.478,0,11.952,61.70331325301204,7472.452881308763
senc,A,New Hanover WILMINGTON 7,5.382586533684061,1637.0,0.5,national,equal sd,13.600436339297053,position logit,2,0.1066336631774902,1.00434,239.436,0,8.044,29.765788165091998,2243.496090663152
senc,A,New Hanover WILMINGTON 7,5.382586533684061,1637.0,0.5,national,equal sd,13.600436339297053,odds-ratio logit,2,0.111823558807373,1.00348,756.157,0,10.416,72.59571812596006,6756.868243196373
senc,A,New Hanover WILMINGTON 7,5.382586533684061,1637.0,0.5,national,equal sd,13.600436339297053,adjusted row,2,0.1777050495147705,1.0004,514.402,0,9.468,54.33058724123364,2893.511422466721
senc,A,New Hanover WILMINGTON 7,5.382586533684061,1637.0,0.5,national,equal sd,13.600436339297053,adjusted table,2,0.3968949317932129,1.00175,520.611,0,12.768,40.774671052631575,1311.3924018687155
senc,A,New Hanover WILMINGTON 7,5.382586533684061,1637.0,0.5,national,interactions only,0.1360043633929705,ILR + log volume,2,0.309816837310791,1.02821,88.593,556,30.313,2.9226074621449545,285.8096419568393
senc,A,New Hanover WILMINGTON 7,5.382586533684061,1637.0,0.5,national,interactions only,0.1360043633929705,log cells,2,0.4196248054504394,1.00469,121.8,1,167.996,0.7250172623157694,290.1996069066278
senc,A,New Hanover WILMINGTON 7,5.382586533684061,1637.0,0.5,national,interactions only,0.1360043633929705,position logit,2,0.2336819171905517,1.02446,74.3341,712,17.939,4.143714811304978,317.9622713709365
senc,A,New Hanover WILMINGTON 7,5.382586533684061,1637.0,0.5,national,interactions only,0.1360043633929705,odds-ratio logit,2,0.1929652690887451,1.02214,83.8938,427,29.258,2.867379861918108,434.6054146140592
senc,A,New Hanover WILMINGTON 7,5.382586533684061,1637.0,0.5,national,interactions only,0.1360043633929705,adjusted row,2,0.6257855892181396,1.00971,119.235,229,55.845,2.135106097233414,190.5047888062192
senc,A,New Hanover WILMINGTON 7,5.382586533684061,1637.0,0.5,national,interactions only,0.1360043633929705,adjusted table,2,0.7261130809783936,1.0472,104.402,661,13.372,7.807508226144182,143.76114828293413
senc,A,New Hanover WILMINGTON 7,5.382586533684061,1637.0,2.0,indep,equal sd,2.7415490881110295e-15,ILR + log volume,2,0.4305758476257324,1.00732,244.058,0,109.348,2.231938398507517,566.7031378147194
senc,A,New Hanover WILMINGTON 7,5.382586533684061,1637.0,2.0,indep,equal sd,2.7415490881110295e-15,log cells,2,0.2338769435882568,1.05707,31.5504,18,33.418,0.9441139505655636,134.8516724207823
senc,A,New Hanover WILMINGTON 7,5.382586533684061,1637.0,2.0,indep,equal sd,2.7415490881110295e-15,position logit,2,0.1196751594543457,1.00613,476.958,0,10.036,47.524711040255085,3982.3761739698216
senc,A,New Hanover WILMINGTON 7,5.382586533684061,1637.0,2.0,indep,equal sd,2.7415490881110295e-15,odds-ratio logit,2,0.1260528564453125,1.0292,289.343,0,10.184,28.411527886881387,2293.7701571249827
senc,A,New Hanover WILMINGTON 7,5.382586533684061,1637.0,2.0,indep,equal sd,2.7415490881110295e-15,adjusted row,2,0.2019605636596679,1.00392,538.855,0,9.216,58.46950954861112,2666.892060310995
senc,A,New Hanover WILMINGTON 7,5.382586533684061,1637.0,2.0,indep,equal sd,2.7415490881110295e-15,adjusted table,2,0.4259698390960693,1.01417,477.695,0,12.992,36.76839593596059,1121.0997314640113
senc,A,New Hanover WILMINGTON 7,5.382586533684061,1637.0,2.0,raked,equal sd,0.0,ILR + log volume,2,0.4408712387084961,1.01162,295.492,0,103.992,2.841487806754366,670.0933826536792
senc,A,New Hanover WILMINGTON 7,5.382586533684061,1637.0,2.0,raked,equal sd,0.0,log cells,2,0.237598180770874,1.02731,175.594,0,57.244,3.067465585912934,738.7500203882453
senc,A,New Hanover WILMINGTON 7,5.382586533684061,1637.0,2.0,raked,equal sd,0.0,position logit,2,0.1374659538269043,1.00344,494.414,0,10.688,46.25879491017964,3594.247425897295
senc,A,New Hanover WILMINGTON 7,5.382586533684061,1637.0,2.0,raked,equal sd,0.0,odds-ratio logit,2,0.1560766696929931,1.00686,379.961,0,12.596,30.1652111781518,2432.4296215282284
senc,A,New Hanover WILMINGTON 7,5.382586533684061,1637.0,2.0,raked,equal sd,0.0,adjusted row,2,0.2090651988983154,1.00126,488.114,0,11.66,41.8622641509434,2333.7340143788124
senc,A,New Hanover WILMINGTON 7,5.382586533684061,1637.0,2.0,raked,equal sd,0.0,adjusted table,2,0.5478477478027344,1.00392,403.048,0,13.44,29.98869047619048,735.5663661284715
senc,A,New Hanover WILMINGTON 7,5.382586533684061,1637.0,2.0,national,equal sd,3.400109084824263,ILR + log volume,2,0.4064249992370605,1.01218,214.124,0,78.444,2.729641527714038,526.7307135611431
senc,A,New Hanover WILMINGTON 7,5.382586533684061,1637.0,2.0,national,equal sd,3.400109084824263,log cells,2,0.1918926239013672,1.05217,36.5784,9,29.134,1.2555227569163177,190.5300949708904
senc,A,New Hanover WILMINGTON 7,5.382586533684061,1637.0,2.0,national,equal sd,3.400109084824263,position logit,2,0.1225831508636474,1.00202,460.415,0,9.574,48.09013996239816,3753.0643114985087
senc,A,New Hanover WILMINGTON 7,5.382586533684061,1637.0,2.0,national,equal sd,3.400109084824263,odds-ratio logit,2,0.1437935829162597,1.00307,473.4,1,10.688,44.29266467065868,3290.3098007503345
senc,A,New Hanover WILMINGTON 7,5.382586533684061,1637.0,2.0,national,equal sd,3.400109084824263,adjusted row,2,0.2410337924957275,1.00159,486.64,0,10.668,45.61679790026247,2017.9081370754948
senc,A,New Hanover WILMINGTON 7,5.382586533684061,1637.0,2.0,national,equal sd,3.400109084824263,adjusted table,2,0.431154727935791,1.00433,439.279,0,13.052,33.656068035550106,1018.6098617520488
senc,A,New Hanover WILMINGTON 7,5.382586533684061,1637.0,2.0,national,interactions only,0.1360043633929705,ILR + log volume,2,0.6187055110931396,1.01853,106.35,0,153.38,0.6933759290650672,171.86379497675162
senc,A,New Hanover WILMINGTON 7,5.382586533684061,1637.0,2.0,national,interactions only,0.1360043633929705,log cells,2,0.2795345783233642,1.05799,53.9293,110,52.118,1.0347538278521815,192.86117469021852
senc,A,New Hanover WILMINGTON 7,5.382586533684061,1637.0,2.0,national,interactions only,0.1360043633929705,position logit,2,0.2514600753784179,1.01473,46.2011,590,23.474,1.968181818181818,183.66465816850427
senc,A,New Hanover WILMINGTON 7,5.382586533684061,1637.0,2.0,national,interactions only,0.1360043633929705,odds-ratio logit,2,0.2760193347930908,1.09263,12.3083,623,19.147,0.6428317752128271,44.558527031037045
senc,A,New Hanover WILMINGTON 7,5.382586533684061,1637.0,2.0,national,interactions only,0.1360043633929705,adjusted row,2,0.3869476318359375,1.05837,47.6375,764,10.13,4.702615992102666,123.08291442489772
senc,A,New Hanover WILMINGTON 7,5.382586533684061,1637.0,2.0,national,interactions only,0.1360043633929705,adjusted table,2,6.946180820465088,1.93623,1.30301,650,109.503,0.0118993086947389,0.1875844565450901
senc,B,New Hanover WILMINGTON 20,3.57114389231319,15.9,1.0,raked,equal sd,0.0,ILR + log volume,2,0.0868709087371826,1.00139,689.287,0,11.02,62.54872958257714,7927.606622833405
senc,B,New Hanover WILMINGTON 20,3.57114389231319,15.9,1.0,raked,equal sd,0.0,log cells,2,0.0824358463287353,1.00184,439.211,0,9.908,44.328926120306825,5319.005757764047
senc,B,New Hanover WILMINGTON 20,3.57114389231319,15.9,1.0,raked,equal sd,0.0,position logit,2,0.1500055789947509,1.00289,488.202,0,10.614,45.99604296212549,3252.6099783145314
senc,B,New Hanover WILMINGTON 20,3.57114389231319,15.9,1.0,raked,equal sd,0.0,odds-ratio logit,2,0.1451921463012695,1.00715,405.261,0,13.948,29.055133352451964,2789.5556394525224
senc,B,New Hanover WILMINGTON 20,3.57114389231319,15.9,1.0,raked,equal sd,0.0,adjusted row,2,0.2399756908416748,1.00399,679.515,0,12.364,54.9591556130702,2830.4997631991355
senc,B,New Hanover WILMINGTON 20,3.57114389231319,15.9,1.0,raked,equal sd,0.0,adjusted table,2,0.5137038230895996,1.00413,479.632,0,15.796,30.36414282096733,933.4606034681084
senc,B,New Hanover WILMINGTON 20,3.57114389231319,1590.0,1.0,raked,equal sd,0.0,ILR + log volume,2,0.3607447147369385,1.00529,427.003,0,72.34,5.902723251313242,1183.2790408080475
senc,B,New Hanover WILMINGTON 20,3.57114389231319,1590.0,1.0,raked,equal sd,0.0,log cells,2,0.1387083530426025,1.01335,102.834,7,25.473,4.036980332116359,740.7725808815069
senc,B,New Hanover WILMINGTON 20,3.57114389231319,1590.0,1.0,raked,equal sd,0.0,position logit,2,0.1166737079620361,1.00369,637.936,0,7.516,84.8770622671634,5462.926133019731
senc,B,New Hanover WILMINGTON 20,3.57114389231319,1590.0,1.0,raked,equal sd,0.0,odds-ratio logit,2,0.1207354068756103,1.00229,667.559,0,7.508,88.91302610548748,5522.3350938144695
senc,B,New Hanover WILMINGTON 20,3.57114389231319,1590.0,1.0,raked,equal sd,0.0,adjusted row,2,0.1657671928405761,1.00519,509.547,0,9.04,56.3658185840708,3071.5916209222846
senc,B,New Hanover WILMINGTON 20,3.57114389231319,1590.0,1.0,raked,equal sd,0.0,adjusted table,2,0.3382003307342529,1.00479,562.759,0,12.112,46.46292932628798,1663.5320683629127
senc,B,New Hanover WILMINGTON 20,3.57114389231319,159000.0,1.0,raked,equal sd,2.960594732333751e-16,ILR + log volume,2,1.933383226394653,1.0086,340.602,0,670.856,0.5077125344336191,176.1609293678427
senc,B,New Hanover WILMINGTON 20,3.57114389231319,159000.0,1.0,raked,equal sd,2.960594732333751e-16,log cells,2,0.64829421043396,1.01483,156.45,6,203.775,0.7677585572322414,241.2940254068856
senc,B,New Hanover WILMINGTON 20,3.57114389231319,159000.0,1.0,raked,equal sd,2.960594732333751e-16,position logit,2,0.1009142398834228,1.00171,759.569,0,6.952,109.25906214039124,7520.160359019268
senc,B,New Hanover WILMINGTON 20,3.57114389231319,159000.0,1.0,raked,equal sd,2.960594732333751e-16,odds-ratio logit,2,0.0931074619293212,1.00401,624.438,0,7.056,88.49744897959184,6695.11673560621
senc,B,New Hanover WILMINGTON 20,3.57114389231319,159000.0,1.0,raked,equal sd,2.960594732333751e-16,adjusted row,2,0.1540441513061523,0.999837,538.586,0,8.584,62.74301025163095,3494.216373125856
senc,B,New Hanover WILMINGTON 20,3.57114389231319,159000.0,1.0,raked,equal sd,2.960594732333751e-16,adjusted table,2,0.3694307804107666,1.00186,625.419,0,11.624,53.80411218169304,1692.507725316926
