arm,rep,param,min_margin,size,N,sigma_b,tie,kappa,tiny,conflict,prior,seconds,max_rhat,min_ess,div,leapfrogs,ess_per_1000_grad,ess_per_s,flip
baseline,1,position logit,1549.2943373463809,5,30000.0,0.5,0,0.0,,0.0,equal,0.43770503997802734,1.00168,776.111,0,10.424,74.45424021488873,1771.7791140379095,
baseline,1,odds-ratio logit,1549.2943373463809,5,30000.0,0.5,0,0.0,,0.0,equal,0.4293367862701416,1.00167,636.623,0,8.48,75.07346698113207,1481.777870915829,
baseline,1,adjusted row,1549.2943373463809,5,30000.0,0.5,0,0.0,,0.0,equal,0.6447513103485107,1.00237,468.41,0,9.952,47.06692122186495,726.3373566719091,0.16175
baseline,1,adjusted table,1549.2943373463809,5,30000.0,0.5,0,0.0,,0.0,equal,1.6151573657989502,1.0054,378.672,0,14.096,26.863791146424518,234.42880729453566,
baseline,2,position logit,1711.8607927023256,5,30000.0,0.5,0,0.0,,0.0,equal,0.4089481830596924,1.0054,752.829,0,8.8,85.54874999999998,1840.2622192501742,
baseline,2,odds-ratio logit,1711.8607927023256,5,30000.0,0.5,0,0.0,,0.0,equal,0.3473048210144043,1.00398,451.112,0,7.592,59.41938883034774,1298.2670335617074,
baseline,2,adjusted row,1711.8607927023256,5,30000.0,0.5,0,0.0,,0.0,equal,0.6261725425720215,1.0037,407.426,0,10.092,40.37118509710662,650.481351942059,0.13024999999999998
baseline,2,adjusted table,1711.8607927023256,5,30000.0,0.5,0,0.0,,0.0,equal,1.754528522491455,1.00281,255.784,0,14.264,17.932136848008973,145.77154421174646,
baseline,3,position logit,1604.139708957827,5,30000.0,0.5,0,0.0,,0.0,equal,0.4319131374359131,1.00246,912.162,0,8.168,111.67507345739473,2109.4363595125988,
baseline,3,odds-ratio logit,1604.139708957827,5,30000.0,0.5,0,0.0,,0.0,equal,0.43120670318603516,1.00215,581.752,0,9.928,58.59709911361804,1347.840809997702,
baseline,3,adjusted row,1604.139708957827,5,30000.0,0.5,0,0.0,,0.0,equal,0.6367197036743164,1.01193,325.557,0,9.12,35.697039473684214,511.19035369968486,0.09037500000000001
baseline,3,adjusted table,1604.139708957827,5,30000.0,0.5,0,0.0,,0.0,equal,1.7912702560424805,1.00305,419.197,0,14.184,29.554216018048507,233.9874089730058,
low volume,1,position logit,1.549294337346381,5,30.0,0.5,0,0.0,,0.0,equal,0.5458431243896484,1.00347,641.973,0,16.296,39.39451399116347,1175.788579524668,
low volume,1,odds-ratio logit,1.549294337346381,5,30.0,0.5,0,0.0,,0.0,equal,0.5212514400482178,1.00508,731.395,0,12.728,57.463466373350094,1401.9522237790873,
low volume,1,adjusted row,1.549294337346381,5,30.0,0.5,0,0.0,,0.0,equal,0.7532670497894287,1.00254,649.645,0,14.872,43.682423345884885,862.2026290262153,0.20425000000000001
low volume,1,adjusted table,1.549294337346381,5,30.0,0.5,0,0.0,,0.0,equal,2.2737181186676025,1.00658,457.869,0,21.56,21.23696660482375,201.36269988918164,
low volume,2,position logit,1.7118607927023257,5,30.0,0.5,0,0.0,,0.0,equal,0.5029282569885254,1.00229,785.846,0,14.92,52.67064343163539,1562.0884963041074,
low volume,2,odds-ratio logit,1.7118607927023257,5,30.0,0.5,0,0.0,,0.0,equal,0.46542859077453613,1.00433,707.698,0,12.384,57.14615633074935,1519.9130706928677,
low volume,2,adjusted row,1.7118607927023257,5,30.0,0.5,0,0.0,,0.0,equal,0.883469820022583,1.00548,708.727,0,15.632,45.3382164790174,802.0344816815488,0.19425000000000003
low volume,2,adjusted table,1.7118607927023257,5,30.0,0.5,0,0.0,,0.0,equal,2.1586196422576904,1.00334,408.359,0,17.216,23.719737453531597,189.16092269456016,
low volume,3,position logit,1.604139708957827,5,30.0,0.5,0,0.0,,0.0,equal,0.5690948963165283,1.00203,737.274,1,14.913,49.438342385837856,1295.2207875639422,
low volume,3,odds-ratio logit,1.604139708957827,5,30.0,0.5,0,0.0,,0.0,equal,0.45447850227355957,1.00467,781.369,0,12.84,60.854283489096574,1718.6149983460432,
low volume,3,adjusted row,1.604139708957827,5,30.0,0.5,0,0.0,,0.0,equal,0.7970523834228516,1.00498,751.128,0,14.048,53.46867881548975,942.2212948994976,0.144125
low volume,3,adjusted table,1.604139708957827,5,30.0,0.5,0,0.0,,0.0,equal,1.964754343032837,1.00481,419.401,0,16.544,25.35064071566731,213.43312078179994,
high volume,1,position logit,154929.4337346381,5,3000000.0,0.5,0,0.0,,0.0,equal,0.40051817893981934,1.00187,722.964,0,7.96,90.8246231155779,1804.384197327637,
high volume,1,odds-ratio logit,154929.4337346381,5,3000000.0,0.5,0,0.0,,0.0,equal,0.34310030937194824,1.003,717.265,0,7.016,102.23275370581528,2089.040662842858,
high volume,1,adjusted row,154929.4337346381,5,3000000.0,0.5,0,0.0,,0.0,equal,0.7073149681091309,1.0075,500.887,0,10.496,47.72170350609756,707.8463343218851,0.16425
high volume,1,adjusted table,154929.4337346381,5,3000000.0,0.5,0,0.0,,0.0,equal,1.8212916851043701,1.00391,361.734,0,14.408,25.106468628539698,198.59136804372713,
high volume,2,position logit,171186.07927023256,5,3000000.0,0.5,0,0.0,,0.0,equal,0.3711376190185547,1.00295,740.753,0,7.944,93.24685297079557,1995.1614818996957,
high volume,2,odds-ratio logit,171186.07927023256,5,3000000.0,0.5,0,0.0,,0.0,equal,0.34168314933776855,1.00311,970.573,0,7.008,138.49500570776254,2837.4895908149297,
high volume,2,adjusted row,171186.07927023256,5,3000000.0,0.5,0,0.0,,0.0,equal,0.6000537872314453,1.0027,344.032,0,9.896,34.764753435731606,573.1182561521923,0.136875
high volume,2,adjusted table,171186.07927023256,5,3000000.0,0.5,0,0.0,,0.0,equal,1.7756829261779785,1.00521,388.635,0,14.456,26.883992805755398,218.83558776375872,
high volume,3,position logit,160413.9708957827,5,3000000.0,0.5,0,0.0,,0.0,equal,0.45459771156311035,1.00354,706.766,0,10.216,69.18226311667972,1553.989257116137,
high volume,3,odds-ratio logit,160413.9708957827,5,3000000.0,0.5,0,0.0,,0.0,equal,0.41056036949157715,1.00719,695.384,0,7.704,90.26272066458984,1693.1133625842886,
high volume,3,adjusted row,160413.9708957827,5,3000000.0,0.5,0,0.0,,0.0,equal,0.593146800994873,1.00548,394.999,0,8.964,44.06503792949576,665.7555035507049,0.10200000000000001
high volume,3,adjusted table,160413.9708957827,5,3000000.0,0.5,0,0.0,,0.0,equal,1.692068338394165,1.00724,351.824,0,14.104,24.944980147475896,207.8959977469878,
wide prior,1,position logit,1549.2943373463809,5,30000.0,2.0,0,0.0,,0.0,equal,4.50402569770813,1.00965,357.911,0,190.254,1.8812272015305855,79.46181161539974,
wide prior,1,odds-ratio logit,1549.2943373463809,5,30000.0,2.0,0,0.0,,0.0,equal,0.9046478271484375,1.00865,332.646,0,29.976,11.097077662129704,367.6527920462406,
wide prior,1,adjusted row,1549.2943373463809,5,30000.0,2.0,0,0.0,,0.0,equal,0.9410884380340576,1.00769,404.388,0,17.688,22.86227951153324,429.63985533967644,0.2745
wide prior,1,adjusted table,1549.2943373463809,5,30000.0,2.0,0,0.0,,0.0,equal,3.003124475479126,1.01777,198.294,0,21.624,9.170088790233075,66.02604931098999,
wide prior,2,position logit,1711.8607927023256,5,30000.0,2.0,0,0.0,,0.0,equal,2.4921064376831055,1.00683,521.085,0,116.312,4.480062246371828,209.08301763352907,
wide prior,2,odds-ratio logit,1711.8607927023256,5,30000.0,2.0,0,0.0,,0.0,equal,0.7762157917022705,1.01336,401.423,1,27.126,14.79845904298459,517.0179323988244,
wide prior,2,adjusted row,1711.8607927023256,5,30000.0,2.0,0,0.0,,0.0,equal,0.8845212459564209,1.00259,450.101,0,17.648,25.504363100634635,508.7855336576542,0.210375
wide prior,2,adjusted table,1711.8607927023256,5,30000.0,2.0,0,0.0,,0.0,equal,3.2633588314056396,1.00522,332.23,0,22.848,14.540878851540617,101.80116726325156,
wide prior,3,position logit,1604.139708957827,5,30000.0,2.0,0,0.0,,0.0,equal,2.541942596435547,1.02724,79.1366,0,94.032,0.8415922239237706,31.129338936639435,
wide prior,3,odds-ratio logit,1604.139708957827,5,30000.0,2.0,0,0.0,,0.0,equal,0.7803094387054443,1.00634,213.217,1,22.852,9.330343077192369,273.1973938070156,
wide prior,3,adjusted row,1604.139708957827,5,30000.0,2.0,0,0.0,,0.0,equal,1.010873794555664,1.01108,357.598,0,17.0,21.035176470588237,353.7025782100542,0.23012499999999997
wide prior,3,adjusted table,1604.139708957827,5,30000.0,2.0,0,0.0,,0.0,equal,3.147324323654175,1.00849,305.091,0,27.704,11.012525267109442,96.93249166974589,
diagonal centre,1,position logit,1549.2943373463809,5,30000.0,0.5,0,3.0,,0.0,equal,0.5588765144348145,1.00782,498.079,0,15.04,33.11695478723404,891.0057040613345,
diagonal centre,1,odds-ratio logit,1549.2943373463809,5,30000.0,0.5,0,3.0,,0.0,equal,0.533299446105957,1.00459,585.842,0,10.312,56.811675717610555,1098.1695727443653,
diagonal centre,1,adjusted row,1549.2943373463809,5,30000.0,0.5,0,3.0,,0.0,equal,0.7010025978088379,1.00381,423.034,0,9.216,45.902126736111114,603.2867165965514,0.0
diagonal centre,1,adjusted table,1549.2943373463809,5,30000.0,0.5,0,3.0,,0.0,equal,2.3572864532470703,1.00416,267.169,0,16.704,15.9943127394636,113.33017241075557,
diagonal centre,2,position logit,1711.8607927023256,5,30000.0,0.5,0,3.0,,0.0,equal,0.37154698371887207,1.00312,552.641,0,7.888,70.06097870182555,1486.7891042708047,
diagonal centre,2,odds-ratio logit,1711.8607927023256,5,30000.0,0.5,0,3.0,,0.0,equal,0.3722240924835205,1.00156,529.371,0,7.072,74.85449660633483,1421.6654625679507,
diagonal centre,2,adjusted row,1711.8607927023256,5,30000.0,0.5,0,3.0,,0.0,equal,0.6219615936279297,1.00797,427.12,0,9.408,45.39965986394558,686.5668057630385,0.0
diagonal centre,2,adjusted table,1711.8607927023256,5,30000.0,0.5,0,3.0,,0.0,equal,2.014674663543701,1.00202,670.912,0,14.272,47.00896860986547,332.9880656280249,
diagonal centre,3,position logit,1604.139708957827,5,30000.0,0.5,0,3.0,,0.0,equal,0.44834423065185547,1.00511,984.562,0,14.728,66.84967409016839,2195.2345672888414,
diagonal centre,3,odds-ratio logit,1604.139708957827,5,30000.0,0.5,0,3.0,,0.0,equal,0.4120182991027832,1.00244,475.476,0,10.16,46.798818897637794,1153.5968221735939,
diagonal centre,3,adjusted row,1604.139708957827,5,30000.0,0.5,0,3.0,,0.0,equal,0.5289020538330078,1.01148,460.086,0,7.968,57.74171686746988,869.6595163880753,0.0
diagonal centre,3,adjusted table,1604.139708957827,5,30000.0,0.5,0,3.0,,0.0,equal,2.182701349258423,1.00144,393.547,0,15.664,25.124297752808992,180.29045555475946,
"diagonal centre, wide prior",1,position logit,1549.2943373463809,5,30000.0,2.0,0,3.0,,0.0,equal,8.693212032318115,1.01016,455.509,1,431.41,1.0558610138847035,52.3973392115757,
"diagonal centre, wide prior",1,odds-ratio logit,1549.2943373463809,5,30000.0,2.0,0,3.0,,0.0,equal,2.0573244094848633,1.01016,254.315,0,59.776,4.254466675588865,123.60231958460652,
"diagonal centre, wide prior",1,adjusted row,1549.2943373463809,5,30000.0,2.0,0,3.0,,0.0,equal,1.4170584678649902,1.018,282.079,0,16.632,16.960016835016834,199.03448669436145,0.016125000000000007
"diagonal centre, wide prior",1,adjusted table,1549.2943373463809,5,30000.0,2.0,0,3.0,,0.0,equal,3.7529239654541016,1.01421,194.305,0,28.32,6.861052259887006,51.771948647210216,
"diagonal centre, wide prior",2,position logit,1711.8607927023256,5,30000.0,2.0,0,3.0,,0.0,equal,2.90958309173584,1.00945,191.555,1,126.808,1.5105908144596556,65.83082193819126,
"diagonal centre, wide prior",2,odds-ratio logit,1711.8607927023256,5,30000.0,2.0,0,3.0,,0.0,equal,1.025355577468872,1.01768,211.602,0,28.536,7.415264928511354,206.3412693430893,
"diagonal centre, wide prior",2,adjusted row,1711.8607927023256,5,30000.0,2.0,0,3.0,,0.0,equal,0.9714853763580322,1.0135,251.978,0,16.064,15.685881474103587,259.3177556985642,0.022375000000000003
"diagonal centre, wide prior",2,adjusted table,1711.8607927023256,5,30000.0,2.0,0,3.0,,0.0,equal,3.4175314903259277,1.00871,251.493,0,24.448,10.286853730366492,73.58603628229815,
"diagonal centre, wide prior",3,position logit,1604.139708957827,5,30000.0,2.0,0,3.0,,0.0,equal,3.074230432510376,1.02228,310.514,2,121.099,2.5641334775679403,101.00088200062056,
"diagonal centre, wide prior",3,odds-ratio logit,1604.139708957827,5,30000.0,2.0,0,3.0,,0.0,equal,1.0168876647949219,1.00883,185.845,0,37.072,5.01308264997842,182.72560252251162,
"diagonal centre, wide prior",3,adjusted row,1604.139708957827,5,30000.0,2.0,0,3.0,,0.0,equal,0.9690308570861816,1.00899,302.543,0,15.344,19.717348800834202,312.1602474222544,0.04925000000000001
"diagonal centre, wide prior",3,adjusted table,1604.139708957827,5,30000.0,2.0,0,3.0,,0.0,equal,3.3284201622009277,1.00416,341.784,0,26.472,12.911151405258385,102.68218597063247,
"tied margins, diagonal, wide",1,position logit,1549.2943373463809,5,30000.0,2.0,1,3.0,,0.0,equal,5.367172956466675,1.00647,310.695,1,241.792,1.2849680717310745,57.88652570180483,
"tied margins, diagonal, wide",1,odds-ratio logit,1549.2943373463809,5,30000.0,2.0,1,3.0,,0.0,equal,1.498581886291504,1.0068,138.385,0,53.944,2.56534554352662,92.33160085582253,
"tied margins, diagonal, wide",1,adjusted row,1549.2943373463809,5,30000.0,2.0,1,3.0,,0.0,equal,1.4485337734222412,1.00948,197.595,0,18.72,10.555288461538462,136.39715006420977,0.0012500000000000002
"tied margins, diagonal, wide",1,adjusted table,1549.2943373463809,5,30000.0,2.0,1,3.0,,0.0,equal,3.483619451522827,1.00865,222.608,0,23.752,9.372179184910745,63.898804473217865,
"tied margins, diagonal, wide",2,position logit,1711.8607927023256,5,30000.0,2.0,1,3.0,,0.0,equal,5.985161304473877,1.02236,246.159,1,217.769,1.1303674995063575,41.12723022402597,
"tied margins, diagonal, wide",2,odds-ratio logit,1711.8607927023256,5,30000.0,2.0,1,3.0,,0.0,equal,1.4868991374969482,1.01138,100.235,0,55.576,1.803566287606161,67.4052520922647,
"tied margins, diagonal, wide",2,adjusted row,1711.8607927023256,5,30000.0,2.0,1,3.0,,0.0,equal,1.269603967666626,1.00715,190.53,0,16.688,11.417186001917546,150.04796203910624,0.0006250000000000001
"tied margins, diagonal, wide",2,adjusted table,1711.8607927023256,5,30000.0,2.0,1,3.0,,0.0,equal,3.715909481048584,1.00886,262.763,0,24.752,10.615829023917259,70.70989517944311,
"tied margins, diagonal, wide",3,position logit,1604.139708957827,5,30000.0,2.0,1,3.0,,0.0,equal,4.5868144035339355,1.01321,249.261,1,130.937,1.903671231202792,54.34032600793964,
"tied margins, diagonal, wide",3,odds-ratio logit,1604.139708957827,5,30000.0,2.0,1,3.0,,0.0,equal,2.442763090133667,1.01363,165.964,0,77.816,2.1327747506939447,67.93588362673336,
"tied margins, diagonal, wide",3,adjusted row,1604.139708957827,5,30000.0,2.0,1,3.0,,0.0,equal,1.155651330947876,1.00327,220.492,0,17.096,12.897285914833878,190.7734359185509,0.0020000000000000018
"tied margins, diagonal, wide",3,adjusted table,1604.139708957827,5,30000.0,2.0,1,3.0,,0.0,equal,3.8953053951263428,1.01195,371.541,0,26.4,14.073522727272728,95.37848669914752,
"tied margins, wide",1,position logit,1549.2943373463809,5,30000.0,2.0,1,0.0,,0.0,equal,3.4983739852905273,1.00948,375.066,0,127.448,2.9428943569141923,107.20733562807823,
"tied margins, wide",1,odds-ratio logit,1549.2943373463809,5,30000.0,2.0,1,0.0,,0.0,equal,1.0014643669128418,1.02151,100.75,0,29.832,3.377245910431751,100.58309308817537,
"tied margins, wide",1,adjusted row,1549.2943373463809,5,30000.0,2.0,1,0.0,,0.0,equal,1.0313184261322021,1.00819,478.212,0,17.968,26.614648263579696,463.5761469582652,0.266375
"tied margins, wide",1,adjusted table,1549.2943373463809,5,30000.0,2.0,1,0.0,,0.0,equal,2.812903881072998,1.00732,230.307,0,21.24,10.843079096045198,81.87124822887867,
"tied margins, wide",2,position logit,1711.8607927023256,5,30000.0,2.0,1,0.0,,0.0,equal,3.259174346923828,1.00808,403.322,0,130.428,3.0922961327322356,123.74415243706451,
"tied margins, wide",2,odds-ratio logit,1711.8607927023256,5,30000.0,2.0,1,0.0,,0.0,equal,0.9055385589599609,1.05201,42.2982,0,25.488,1.659533898305085,46.698348621040374,
"tied margins, wide",2,adjusted row,1711.8607927023256,5,30000.0,2.0,1,0.0,,0.0,equal,0.9223401546478271,1.00345,454.538,0,16.872,26.940374585111428,492.6415430376129,0.25025
"tied margins, wide",2,adjusted table,1711.8607927023256,5,30000.0,2.0,1,0.0,,0.0,equal,3.056574583053589,1.00545,302.907,0,25.136,12.050724061107575,99.09395876703572,
"tied margins, wide",3,position logit,1604.139708957827,5,30000.0,2.0,1,0.0,,0.0,equal,2.5550131797790527,1.00587,403.786,0,94.768,4.260784230964038,158.01778099419573,
"tied margins, wide",3,odds-ratio logit,1604.139708957827,5,30000.0,2.0,1,0.0,,0.0,equal,0.8042261600494385,1.00749,377.679,1,30.388,12.42855732525997,469.51921213985804,
"tied margins, wide",3,adjusted row,1604.139708957827,5,30000.0,2.0,1,0.0,,0.0,equal,1.1457746028900146,1.00292,467.123,0,21.416,21.81186963018304,407.6431042810044,0.25125
"tied margins, wide",3,adjusted table,1604.139708957827,5,30000.0,2.0,1,0.0,,0.0,equal,3.1391310691833496,1.0056,187.46,0,24.224,7.738606340819023,59.71411924881795,
tiny margin,1,position logit,3.0,5,30000.0,0.5,0,0.0,0.0001,0.0,equal,0.44184184074401855,1.00447,675.252,0,10.208,66.14929467084639,1527.7815676648108,
tiny margin,1,odds-ratio logit,3.0,5,30000.0,0.5,0,0.0,0.0001,0.0,equal,0.4525623321533203,1.00383,605.603,0,9.2,65.82641304347825,1337.7687617574966,
tiny margin,1,adjusted row,3.0,5,30000.0,0.5,0,0.0,0.0001,0.0,equal,0.6719787120819092,1.0065,510.427,0,10.736,47.54349850968703,759.3700857548633,0.16275
tiny margin,1,adjusted table,3.0,5,30000.0,0.5,0,0.0,0.0001,0.0,equal,1.810206651687622,1.00262,460.233,0,14.152,32.520703787450536,254.2241287331932,
tiny margin,2,position logit,3.0,5,30000.0,0.5,0,0.0,0.0001,0.0,equal,0.4452328681945801,1.00263,621.464,0,7.784,79.83864337101748,1395.4158722555917,
tiny margin,2,odds-ratio logit,3.0,5,30000.0,0.5,0,0.0,0.0001,0.0,equal,0.38000035285949707,1.00331,625.292,0,7.872,79.432418699187,1644.5286796364644,
tiny margin,2,adjusted row,3.0,5,30000.0,0.5,0,0.0,0.0001,0.0,equal,0.6329696178436279,1.00268,463.151,0,9.368,49.43968830059778,731.549517296854,0.137875
tiny margin,2,adjusted table,3.0,5,30000.0,0.5,0,0.0,0.0001,0.0,equal,1.8388619422912598,1.00397,509.413,0,14.4,35.375902777777775,277.005691137329,
tiny margin,3,position logit,3.0000000000000004,5,30000.0,0.5,0,0.0,0.0001,0.0,equal,0.4478464126586914,1.00458,944.678,0,11.624,81.2696145905024,2108.751856269655,
tiny margin,3,odds-ratio logit,3.0000000000000004,5,30000.0,0.5,0,0.0,0.0001,0.0,equal,0.37788867950439453,1.00446,591.535,0,7.824,75.6051891615542,1564.0983621546686,
tiny margin,3,adjusted row,3.0000000000000004,5,30000.0,0.5,0,0.0,0.0001,0.0,equal,0.8537449836730957,1.00355,499.635,0,10.096,49.488411251980985,585.1240162401274,0.094
tiny margin,3,adjusted table,3.0000000000000004,5,30000.0,0.5,0,0.0,0.0001,0.0,equal,1.9087152481079102,1.00459,375.85,0,14.92,25.191018766756034,196.89814449038872,
"tiny margin, interactions-only",1,position logit,3.0,5,30000.0,0.5,0,0.0,0.0001,0.0,inter,1.1218540668487549,1.01436,53.535,711,8.692,6.159111826967326,47.711522105526186,
"tiny margin, interactions-only",1,odds-ratio logit,3.0,5,30000.0,0.5,0,0.0,0.0001,0.0,inter,1.2959108352661133,1.03216,90.7868,355,33.983,2.671535767883942,70.04905589543509,
"tiny margin, interactions-only",1,adjusted row,3.0,5,30000.0,0.5,0,0.0,0.0001,0.0,inter,1.7256639003753662,1.04695,33.1374,803,9.266,3.5762357004101015,19.20107553972677,0.155125
"tiny margin, interactions-only",1,adjusted table,3.0,5,30000.0,0.5,0,0.0,0.0001,0.0,inter,47.17002892494202,55229494412408.0,1.00604,737,333.282,0.0030185848620687588,0.021327868759222157,
"tiny margin, interactions-only",2,position logit,3.0,5,30000.0,0.5,0,0.0,0.0001,0.0,inter,0.8594348430633545,1.01371,164.898,476,29.64,5.56336032388664,191.8349533768002,
"tiny margin, interactions-only",2,odds-ratio logit,3.0,5,30000.0,0.5,0,0.0,0.0001,0.0,inter,1.2423672676086426,1.02565,72.0407,354,47.646,1.5119989086177223,57.98061755161322,
"tiny margin, interactions-only",2,adjusted row,3.0,5,30000.0,0.5,0,0.0,0.0001,0.0,inter,1.2384724617004395,1.0344,98.2394,555,20.617,4.764970655284474,79.31404619944222,0.156125
"tiny margin, interactions-only",2,adjusted table,3.0,5,30000.0,0.5,0,0.0,0.0001,0.0,inter,8.832289218902588,2.2301,1.19481,849,56.015,0.021330179416227793,0.13527507478519255,
"tiny margin, interactions-only",3,position logit,3.0000000000000004,5,30000.0,0.5,0,0.0,0.0001,0.0,inter,2.1611716747283936,1.03628,171.359,275,71.588,2.393683298876907,79.28434112801402,
"tiny margin, interactions-only",3,odds-ratio logit,3.0000000000000004,5,30000.0,0.5,0,0.0,0.0001,0.0,inter,0.9772927761077881,1.02636,107.518,832,12.082,8.899023340506538,110.00094581023166,
"tiny margin, interactions-only",3,adjusted row,3.0000000000000004,5,30000.0,0.5,0,0.0,0.0001,0.0,inter,1.5436139106750488,1.03835,98.1224,552,34.264,2.863717020779827,63.56104722973535,0.093375
"tiny margin, interactions-only",3,adjusted table,3.0000000000000004,5,30000.0,0.5,0,0.0,0.0001,0.0,inter,7.427060127258301,1.98284,1.27004,636,88.421,0.014363556168783433,0.17099834749279508,
"interactions-only, wide",1,position logit,1549.2943373463809,5,30000.0,2.0,0,0.0,,0.0,inter,5.718113422393799,1.00861,358.339,0,255.256,1.4038416334973516,62.665486990486826,
"interactions-only, wide",1,odds-ratio logit,1549.2943373463809,5,30000.0,2.0,0,0.0,,0.0,inter,1.2787563800811768,1.00895,335.642,2,46.725,7.183349384697699,262.4452836544834,
"interactions-only, wide",1,adjusted row,1549.2943373463809,5,30000.0,2.0,0,0.0,,0.0,inter,0.982182502746582,1.00331,444.259,0,17.448,25.461886749197618,452.2121384964779,0.296375
"interactions-only, wide",1,adjusted table,1549.2943373463809,5,30000.0,2.0,0,0.0,,0.0,inter,2.460740327835083,1.00612,334.798,0,14.68,22.806403269754767,136.04702363153413,
"interactions-only, wide",2,position logit,1711.8607927023256,5,30000.0,2.0,0,0.0,,0.0,inter,5.036557912826538,1.00579,407.689,2,152.568,2.6721789628231347,80.94339356770512,
"interactions-only, wide",2,odds-ratio logit,1711.8607927023256,5,30000.0,2.0,0,0.0,,0.0,inter,0.9857528209686279,1.0096,168.769,3,32.306,5.224076023029778,171.18368223953723,
"interactions-only, wide",2,adjusted row,1711.8607927023256,5,30000.0,2.0,0,0.0,,0.0,inter,0.8878512382507324,1.00929,394.527,0,15.904,24.806778169014084,444.28202718101477,0.264125
"interactions-only, wide",2,adjusted table,1711.8607927023256,5,30000.0,2.0,0,0.0,,0.0,inter,2.204543352127075,1.01481,207.7,0,14.648,14.179410158383396,94.20906175486459,
"interactions-only, wide",3,position logit,1604.139708957827,5,30000.0,2.0,0,0.0,,0.0,inter,4.124886512756348,1.01054,371.191,5,151.714,2.4466496170425933,89.98535890380808,
"interactions-only, wide",3,odds-ratio logit,1604.139708957827,5,30000.0,2.0,0,0.0,,0.0,inter,0.930016279220581,1.01347,269.273,5,27.407,9.824971722552634,289.4925251571634,
"interactions-only, wide",3,adjusted row,1604.139708957827,5,30000.0,2.0,0,0.0,,0.0,inter,1.0533857345581055,1.00527,493.109,0,18.432,26.75287543402778,468.0568297259051,0.23775
"interactions-only, wide",3,adjusted table,1604.139708957827,5,30000.0,2.0,0,0.0,,0.0,inter,2.317497968673706,1.00335,308.678,0,15.568,19.82772353545735,133.18071003604663,
conflict 5 sd,1,position logit,1549.2943373463809,5,30000.0,0.5,0,0.0,,5.0,equal,0.4245293140411377,1.00417,443.212,0,8.144,54.42190569744597,1043.655739116082,
conflict 5 sd,1,odds-ratio logit,1549.2943373463809,5,30000.0,0.5,0,0.0,,5.0,equal,0.3905322551727295,1.00198,649.907,0,9.864,65.8867599351176,1663.6055508259112,
conflict 5 sd,1,adjusted row,1549.2943373463809,5,30000.0,0.5,0,0.0,,5.0,equal,0.7714219093322754,1.00252,611.824,0,13.504,45.30687203791469,792.9493067873168,0.14
conflict 5 sd,1,adjusted table,1549.2943373463809,5,30000.0,0.5,0,0.0,,5.0,equal,1.545849084854126,1.00584,322.561,0,14.448,22.32565060908084,208.64400754741305,
conflict 5 sd,2,position logit,1711.8607927023256,5,30000.0,0.5,0,0.0,,5.0,equal,0.5068759918212891,1.00349,719.797,0,12.088,59.546409662475185,1419.5498119622112,
conflict 5 sd,2,odds-ratio logit,1711.8607927023256,5,30000.0,0.5,0,0.0,,5.0,equal,0.3569631576538086,1.00247,506.436,0,7.392,68.51136363636363,1418.178634478992,
conflict 5 sd,2,adjusted row,1711.8607927023256,5,30000.0,0.5,0,0.0,,5.0,equal,0.7610046863555908,1.00333,490.111,0,11.424,42.90187324929972,643.8945398569927,0.18075
conflict 5 sd,2,adjusted table,1711.8607927023256,5,30000.0,0.5,0,0.0,,5.0,equal,1.6966912746429443,1.00701,336.522,0,14.704,22.886425462459194,198.28888003518827,
conflict 5 sd,3,position logit,1604.139708957827,5,30000.0,0.5,0,0.0,,5.0,equal,0.41202759742736816,1.0113,494.449,0,11.728,42.15970327421555,1199.6130330463875,
conflict 5 sd,3,odds-ratio logit,1604.139708957827,5,30000.0,0.5,0,0.0,,5.0,equal,0.42566967010498047,1.00189,672.606,0,12.128,55.45893799472295,1578.9381391469042,
conflict 5 sd,3,adjusted row,1604.139708957827,5,30000.0,0.5,0,0.0,,5.0,equal,0.627192497253418,1.00584,447.196,0,9.88,45.262753036437246,712.8622302395495,0.07612500000000001
conflict 5 sd,3,adjusted table,1604.139708957827,5,30000.0,0.5,0,0.0,,5.0,equal,1.823927879333496,1.00496,272.618,0,15.08,18.07811671087533,149.4559476147349,
conflict 20 sd,1,position logit,1549.2943373463809,5,30000.0,0.5,0,0.0,,20.0,equal,0.5047330856323242,1.00617,489.243,0,11.568,42.29279045643154,969.0045823300303,
conflict 20 sd,1,odds-ratio logit,1549.2943373463809,5,30000.0,0.5,0,0.0,,20.0,equal,0.3949000835418701,1.00383,498.726,0,13.52,36.88801775147929,1262.4832257251494,
conflict 20 sd,1,adjusted row,1549.2943373463809,5,30000.0,0.5,0,0.0,,20.0,equal,0.6919765472412109,1.00656,536.502,0,12.256,43.7746409921671,775.0791730688485,0.03
conflict 20 sd,1,adjusted table,1549.2943373463809,5,30000.0,0.5,0,0.0,,20.0,equal,1.9986939430236816,1.00214,487.442,0,14.976,32.54821047008547,243.86071264183005,
conflict 20 sd,2,position logit,1711.8607927023256,5,30000.0,0.5,0,0.0,,20.0,equal,0.4347548484802246,1.17045,11.953,0,7.912,1.5107431749241658,27.484807808425174,
conflict 20 sd,2,odds-ratio logit,1711.8607927023256,5,30000.0,0.5,0,0.0,,20.0,equal,0.4447147846221924,1.03513,71.735,0,9.344,7.677119006849315,161.20149406849492,
conflict 20 sd,2,adjusted row,1711.8607927023256,5,30000.0,0.5,0,0.0,,20.0,equal,0.9264287948608398,1.33444,5.58227,0,15.152,0.3684180306230201,6.024690699161696,0.0125
conflict 20 sd,2,adjusted table,1711.8607927023256,5,30000.0,0.5,0,0.0,,20.0,equal,2.950918197631836,1.05682,18.2358,0,22.696,0.8034807895664434,6.179417586238907,
conflict 20 sd,3,position logit,1604.139708957827,5,30000.0,0.5,0,0.0,,20.0,equal,0.5538561344146729,1.01534,128.829,0,14.888,8.653210639441161,232.52865254061146,
conflict 20 sd,3,odds-ratio logit,1604.139708957827,5,30000.0,0.5,0,0.0,,20.0,equal,0.6730327606201172,1.02452,81.1051,0,18.784,4.317775766609881,120.45348959136817,
conflict 20 sd,3,adjusted row,1604.139708957827,5,30000.0,0.5,0,0.0,,20.0,equal,0.7827520370483398,1.0027,199.884,0,13.44,14.872321428571428,255.3163903098608,0.049124999999999995
conflict 20 sd,3,adjusted table,1604.139708957827,5,30000.0,0.5,0,0.0,,20.0,equal,2.18776798248291,1.03829,87.1987,0,16.032,5.439040668662675,39.85484358999506,
3x3,1,position logit,5744.014502277012,3,30000.0,0.5,0,0.0,,0.0,equal,0.15773367881774902,1.00005,1004.08,0,6.432,156.10696517412936,6358.957542674484,
3x3,1,odds-ratio logit,5744.014502277012,3,30000.0,0.5,0,0.0,,0.0,equal,0.17973732948303223,1.00044,1066.85,0,6.836,156.06348741954358,5931.113803542741,
3x3,1,adjusted row,5744.014502277012,3,30000.0,0.5,0,0.0,,0.0,equal,0.28363728523254395,1.0032,989.542,0,6.908,143.2458019687319,3487.1112125778113,0.057
3x3,1,adjusted table,5744.014502277012,3,30000.0,0.5,0,0.0,,0.0,equal,0.4633944034576416,1.00263,308.82,0,9.656,31.98218724109362,666.2440134968315,
3x3,2,position logit,6081.156311750602,3,30000.0,0.5,0,0.0,,0.0,equal,0.19919443130493164,1.00067,916.428,0,6.748,135.80735032602252,4597.74863083708,
3x3,2,odds-ratio logit,6081.156311750602,3,30000.0,0.5,0,0.0,,0.0,equal,0.1877601146697998,1.00013,1306.63,0,6.808,191.9256756756757,6953.855978886197,
3x3,2,adjusted row,6081.156311750602,3,30000.0,0.5,0,0.0,,0.0,equal,0.2509598731994629,1.0019,1053.47,0,6.496,162.17210591133005,4195.5744569202325,0.048
3x3,2,adjusted table,6081.156311750602,3,30000.0,0.5,0,0.0,,0.0,equal,0.4611999988555908,1.00603,569.904,0,7.656,74.43887147335424,1234.8906309913116,
3x3,3,position logit,5319.464353547939,3,30000.0,0.5,0,0.0,,0.0,equal,0.16809606552124023,1.00163,837.689,0,6.584,127.23101458080194,4979.49586514701,
3x3,3,odds-ratio logit,5319.464353547939,3,30000.0,0.5,0,0.0,,0.0,equal,0.16532278060913086,1.00062,1172.08,0,6.816,171.9600938967136,7076.226603927575,
3x3,3,adjusted row,5319.464353547939,3,30000.0,0.5,0,0.0,,0.0,equal,0.32645344734191895,1.0016,1121.72,0,6.9,162.56811594202898,3433.7548007695386,0.15799999999999997
3x3,3,adjusted table,5319.464353547939,3,30000.0,0.5,0,0.0,,0.0,equal,0.4270186424255371,1.00239,652.27,0,7.9,82.56582278481012,1526.9606056452171,
8x8,1,position logit,459.94008858950315,8,30000.0,0.5,0,0.0,,0.0,equal,1.153343677520752,1.00239,855.583,0,15.0,57.038866666666664,741.7378520069184,
8x8,1,odds-ratio logit,459.94008858950315,8,30000.0,0.5,0,0.0,,0.0,equal,0.9707622528076172,1.00488,838.773,0,14.928,56.18790192926045,863.8143874065304,
8x8,1,adjusted row,459.94008858950315,8,30000.0,0.5,0,0.0,,0.0,equal,2.2123022079467773,1.00472,513.098,0,19.248,26.657211138819616,231.91308896882902,0.09391836734693879
8x8,1,adjusted table,459.94008858950315,8,30000.0,0.5,0,0.0,,0.0,equal,17.575876235961914,1.00267,304.931,0,37.12,8.21473599137931,17.34926689914898,
8x8,2,position logit,313.6131894653122,8,30000.0,0.5,0,0.0,,0.0,equal,1.1268963813781738,1.00219,993.68,0,14.992,66.28068303094983,881.6746543192326,
8x8,2,odds-ratio logit,313.6131894653122,8,30000.0,0.5,0,0.0,,0.0,equal,1.1150882244110107,1.00455,867.693,0,14.848,58.438375538793096,777.9970368285217,
8x8,2,adjusted row,313.6131894653122,8,30000.0,0.5,0,0.0,,0.0,equal,1.9183971881866455,1.00718,579.092,0,18.408,31.458713602781398,301.8184114955252,0.08020408163265305
8x8,2,adjusted table,313.6131894653122,8,30000.0,0.5,0,0.0,,0.0,equal,18.316078901290894,1.00427,596.383,0,50.104,11.902901963915058,32.56037367316345,
8x8,3,position logit,428.9715760446939,8,30000.0,0.5,0,0.0,,0.0,equal,1.117931842803955,1.00784,877.647,0,14.856,59.07693861066236,784.9082251277274,
8x8,3,odds-ratio logit,428.9715760446939,8,30000.0,0.5,0,0.0,,0.0,equal,1.0847525596618652,1.00232,983.969,0,13.76,71.509375,906.903966730532,
8x8,3,adjusted row,428.9715760446939,8,30000.0,0.5,0,0.0,,0.0,equal,1.9676802158355713,1.00736,602.845,0,22.184,27.174765596826543,306.33779155586194,0.05865306122448981
8x8,3,adjusted table,428.9715760446939,8,30000.0,0.5,0,0.0,,0.0,equal,15.73573112487793,1.00472,440.317,0,38.552,11.421378916787715,27.981723904330806,
