scheme,size,rep,param,N,margin,ess_cells,ess_margins,leapfrogs,step_size,sd_log_cell,sd_log_margin,seconds,treedepth_hits
"total fixed at 30,000",3,1,ILR + log volume,30000.0,10000.0,214.20186745736518,957.8798172443774,57.588,0.07299425000000001,0.33836074358742,0.009039471055111204,0.627539873123169,0.0
"total fixed at 30,000",3,1,log cells,30000.0,10000.0,333.1479284793927,1003.6437119440259,125.176,0.031952,0.345708329512914,0.009051197036302357,0.5953865051269531,0.0
"total fixed at 30,000",3,1,odds-ratio logit,30000.0,10000.0,1445.0112475863039,1393.8688308055837,6.78,0.6297379999999999,0.32267650891978983,0.008525328627328473,0.11563634872436523,0.0
"total fixed at 30,000",3,2,ILR + log volume,30000.0,10000.0,289.9542603939122,867.0586800029577,59.972,0.06525455,0.3474699415031321,0.009198813733324195,0.5173604488372803,0.0
"total fixed at 30,000",3,2,log cells,30000.0,10000.0,326.76675515968657,1034.7720626421187,113.22,0.034293199999999996,0.34621546618959353,0.009005287932135734,0.5944259166717529,0.0
"total fixed at 30,000",3,2,odds-ratio logit,30000.0,10000.0,1252.3575165113118,1344.0949225827576,6.748,0.599064,0.3474378301240273,0.009033902141394188,0.10840988159179688,0.0
"total fixed at 30,000",3,3,ILR + log volume,30000.0,10000.0,197.22197573474503,873.7196046866403,50.204,0.0763045,0.32366908100494846,0.009120297547446931,0.5589849948883057,0.0
"total fixed at 30,000",3,3,log cells,30000.0,10000.0,454.97146814978527,879.0370737631272,119.968,0.0330849,0.3375244011221882,0.008741527512473533,0.6510806083679199,0.0
"total fixed at 30,000",3,3,odds-ratio logit,30000.0,10000.0,1376.8097605137898,1359.2999116877966,6.724,0.646653,0.337958990614823,0.00881883117628655,0.14995813369750977,0.0
"total fixed at 30,000",5,1,ILR + log volume,30000.0,6000.0,546.2811375780065,952.2459911485305,59.544,0.0820361,0.3975076001786347,0.012263324009816064,1.18890380859375,0.0
"total fixed at 30,000",5,1,log cells,30000.0,6000.0,864.519152041714,854.1419167778301,124.824,0.042160199999999995,0.4046703077913057,0.012200416236282811,1.046752691268921,0.0
"total fixed at 30,000",5,1,odds-ratio logit,30000.0,6000.0,1021.3706986206162,747.4161124162043,7.0,0.5277099999999999,0.408160198725812,0.01241749187627332,0.332500696182251,0.0
"total fixed at 30,000",5,2,ILR + log volume,30000.0,6000.0,579.1673219974901,892.21431375153,63.224,0.07282025,0.39880075913764185,0.011912951091097796,1.289064884185791,0.0
"total fixed at 30,000",5,2,log cells,30000.0,6000.0,1077.3167277879922,798.3187648515607,126.04,0.0395294,0.4012277115563665,0.012027539915787405,1.207456111907959,0.0
"total fixed at 30,000",5,2,odds-ratio logit,30000.0,6000.0,1083.601049846529,579.0028756772616,7.032,0.5001424999999999,0.4026867690297697,0.012146917710660472,0.23691534996032715,0.0
"total fixed at 30,000",5,3,ILR + log volume,30000.0,6000.0,477.45078833193105,876.6038530202429,55.584,0.08509035000000001,0.4005613999003056,0.012285352445754249,1.0574049949645996,0.0
"total fixed at 30,000",5,3,log cells,30000.0,6000.0,1233.44128973808,909.2051146209321,118.68,0.047578499999999996,0.3948647582236014,0.012003083297964906,1.1107091903686523,0.0
"total fixed at 30,000",5,3,odds-ratio logit,30000.0,6000.0,1026.3922964665178,601.1496525153008,7.128,0.497228,0.39729385375184667,0.011956069149387474,0.2857778072357178,0.0
"total fixed at 30,000",8,1,ILR + log volume,30000.0,3750.0,615.8705676997038,754.9541424791731,53.368,0.0950681,0.4367669263551654,0.015993075164901144,2.677175998687744,0.0
"total fixed at 30,000",8,1,log cells,30000.0,3750.0,742.3600434307654,798.079053713899,65.112,0.059909699999999996,0.4358981179860312,0.01594232541246164,1.6413235664367676,0.0
"total fixed at 30,000",8,1,odds-ratio logit,30000.0,3750.0,800.9447819609182,463.58179755092965,13.104,0.40064350000000004,0.4396080624777823,0.01609761573686954,0.7426259517669678,0.0
"total fixed at 30,000",8,2,ILR + log volume,30000.0,3750.0,512.5404350880772,828.0755250574949,41.272,0.1062285,0.43974096453388645,0.016018363126270058,2.261861562728882,0.0
"total fixed at 30,000",8,2,log cells,30000.0,3750.0,692.8853052157189,908.5341961783176,71.0,0.05824345,0.4367008253748678,0.015498691281834865,1.584021806716919,0.0
"total fixed at 30,000",8,2,odds-ratio logit,30000.0,3750.0,840.2868155816886,723.4726584747791,13.488,0.40016399999999996,0.4340787170189845,0.01564747524388765,0.7200155258178711,0.0
"total fixed at 30,000",8,3,ILR + log volume,30000.0,3750.0,473.9991079117435,887.8891876799074,46.328,0.1015485,0.4351935452693688,0.0160818410031551,2.212975025177002,0.0
"total fixed at 30,000",8,3,log cells,30000.0,3750.0,735.9249438050277,785.7356996941041,82.84,0.0560953,0.437360904836098,0.015493695389420676,1.7496416568756104,0.0
"total fixed at 30,000",8,3,odds-ratio logit,30000.0,3750.0,862.8138585692102,470.9788432064041,12.112,0.4137365,0.43573479373379087,0.015636095553441268,0.7389092445373535,0.0
"total fixed at 30,000",10,1,ILR + log volume,30000.0,3000.0,743.2677639207498,808.9428591950772,31.0,0.125393,0.4469678075529667,0.01786984549984903,3.326608419418335,0.0
"total fixed at 30,000",10,1,log cells,30000.0,3000.0,848.897961774966,906.6335347610776,63.0,0.07082630000000001,0.45058865195843556,0.017391922396238015,2.186053991317749,0.0
"total fixed at 30,000",10,1,odds-ratio logit,30000.0,3000.0,1155.8124836110696,645.5743282434818,14.448,0.388548,0.45173625383659033,0.017516908623196457,1.2295918464660645,0.0
"total fixed at 30,000",10,2,ILR + log volume,30000.0,3000.0,582.5179936261798,848.9022450903624,31.0,0.1242235,0.4424362138230713,0.01781639114425497,3.4563159942626953,0.0
"total fixed at 30,000",10,2,log cells,30000.0,3000.0,1090.265146743581,772.6666863542982,63.0,0.06855785,0.4483312456012131,0.017940000793107043,2.3040049076080322,0.0
"total fixed at 30,000",10,2,odds-ratio logit,30000.0,3000.0,1187.2501905819638,851.7537313068979,14.88,0.38874949999999997,0.44953169282029076,0.017820524900850863,1.1356699466705322,0.0
"total fixed at 30,000",10,3,ILR + log volume,30000.0,3000.0,481.81339441949774,885.6404251651843,31.768,0.12280650000000001,0.4502943137724027,0.017901927520327116,3.7938392162323,0.0
"total fixed at 30,000",10,3,log cells,30000.0,3000.0,963.3965196411502,647.4543618428418,63.0,0.06755035000000001,0.44569175770552516,0.017677735399744585,2.0925145149230957,0.0
"total fixed at 30,000",10,3,odds-ratio logit,30000.0,3000.0,989.8148103314412,617.0208059622088,13.736,0.397673,0.4438544014457223,0.017517918909757978,1.0799367427825928,0.0
"each margin fixed at 6,000",3,1,ILR + log volume,18000.0,6000.0,340.98055812447217,817.714931373912,48.768,0.0820945,0.32525840568718967,0.011205204027778717,0.5317666530609131,0.0
"each margin fixed at 6,000",3,1,log cells,18000.0,6000.0,363.92612943262566,1008.3979676528089,93.268,0.04183645,0.3490630222044491,0.011657709492451863,0.4652669429779053,0.0
"each margin fixed at 6,000",3,1,odds-ratio logit,18000.0,6000.0,1450.715714046921,1394.452628525823,6.82,0.6095839999999999,0.31394276232642,0.011628499283071095,0.135270357131958,0.0
"each margin fixed at 6,000",3,2,ILR + log volume,18000.0,6000.0,296.44329360871455,924.4522205849628,45.212,0.08582455,0.33629764019837793,0.011493126536140288,0.40949273109436035,0.0
"each margin fixed at 6,000",3,2,log cells,18000.0,6000.0,402.2901990342561,987.1111780363993,96.216,0.040397100000000005,0.3491695663414085,0.012081525310570574,0.48053812980651855,0.0
"each margin fixed at 6,000",3,2,odds-ratio logit,18000.0,6000.0,1377.5806988846919,1327.0613029553326,6.756,0.6191720000000001,0.36162230655914335,0.01140527659418553,0.12435531616210938,0.0
"each margin fixed at 6,000",3,3,ILR + log volume,18000.0,6000.0,274.80856264211684,850.0400447117007,42.124,0.10275355,0.3358870089365277,0.011477069175155712,0.42546725273132324,0.0
"each margin fixed at 6,000",3,3,log cells,18000.0,6000.0,344.3665224554044,1017.6161494077278,93.936,0.039624999999999994,0.33834621804079623,0.011773272507709914,0.44591379165649414,0.0
"each margin fixed at 6,000",3,3,odds-ratio logit,18000.0,6000.0,1101.4951556727146,1380.3010303583342,6.684,0.6637824999999999,0.3369032483289145,0.011901769624723946,0.13320302963256836,0.0
"each margin fixed at 6,000",5,1,ILR + log volume,30000.0,6000.0,546.2811375780065,952.2459911485305,59.544,0.0820361,0.3975076001786347,0.012263324009816064,1.1996078491210938,0.0
"each margin fixed at 6,000",5,1,log cells,30000.0,6000.0,864.519152041714,854.1419167778301,124.824,0.042160199999999995,0.4046703077913057,0.012200416236282811,1.017777681350708,0.0
"each margin fixed at 6,000",5,1,odds-ratio logit,30000.0,6000.0,1021.3706986206162,747.4161124162043,7.0,0.5277099999999999,0.408160198725812,0.01241749187627332,0.2539510726928711,0.0
"each margin fixed at 6,000",5,2,ILR + log volume,30000.0,6000.0,579.1673219974901,892.21431375153,63.224,0.07282025,0.39880075913764185,0.011912951091097796,1.2166295051574707,0.0
"each margin fixed at 6,000",5,2,log cells,30000.0,6000.0,1077.3167277879922,798.3187648515607,126.04,0.0395294,0.4012277115563665,0.012027539915787405,1.102236032485962,0.0
"each margin fixed at 6,000",5,2,odds-ratio logit,30000.0,6000.0,1083.601049846529,579.0028756772616,7.032,0.5001424999999999,0.4026867690297697,0.012146917710660472,0.2334294319152832,0.0
"each margin fixed at 6,000",5,3,ILR + log volume,30000.0,6000.0,477.45078833193105,876.6038530202429,55.584,0.08509035000000001,0.4005613999003056,0.012285352445754249,1.1516969203948975,0.0
"each margin fixed at 6,000",5,3,log cells,30000.0,6000.0,1233.44128973808,909.2051146209321,118.68,0.047578499999999996,0.3948647582236014,0.012003083297964906,0.9524497985839844,0.0
"each margin fixed at 6,000",5,3,odds-ratio logit,30000.0,6000.0,1026.3922964665178,601.1496525153008,7.128,0.497228,0.39729385375184667,0.011956069149387474,0.2387394905090332,0.0
"each margin fixed at 6,000",8,1,ILR + log volume,48000.0,6000.0,820.5539150002049,794.3390318717209,57.432,0.09018119999999999,0.4349759741617671,0.012565709493477467,2.754481077194214,0.0
"each margin fixed at 6,000",8,1,log cells,48000.0,6000.0,1287.62903768926,666.0458969668894,120.152,0.0465137,0.4340837681462504,0.012684512949734248,2.189340591430664,0.0
"each margin fixed at 6,000",8,1,odds-ratio logit,48000.0,6000.0,859.325572881963,367.33433994840476,10.8,0.4218335,0.4376818093573239,0.01262582969338166,0.694223165512085,0.0
"each margin fixed at 6,000",8,2,ILR + log volume,48000.0,6000.0,988.9604458253025,823.5795175778167,62.616,0.08054115,0.4291906251235643,0.012443521202175145,2.7554924488067627,0.0
"each margin fixed at 6,000",8,2,log cells,48000.0,6000.0,1381.8502505120205,833.6495714755232,120.664,0.04841335,0.4395883001914424,0.01235003553259443,2.04803204536438,0.0
"each margin fixed at 6,000",8,2,odds-ratio logit,48000.0,6000.0,803.0798551484679,330.6925511191757,9.64,0.43381349999999996,0.4342876938904567,0.012584974054369322,0.6188235282897949,0.0
"each margin fixed at 6,000",8,3,ILR + log volume,48000.0,6000.0,893.5085575295725,893.5950921001361,61.208,0.08506435000000001,0.43936666334467644,0.01265326538327271,3.1190431118011475,0.0
"each margin fixed at 6,000",8,3,log cells,48000.0,6000.0,1388.2488811329806,834.7785266251644,120.28,0.04884205,0.4333265320436911,0.01270184728622058,2.02400803565979,0.0
"each margin fixed at 6,000",8,3,odds-ratio logit,48000.0,6000.0,815.8622378743878,510.30442409152664,11.168,0.416148,0.4329792682782043,0.012299787212585655,0.623267412185669,0.0
"each margin fixed at 6,000",10,1,ILR + log volume,60000.0,6000.0,918.4431885700061,832.4523503135621,62.744,0.07897635,0.44861764353692746,0.012518832681033409,4.80968976020813,0.0
"each margin fixed at 6,000",10,1,log cells,60000.0,6000.0,1163.793053731408,679.4337650361471,114.2,0.051280599999999996,0.44838950287364426,0.012408595000724446,3.466637134552002,0.0
"each margin fixed at 6,000",10,1,odds-ratio logit,60000.0,6000.0,1337.383538846792,629.809697581265,14.92,0.3593455,0.4479136536654163,0.012408356160495215,1.0787429809570312,0.0
"each margin fixed at 6,000",10,2,ILR + log volume,60000.0,6000.0,876.7538661404475,739.4506687852635,59.64,0.0925144,0.4481400725839304,0.012459951318117887,4.633129358291626,0.0
"each margin fixed at 6,000",10,2,log cells,60000.0,6000.0,986.8982213362848,879.4046320525764,109.464,0.052132700000000004,0.44772085478989865,0.012865334090616621,3.229041337966919,0.0
"each margin fixed at 6,000",10,2,odds-ratio logit,60000.0,6000.0,1123.9747225262633,705.7837000820673,14.872,0.3782455,0.4485327244751901,0.01267406738467967,1.074204921722412,0.0
"each margin fixed at 6,000",10,3,ILR + log volume,60000.0,6000.0,1032.0709567442,913.7126571287864,60.056,0.091643,0.4516736849624645,0.01244098421946389,4.6490089893341064,0.0
"each margin fixed at 6,000",10,3,log cells,60000.0,6000.0,1139.1138328771121,741.9495432543708,114.648,0.04995395,0.446132539241748,0.012644971399116307,3.4354147911071777,0.0
"each margin fixed at 6,000",10,3,odds-ratio logit,60000.0,6000.0,998.3388338468053,458.3972178880319,13.672,0.4036415,0.44733025522845976,0.012565659391713616,1.121220350265503,0.0
