design,rep,param,max_rhat,min_ess,leapfrogs,step_size,ess_per_1000_grad,div,seconds,total,row_margin_mean,cell_mean,margin_min,margin_max,balance_row,balance_col,tight_index_max,tight_index_min
5x5 baseline,1,ILR + log volume,1.00568,450.366,53.116,0.08901005000000001,8.478914074855034,0,1.2086834907531738,30000.0,6000.0,1200.0,5136.475438415256,6405.893600612555,0.9942541255091527,0.9985187994715888,20.00920663190534,17.91730210999841
5x5 baseline,1,log cells,1.00019,1091.95,123.8,0.0433689,8.8202746365105,0,1.133389949798584,30000.0,6000.0,1200.0,5136.475438415256,6405.893600612555,0.9942541255091527,0.9985187994715888,20.00920663190534,17.91730210999841
5x5 baseline,1,odds-ratio logit,1.001,1008.99,7.088,0.525535,142.35186230248306,0,0.32930850982666016,30000.0,6000.0,1200.0,5136.475438415256,6405.893600612555,0.9942541255091527,0.9985187994715888,20.00920663190534,17.91730210999841
5x5 baseline,1,adjusted row,1.00259,434.411,9.768,0.413261,44.472870597870596,0,0.6775186061859131,30000.0,6000.0,1200.0,5136.475438415256,6405.893600612555,0.9942541255091527,0.9985187994715888,20.00920663190534,17.91730210999841
5x5 baseline,2,ILR + log volume,1.00941,537.158,54.32,0.08843335,9.88877025036819,0,1.5003492832183838,30000.0,6000.0,1200.0,4788.104184038778,7317.37768035883,0.9819192766734826,0.9959086064100026,21.385418046473323,17.29903209727133
5x5 baseline,2,log cells,1.00202,937.002,125.464,0.041396100000000005,7.468293693808582,0,1.201570749282837,30000.0,6000.0,1200.0,4788.104184038778,7317.37768035883,0.9819192766734826,0.9959086064100026,21.385418046473323,17.29903209727133
5x5 baseline,2,odds-ratio logit,1.00118,1146.9,7.16,0.49233099999999996,160.18156424581005,0,0.4124491214752197,30000.0,6000.0,1200.0,4788.104184038778,7317.37768035883,0.9819192766734826,0.9959086064100026,21.385418046473323,17.29903209727133
5x5 baseline,2,adjusted row,1.0051,402.173,9.544,0.42941149999999995,42.1388306789606,0,0.6479897499084473,30000.0,6000.0,1200.0,4788.104184038778,7317.37768035883,0.9819192766734826,0.9959086064100026,21.385418046473323,17.29903209727133
"3x3, total fixed",1,ILR + log volume,1.01345,185.13,44.288,0.0916489,4.180139089595376,0,0.566765546798706,30000.0,10000.0,3333.3333333333335,8725.16999592801,10881.49088052805,0.9994719173289998,0.9915489182505249,26.078596205183345,23.35215460606367
"3x3, total fixed",1,log cells,1.00711,295.648,125.696,0.03005555,2.3520875763747457,0,0.7715482711791992,30000.0,10000.0,3333.3333333333335,8725.16999592801,10881.49088052805,0.9994719173289998,0.9915489182505249,26.078596205183345,23.35215460606367
"3x3, total fixed",1,odds-ratio logit,0.999371,1146.19,6.792,0.6278414999999999,168.75588928150768,0,0.18752145767211914,30000.0,10000.0,3333.3333333333335,8725.16999592801,10881.49088052805,0.9994719173289998,0.9915489182505249,26.078596205183345,23.35215460606367
"3x3, total fixed",1,adjusted row,0.999986,918.109,6.852,0.592985,133.99138937536486,0,0.242401123046875,30000.0,10000.0,3333.3333333333335,8725.16999592801,10881.49088052805,0.9994719173289998,0.9915489182505249,26.078596205183345,23.35215460606367
"3x3, total fixed",2,ILR + log volume,1.01028,243.402,52.04,0.0725905,4.6772098385857035,0,0.5337367057800293,30000.0,10000.0,3333.3333333333335,7576.689774706896,11579.008834698783,0.9990025338952321,0.9706270580787691,26.901450744684272,21.761045722096654
"3x3, total fixed",2,log cells,1.0072,391.158,121.052,0.0318937,3.2313220764630075,0,0.6396784782409668,30000.0,10000.0,3333.3333333333335,7576.689774706896,11579.008834698783,0.9990025338952321,0.9706270580787691,26.901450744684272,21.761045722096654
"3x3, total fixed",2,odds-ratio logit,1.00022,1291.54,6.784,0.5982825,190.3803066037736,0,0.23043227195739746,30000.0,10000.0,3333.3333333333335,7576.689774706896,11579.008834698783,0.9990025338952321,0.9706270580787691,26.901450744684272,21.761045722096654
"3x3, total fixed",2,adjusted row,1.00418,963.572,6.88,0.5941069999999999,140.05406976744186,0,0.3166825771331787,30000.0,10000.0,3333.3333333333335,7576.689774706896,11579.008834698783,0.9990025338952321,0.9706270580787691,26.901450744684272,21.761045722096654
"3x3, per-margin fixed",1,ILR + log volume,1.01037,260.006,34.86,0.10587605,7.458577165806081,0,0.4330265522003174,18000.0,6000.0,2000.0,5235.101997556806,6528.8945283168305,0.9994719173289998,0.9915489182505249,20.200393759028607,18.088501177469084
"3x3, per-margin fixed",1,log cells,1.00443,372.444,92.784,0.042682700000000004,4.014097258147957,0,0.6258697509765625,18000.0,6000.0,2000.0,5235.101997556806,6528.8945283168305,0.9994719173289998,0.9915489182505249,20.200393759028607,18.088501177469084
"3x3, per-margin fixed",1,odds-ratio logit,1.00201,1402.12,6.684,0.644755,209.7725912627169,0,0.19148850440979004,18000.0,6000.0,2000.0,5235.101997556806,6528.8945283168305,0.9994719173289998,0.9915489182505249,20.200393759028607,18.088501177469084
"3x3, per-margin fixed",1,adjusted row,1.00081,1348.89,7.16,0.5441990000000001,188.39245810055866,0,0.3252241611480713,18000.0,6000.0,2000.0,5235.101997556806,6528.8945283168305,0.9994719173289998,0.9915489182505249,20.200393759028607,18.088501177469084
"3x3, per-margin fixed",2,ILR + log volume,1.01385,229.8,41.036,0.09332575,5.599961009845014,0,0.5978994369506836,18000.0,6000.0,2000.0,4546.013864824138,6947.405300819269,0.9990025338952321,0.9706270580787691,20.837774144596256,16.8560335355477
"3x3, per-margin fixed",2,log cells,1.00981,393.381,89.312,0.042809,4.404570494446435,0,0.5606064796447754,18000.0,6000.0,2000.0,4546.013864824138,6947.405300819269,0.9990025338952321,0.9706270580787691,20.837774144596256,16.8560335355477
"3x3, per-margin fixed",2,odds-ratio logit,1.00261,1160.06,6.788,0.6102415,170.8986446670595,0,0.17956185340881348,18000.0,6000.0,2000.0,4546.013864824138,6947.405300819269,0.9990025338952321,0.9706270580787691,20.837774144596256,16.8560335355477
"3x3, per-margin fixed",2,adjusted row,1.0014,1111.32,6.888,0.5613360000000001,161.34146341463415,0,0.2468256950378418,18000.0,6000.0,2000.0,4546.013864824138,6947.405300819269,0.9990025338952321,0.9706270580787691,20.837774144596256,16.8560335355477
"3x3, per-cell fixed",1,ILR + log volume,1.00614,225.999,28.196,0.145076,8.015285856149807,1,0.32798099517822266,10800.0,3600.0,1200.0,3141.0611985340834,3917.3367169900985,0.9994719173289996,0.9915489182505249,15.647157723110007,14.0112927636382
"3x3, per-cell fixed",1,log cells,1.00756,352.025,79.408,0.05325865,4.433117570018134,0,0.4344301223754883,10800.0,3600.0,1200.0,3141.0611985340834,3917.3367169900985,0.9994719173289996,0.9915489182505249,15.647157723110007,14.0112927636382
"3x3, per-cell fixed",1,odds-ratio logit,1.0011,1287.46,6.656,0.6551365,193.4284855769231,0,0.15743279457092285,10800.0,3600.0,1200.0,3141.0611985340834,3917.3367169900985,0.9994719173289996,0.9915489182505249,15.647157723110007,14.0112927636382
"3x3, per-cell fixed",1,adjusted row,1.00373,1219.98,6.9,0.5798965,176.8086956521739,0,0.22131872177124023,10800.0,3600.0,1200.0,3141.0611985340834,3917.3367169900985,0.9994719173289996,0.9915489182505249,15.647157723110007,14.0112927636382
"3x3, per-cell fixed",2,ILR + log volume,1.0059,261.195,34.068,0.1127735,7.666872138076788,0,0.35685038566589355,10800.0,3600.0,1200.0,2727.6083188944826,4168.443180491561,0.9990025338952323,0.9706270580787693,16.14087044681056,13.056627433257992
"3x3, per-cell fixed",2,log cells,1.00375,462.068,74.168,0.05619245,6.230018336749001,0,0.4037661552429199,10800.0,3600.0,1200.0,2727.6083188944826,4168.443180491561,0.9990025338952323,0.9706270580787693,16.14087044681056,13.056627433257992
"3x3, per-cell fixed",2,odds-ratio logit,1.00153,1242.47,6.816,0.5842575000000001,182.28726525821597,0,0.14811444282531738,10800.0,3600.0,1200.0,2727.6083188944826,4168.443180491561,0.9990025338952323,0.9706270580787693,16.14087044681056,13.056627433257992
"3x3, per-cell fixed",2,adjusted row,1.00183,1078.66,6.92,0.541521,155.87572254335262,0,0.2906367778778076,10800.0,3600.0,1200.0,2727.6083188944826,4168.443180491561,0.9990025338952323,0.9706270580787693,16.14087044681056,13.056627433257992
"8x8, total fixed",1,ILR + log volume,1.00563,397.154,32.92,0.1128115,12.064216281895504,0,2.2718145847320557,30000.0,3750.0,468.75,3219.3148466770167,4014.9298136326597,0.9954839993454182,0.9979807940139441,15.84086845321434,14.18475159871732
"8x8, total fixed",1,log cells,1.00402,659.033,86.04,0.05593485,7.659611808461181,0,1.9681320190429688,30000.0,3750.0,468.75,3219.3148466770167,4014.9298136326597,0.9954839993454182,0.9979807940139441,15.84086845321434,14.18475159871732
"8x8, total fixed",1,odds-ratio logit,1.00499,931.582,12.12,0.41077949999999996,76.86320132013202,0,0.8599178791046143,30000.0,3750.0,468.75,3219.3148466770167,4014.9298136326597,0.9954839993454182,0.9979807940139441,15.84086845321434,14.18475159871732
"8x8, total fixed",1,adjusted row,1.01154,233.624,10.944,0.36809400000000003,21.34722222222222,0,1.510634183883667,30000.0,3750.0,468.75,3219.3148466770167,4014.9298136326597,0.9954839993454182,0.9979807940139441,15.84086845321434,14.18475159871732
"8x8, total fixed",2,ILR + log volume,1.00631,622.717,42.296,0.10628835,14.722834310573104,0,2.461350917816162,30000.0,3750.0,468.75,2909.31905250795,4446.14099476578,0.986474092968645,0.9969615357927003,16.669847395008187,13.484525975418894
"8x8, total fixed",2,log cells,1.00293,842.264,77.336,0.061077900000000004,10.890969276921485,0,2.110692024230957,30000.0,3750.0,468.75,2909.31905250795,4446.14099476578,0.986474092968645,0.9969615357927003,16.669847395008187,13.484525975418894
"8x8, total fixed",2,odds-ratio logit,1.003,996.991,10.824,0.423594,92.10929416112343,0,1.2261016368865967,30000.0,3750.0,468.75,2909.31905250795,4446.14099476578,0.986474092968645,0.9969615357927003,16.669847395008187,13.484525975418894
"8x8, total fixed",2,adjusted row,1.01542,268.795,12.064,0.35392049999999997,22.280752652519894,0,1.5852797031402588,30000.0,3750.0,468.75,2909.31905250795,4446.14099476578,0.986474092968645,0.9969615357927003,16.669847395008187,13.484525975418894
"8x8, per-margin fixed",1,ILR + log volume,1.00328,836.815,59.064,0.08808474999999999,14.167936475687391,0,3.5282094478607178,48000.0,6000.0,750.0,5150.903754683227,6423.887701812255,0.9954839993454182,0.9979807940139437,20.03728977090629,17.942449238264594
"8x8, per-margin fixed",1,log cells,1.00199,1288.91,120.344,0.04933805,10.710214053047931,0,2.4436733722686768,48000.0,6000.0,750.0,5150.903754683227,6423.887701812255,0.9954839993454182,0.9979807940139437,20.03728977090629,17.942449238264594
"8x8, per-margin fixed",1,odds-ratio logit,1.00188,971.583,12.896,0.40255450000000004,75.33987282878411,0,0.9601097106933594,48000.0,6000.0,750.0,5150.903754683227,6423.887701812255,0.9954839993454182,0.9979807940139437,20.03728977090629,17.942449238264594
"8x8, per-margin fixed",1,adjusted row,1.01427,342.451,17.824,0.343779,19.212915170556553,0,2.0090503692626953,48000.0,6000.0,750.0,5150.903754683227,6423.887701812255,0.9954839993454182,0.9979807940139437,20.03728977090629,17.942449238264594
"8x8, per-margin fixed",2,ILR + log volume,1.00249,940.286,62.712,0.07822689999999999,14.993717310881488,0,3.0404856204986572,48000.0,6000.0,750.0,4654.910484012719,7113.825591625249,0.9864740929686447,0.9969615357927003,21.085874406260178,17.056726100010955
"8x8, per-margin fixed",2,log cells,1.00176,1510.93,126.424,0.04393535,11.951290894134026,0,2.4920597076416016,48000.0,6000.0,750.0,4654.910484012719,7113.825591625249,0.9864740929686447,0.9969615357927003,21.085874406260178,17.056726100010955
"8x8, per-margin fixed",2,odds-ratio logit,1.00427,882.354,10.952,0.422539,80.56555880204529,0,0.8574113845825195,48000.0,6000.0,750.0,4654.910484012719,7113.825591625249,0.9864740929686447,0.9969615357927003,21.085874406260178,17.056726100010955
"8x8, per-margin fixed",2,adjusted row,1.01456,233.829,12.528,0.361581,18.664511494252874,0,1.5061655044555664,48000.0,6000.0,750.0,4654.910484012719,7113.825591625249,0.9864740929686447,0.9969615357927003,21.085874406260178,17.056726100010955
"8x8, per-cell fixed",1,ILR + log volume,1.00949,500.071,63.768,0.06608195,7.842036758248652,0,3.1739468574523926,76800.0,9600.0,1200.0,8241.446007493163,10278.220322899608,0.9954839993454182,0.9979807940139441,25.34538952514294,22.695602557947712
"8x8, per-cell fixed",1,log cells,1.00288,1251.22,127.0,0.0377448,9.852125984251968,0,2.5174009799957275,76800.0,9600.0,1200.0,8241.446007493163,10278.220322899608,0.9954839993454182,0.9979807940139441,25.34538952514294,22.695602557947712
"8x8, per-cell fixed",1,odds-ratio logit,1.00335,878.986,13.48,0.39538249999999997,65.2066765578635,0,0.8320550918579102,76800.0,9600.0,1200.0,8241.446007493163,10278.220322899608,0.9954839993454182,0.9979807940139441,25.34538952514294,22.695602557947712
"8x8, per-cell fixed",1,adjusted row,1.02408,198.915,14.328,0.352898,13.882956448911223,0,1.633941650390625,76800.0,9600.0,1200.0,8241.446007493163,10278.220322899608,0.9954839993454182,0.9979807940139441,25.34538952514294,22.695602557947712
"8x8, per-cell fixed",2,ILR + log volume,1.00474,657.199,63.032,0.06753765,10.426434192156364,0,3.117035150527954,76800.0,9600.0,1200.0,7447.856774420351,11382.120946600398,0.9864740929686452,0.9969615357927003,26.6717558320131,21.57524156067023
"8x8, per-cell fixed",2,log cells,1.00635,886.38,127.0,0.03265015,6.979370078740158,0,2.913996458053589,76800.0,9600.0,1200.0,7447.856774420351,11382.120946600398,0.9864740929686452,0.9969615357927003,26.6717558320131,21.57524156067023
"8x8, per-cell fixed",2,odds-ratio logit,1.01023,620.728,10.224,0.425963,60.71283255086071,0,0.8619461059570312,76800.0,9600.0,1200.0,7447.856774420351,11382.120946600398,0.9864740929686452,0.9969615357927003,26.6717558320131,21.57524156067023
"8x8, per-cell fixed",2,adjusted row,1.00447,354.288,12.536,0.36249600000000004,28.261646458200385,0,1.5691015720367432,76800.0,9600.0,1200.0,7447.856774420351,11382.120946600398,0.9864740929686452,0.9969615357927003,26.6717558320131,21.57524156067023
rows geometric 0.5,1,ILR + log volume,1.00199,745.903,124.44,0.03576655,5.994077467052395,0,1.9615247249603271,30000.0,6000.0,1200.0,684.7644815161076,16920.346158849698,0.49884962025294827,0.9985187994715888,32.51955772958953,6.542001230109692
rows geometric 0.5,1,log cells,1.00193,620.87,121.944,0.0444154,5.091435412976448,0,1.1316497325897217,30000.0,6000.0,1200.0,684.7644815161076,16920.346158849698,0.49884962025294827,0.9985187994715888,32.51955772958953,6.542001230109692
rows geometric 0.5,1,odds-ratio logit,1.00443,972.003,7.032,0.531169,138.22568259385667,0,0.32204461097717285,30000.0,6000.0,1200.0,684.7644815161076,16920.346158849698,0.49884962025294827,0.9985187994715888,32.51955772958953,6.542001230109692
rows geometric 0.5,1,adjusted row,1.01248,423.987,8.904,0.46416250000000003,47.61758760107817,0,0.6733102798461914,30000.0,6000.0,1200.0,684.7644815161076,16920.346158849698,0.49884962025294827,0.9985187994715888,32.51955772958953,6.542001230109692
rows geometric 0.5,2,ILR + log volume,1.00236,626.304,123.992,0.0377532,5.0511645912639525,0,1.8845598697662354,30000.0,6000.0,1200.0,789.8032125274046,17569.025551349565,0.48192621203537633,0.9959086064100026,33.137050215119444,7.025859433760598
rows geometric 0.5,2,log cells,1.00166,633.775,119.384,0.04611615,5.308709709843865,0,1.4060606956481934,30000.0,6000.0,1200.0,789.8032125274046,17569.025551349565,0.48192621203537633,0.9959086064100026,33.137050215119444,7.025859433760598
rows geometric 0.5,2,odds-ratio logit,1.00187,713.183,7.992,0.4778515,89.23711211211211,0,0.4455568790435791,30000.0,6000.0,1200.0,789.8032125274046,17569.025551349565,0.48192621203537633,0.9959086064100026,33.137050215119444,7.025859433760598
rows geometric 0.5,2,adjusted row,1.00311,454.663,9.2,0.4409785,49.41989130434783,0,0.7253623008728027,30000.0,6000.0,1200.0,789.8032125274046,17569.025551349565,0.48192621203537633,0.9959086064100026,33.137050215119444,7.025859433760598
rows one dominant 0.5,1,ILR + log volume,1.0029,591.755,119.84,0.041006799999999996,4.937875500667556,0,1.9721333980560303,30000.0,6000.0,1200.0,2556.062045769883,18085.335605906068,0.49610590198779353,0.9985187994715888,33.62043240901475,12.63937806462872
rows one dominant 0.5,1,log cells,1.0112,372.931,78.04,0.059921699999999994,4.778716043054843,0,0.9521687030792236,30000.0,6000.0,1200.0,2556.062045769883,18085.335605906068,0.49610590198779353,0.9985187994715888,33.62043240901475,12.63937806462872
rows one dominant 0.5,1,odds-ratio logit,1.00566,852.668,6.996,0.5641185,121.87935963407661,0,0.3665964603424072,30000.0,6000.0,1200.0,2556.062045769883,18085.335605906068,0.49610590198779353,0.9985187994715888,33.62043240901475,12.63937806462872
rows one dominant 0.5,1,adjusted row,1.00255,476.308,9.232,0.4610295,51.593154246100525,0,0.6874334812164307,30000.0,6000.0,1200.0,2556.062045769883,18085.335605906068,0.49610590198779353,0.9985187994715888,33.62043240901475,12.63937806462872
rows one dominant 0.5,2,ILR + log volume,1.00415,754.481,123.288,0.03913295,6.119662903121148,0,1.8502566814422607,30000.0,6000.0,1200.0,2349.256042796256,18336.805071495433,0.48513847085448114,0.9959086064100026,33.853364928297225,12.117281158525868
rows one dominant 0.5,2,log cells,1.00491,315.276,91.632,0.057250949999999995,3.4406757464641173,0,0.9805343151092529,30000.0,6000.0,1200.0,2349.256042796256,18336.805071495433,0.48513847085448114,0.9959086064100026,33.853364928297225,12.117281158525868
rows one dominant 0.5,2,odds-ratio logit,1.0044,882.267,7.176,0.5199915,122.94690635451505,0,0.3566250801086426,30000.0,6000.0,1200.0,2349.256042796256,18336.805071495433,0.48513847085448114,0.9959086064100026,33.853364928297225,12.117281158525868
rows one dominant 0.5,2,adjusted row,1.01424,331.179,9.42,0.43747800000000003,35.157006369426746,0,0.7238266468048096,30000.0,6000.0,1200.0,2349.256042796256,18336.805071495433,0.48513847085448114,0.9959086064100026,33.853364928297225,12.117281158525868
rows one tiny 0.85,1,ILR + log volume,1.0053,609.986,66.584,0.06657845000000001,9.161149825783971,0,1.3302371501922607,30000.0,6000.0,1200.0,1038.6243997971103,7797.559372658524,0.8489520511504972,0.9985187994715888,22.07594756270176,8.056924040061405
rows one tiny 0.85,1,log cells,1.00242,1003.05,125.464,0.04188815,7.994723586048587,0,1.2770211696624756,30000.0,6000.0,1200.0,1038.6243997971103,7797.559372658524,0.8489520511504972,0.9985187994715888,22.07594756270176,8.056924040061405
rows one tiny 0.85,1,odds-ratio logit,1.001,1071.31,7.336,0.482272,146.03462377317337,0,0.46587324142456055,30000.0,6000.0,1200.0,1038.6243997971103,7797.559372658524,0.8489520511504972,0.9985187994715888,22.07594756270176,8.056924040061405
rows one tiny 0.85,1,adjusted row,1.00493,434.513,9.684,0.4301335,44.869165634035525,0,0.8125553131103516,30000.0,6000.0,1200.0,1038.6243997971103,7797.559372658524,0.8489520511504972,0.9985187994715888,22.07594756270176,8.056924040061405
rows one tiny 0.85,2,ILR + log volume,1.00875,563.425,67.256,0.06373585,8.37731949565838,0,1.2760536670684814,30000.0,6000.0,1200.0,1226.0951122126758,7901.530103388503,0.8557963464220111,0.9959086064100026,22.22263781511505,8.753910241331711
rows one tiny 0.85,2,log cells,1.00362,1122.54,124.952,0.04139395,8.983769767590754,0,1.055497407913208,30000.0,6000.0,1200.0,1226.0951122126758,7901.530103388503,0.8557963464220111,0.9959086064100026,22.22263781511505,8.753910241331711
rows one tiny 0.85,2,odds-ratio logit,1.00384,869.483,7.824,0.45665449999999996,111.13024028629856,0,0.3278062343597412,30000.0,6000.0,1200.0,1226.0951122126758,7901.530103388503,0.8557963464220111,0.9959086064100026,22.22263781511505,8.753910241331711
rows one tiny 0.85,2,adjusted row,1.00163,368.754,9.968,0.416621,36.993780096308186,0,0.5808506011962891,30000.0,6000.0,1200.0,1226.0951122126758,7901.530103388503,0.8557963464220111,0.9959086064100026,22.22263781511505,8.753910241331711
"both geometric 0.5, aligned",1,ILR + log volume,1.00508,683.381,152.6,0.02968475,4.478250327653997,0,2.00909423828125,30000.0,6000.0,1200.0,656.3502163131469,17415.10170433398,0.49884962025294827,0.4909862708202555,32.991572507549165,6.404833215593649
"both geometric 0.5, aligned",1,log cells,1.01252,404.714,96.6,0.05363855,4.189585921325052,0,1.0134062767028809,30000.0,6000.0,1200.0,656.3502163131469,17415.10170433398,0.49884962025294827,0.4909862708202555,32.991572507549165,6.404833215593649
"both geometric 0.5, aligned",1,odds-ratio logit,1.00303,475.971,18.448,0.22052149999999998,25.800683000867302,0,0.5526602268218994,30000.0,6000.0,1200.0,656.3502163131469,17415.10170433398,0.49884962025294827,0.4909862708202555,32.991572507549165,6.404833215593649
"both geometric 0.5, aligned",1,adjusted row,1.00326,519.12,20.744,0.22802299999999998,25.025067489394523,0,0.9365732669830322,30000.0,6000.0,1200.0,656.3502163131469,17415.10170433398,0.49884962025294827,0.4909862708202555,32.991572507549165,6.404833215593649
"both geometric 0.5, aligned",2,ILR + log volume,1.00535,658.686,144.28,0.03145685,4.565331300249515,0,2.067227363586426,30000.0,6000.0,1200.0,575.9341405437033,17835.863062116074,0.48192621203537633,0.4760140942679807,33.387743879787,5.999656972192781
"both geometric 0.5, aligned",2,log cells,1.00745,444.354,105.848,0.051693050000000004,4.198038696999471,0,1.0729091167449951,30000.0,6000.0,1200.0,575.9341405437033,17835.863062116074,0.48192621203537633,0.4760140942679807,33.387743879787,5.999656972192781
"both geometric 0.5, aligned",2,odds-ratio logit,1.00618,480.829,19.128,0.2521335,25.137442492680886,0,0.526883602142334,30000.0,6000.0,1200.0,575.9341405437033,17835.863062116074,0.48192621203537633,0.4760140942679807,33.387743879787,5.999656972192781
"both geometric 0.5, aligned",2,adjusted row,1.00481,490.914,21.28,0.21380349999999998,23.06926691729323,0,1.0480692386627197,30000.0,6000.0,1200.0,575.9341405437033,17835.863062116074,0.48192621203537633,0.4760140942679807,33.387743879787,5.999656972192781
"both geometric 0.5, reversed",1,ILR + log volume,1.00416,827.279,126.744,0.03323595,6.527164994003661,0,1.911980390548706,30000.0,6000.0,1200.0,660.32825052005,16995.215725535985,0.49884962025294827,0.4998418241233794,32.591424989496836,6.424213232568103
"both geometric 0.5, reversed",1,log cells,1.00523,327.464,100.12,0.0540679,3.270715141829804,0,1.2598025798797607,30000.0,6000.0,1200.0,660.32825052005,16995.215725535985,0.49884962025294827,0.4998418241233794,32.591424989496836,6.424213232568103
"both geometric 0.5, reversed",1,odds-ratio logit,1.00162,1172.85,7.0,0.5703514999999999,167.54999999999998,0,0.39440035820007324,30000.0,6000.0,1200.0,660.32825052005,16995.215725535985,0.49884962025294827,0.4998418241233794,32.591424989496836,6.424213232568103
"both geometric 0.5, reversed",1,adjusted row,1.00403,485.544,9.528,0.441597,50.959697732997476,0,0.6093955039978027,30000.0,6000.0,1200.0,660.32825052005,16995.215725535985,0.49884962025294827,0.4998418241233794,32.591424989496836,6.424213232568103
"both geometric 0.5, reversed",2,ILR + log volume,1.00056,750.975,125.336,0.0389588,5.991694325652646,0,1.8463470935821533,30000.0,6000.0,1200.0,740.1574650548204,17569.025551349565,0.48192621203537633,0.5234026349233357,33.137050215119444,6.801458782197115
"both geometric 0.5, reversed",2,log cells,1.00332,451.026,109.848,0.04883895,4.105909984706139,0,1.1557774543762207,30000.0,6000.0,1200.0,740.1574650548204,17569.025551349565,0.48192621203537633,0.5234026349233357,33.137050215119444,6.801458782197115
"both geometric 0.5, reversed",2,odds-ratio logit,1.00258,829.687,7.0,0.547084,118.52671428571429,0,0.2960832118988037,30000.0,6000.0,1200.0,740.1574650548204,17569.025551349565,0.48192621203537633,0.5234026349233357,33.137050215119444,6.801458782197115
"both geometric 0.5, reversed",2,adjusted row,1.00366,418.908,10.128,0.422478,41.361374407582936,0,0.5699176788330078,30000.0,6000.0,1200.0,740.1574650548204,17569.025551349565,0.48192621203537633,0.5234026349233357,33.137050215119444,6.801458782197115
