design,row_order,left_over,rep,param,max_rhat,min_ess,leapfrogs,ess_per_1000_grad,div,left_over_share,last_row_share,seconds
"aligned, balance 1.0",smallest first,diagonal,1,position logit,1.00287,754.566,9.424,80.06854838709678,0,0.18509510348800629,0.21352978668708514,0.42879414558410645
"aligned, balance 1.0",smallest first,diagonal,1,odds-ratio logit,1.001,1008.99,7.088,142.35186230248306,0,0.18509510348800629,0.21352978668708514,0.3242361545562744
"aligned, balance 1.0",smallest first,diagonal,1,adjusted row,1.00259,434.411,9.768,44.472870597870596,0,0.18509510348800629,0.21352978668708514,0.6510672569274902
"aligned, balance 1.0",smallest first,diagonal,1,adjusted table,1.00894,337.304,13.984,24.120709382151027,0,0.18509510348800629,0.21352978668708514,1.599212884902954
"aligned, balance 1.0",smallest first,diagonal,2,position logit,1.00701,773.359,10.664,72.52053638409603,0,0.1881659291082303,0.24391258934529425,0.4099748134613037
"aligned, balance 1.0",smallest first,diagonal,2,odds-ratio logit,1.00118,1146.9,7.16,160.18156424581005,0,0.1881659291082303,0.24391258934529425,0.3168783187866211
"aligned, balance 1.0",smallest first,diagonal,2,adjusted row,1.0051,402.173,9.544,42.1388306789606,0,0.1881659291082303,0.24391258934529425,0.6231050491333008
"aligned, balance 1.0",smallest first,diagonal,2,adjusted table,1.00464,306.305,14.796,20.701878886185458,0,0.1881659291082303,0.24391258934529425,1.6421711444854736
"aligned, balance 1.0",smallest first,diagonal,3,position logit,1.00716,739.935,10.488,70.55062929061785,0,0.16071509310044124,0.2480537407403822,0.3629276752471924
"aligned, balance 1.0",smallest first,diagonal,3,odds-ratio logit,1.00126,814.53,7.056,115.43792517006803,0,0.16071509310044124,0.2480537407403822,0.2945995330810547
"aligned, balance 1.0",smallest first,diagonal,3,adjusted row,1.00682,449.837,8.648,52.016304347826086,0,0.16071509310044124,0.2480537407403822,0.6227250099182129
"aligned, balance 1.0",smallest first,diagonal,3,adjusted table,1.01091,338.019,14.096,23.97978149829739,0,0.16071509310044124,0.2480537407403822,1.5591890811920166
"aligned, balance 1.0",smallest first,largest column,1,position logit,1.00531,767.621,12.2,62.919754098360656,0,0.20699132824506214,0.21352978668708514,0.4688863754272461
"aligned, balance 1.0",smallest first,largest column,1,odds-ratio logit,1.00155,816.741,7.344,111.21200980392156,0,0.20699132824506214,0.21352978668708514,0.3587048053741455
"aligned, balance 1.0",smallest first,largest column,1,adjusted row,1.00571,462.164,9.608,48.10199833472106,0,0.20699132824506214,0.21352978668708514,0.7387635707855225
"aligned, balance 1.0",smallest first,largest column,2,position logit,1.00117,685.976,8.136,84.31366764995084,0,0.21795378526026643,0.24391258934529425,0.39020228385925293
"aligned, balance 1.0",smallest first,largest column,2,odds-ratio logit,1.00099,881.225,7.328,120.25450327510917,0,0.21795378526026643,0.24391258934529425,0.4416375160217285
"aligned, balance 1.0",smallest first,largest column,2,adjusted row,1.0055,417.393,9.0,46.376999999999995,0,0.21795378526026643,0.24391258934529425,0.7315845489501953
"aligned, balance 1.0",smallest first,largest column,3,position logit,1.00296,892.578,7.4,120.61864864864864,0,0.2742202879194615,0.2480537407403822,0.39867496490478516
"aligned, balance 1.0",smallest first,largest column,3,odds-ratio logit,1.00119,1074.66,7.04,152.6505681818182,0,0.2742202879194615,0.2480537407403822,0.36893296241760254
"aligned, balance 1.0",smallest first,largest column,3,adjusted row,1.00289,431.799,9.28,46.53006465517242,0,0.2742202879194615,0.2480537407403822,0.7567949295043945
"aligned, balance 1.0",smallest first,smallest column,1,position logit,1.00325,851.536,13.68,62.24678362573099,0,0.18509510348800629,0.21352978668708514,0.4327690601348877
"aligned, balance 1.0",smallest first,smallest column,1,odds-ratio logit,1.00159,817.646,7.472,109.42799785867237,0,0.18509510348800629,0.21352978668708514,0.363006591796875
"aligned, balance 1.0",smallest first,smallest column,1,adjusted row,1.00556,451.115,10.656,42.33436561561562,0,0.18509510348800629,0.21352978668708514,0.6258633136749268
"aligned, balance 1.0",smallest first,smallest column,2,position logit,1.00304,703.56,11.112,63.31533477321814,0,0.18391692760438155,0.24391258934529425,0.463062047958374
"aligned, balance 1.0",smallest first,smallest column,2,odds-ratio logit,1.00081,1091.83,7.128,153.17480359147024,0,0.18391692760438155,0.24391258934529425,0.3544485569000244
"aligned, balance 1.0",smallest first,smallest column,2,adjusted row,1.00433,456.484,9.888,46.16545307443366,0,0.18391692760438155,0.24391258934529425,0.6455533504486084
"aligned, balance 1.0",smallest first,smallest column,3,position logit,1.00193,888.055,8.248,107.66913191076625,0,0.16071509310044124,0.2480537407403822,0.44806861877441406
"aligned, balance 1.0",smallest first,smallest column,3,odds-ratio logit,1.00231,977.665,7.016,139.3479190421893,0,0.16071509310044124,0.2480537407403822,0.3286018371582031
"aligned, balance 1.0",smallest first,smallest column,3,adjusted row,1.00297,412.745,8.616,47.9044800371402,0,0.16071509310044124,0.2480537407403822,0.6070914268493652
"aligned, balance 0.75",smallest first,diagonal,1,position logit,1.00165,974.659,13.64,71.45593841642228,0,0.07210199010466642,0.39414906283152557,0.5262303352355957
"aligned, balance 0.75",smallest first,diagonal,1,odds-ratio logit,1.00299,757.057,10.896,69.48026798825256,0,0.07210199010466642,0.39414906283152557,0.40880537033081055
"aligned, balance 0.75",smallest first,diagonal,1,adjusted row,1.00374,521.863,10.936,47.71973299195319,0,0.07210199010466642,0.39414906283152557,0.8562097549438477
"aligned, balance 0.75",smallest first,diagonal,1,adjusted table,1.00559,273.235,14.664,18.633046917621385,0,0.07210199010466642,0.39414906283152557,1.800830364227295
"aligned, balance 0.75",smallest first,diagonal,2,position logit,1.00147,922.279,13.72,67.22150145772595,0,0.06425584865659466,0.410604721026911,0.49553894996643066
"aligned, balance 0.75",smallest first,diagonal,2,odds-ratio logit,1.00072,727.618,12.864,56.56234452736319,0,0.06425584865659466,0.410604721026911,0.4029257297515869
"aligned, balance 0.75",smallest first,diagonal,2,adjusted row,1.00683,624.348,12.736,49.02229899497487,0,0.06425584865659466,0.410604721026911,0.7516698837280273
"aligned, balance 0.75",smallest first,diagonal,2,adjusted table,1.007,249.141,15.072,16.530055732484076,0,0.06425584865659466,0.410604721026911,1.7767589092254639
"aligned, balance 0.75",smallest first,diagonal,3,position logit,1.00326,818.559,7.96,102.83404522613066,0,0.1038100707455156,0.46956622775202184,0.4007415771484375
"aligned, balance 0.75",smallest first,diagonal,3,odds-ratio logit,1.00352,746.322,9.704,76.90869744435284,0,0.1038100707455156,0.46956622775202184,0.43064069747924805
"aligned, balance 0.75",smallest first,diagonal,3,adjusted row,1.00503,552.806,14.056,39.32882754695504,0,0.1038100707455156,0.46956622775202184,0.7640480995178223
"aligned, balance 0.75",smallest first,diagonal,3,adjusted table,1.00236,295.983,15.24,19.421456692913385,0,0.1038100707455156,0.46956622775202184,1.9016001224517822
"aligned, balance 0.75",smallest first,largest column,1,position logit,1.00385,880.314,12.888,68.30493482309124,0,0.4036495106930229,0.39414906283152557,0.4183166027069092
"aligned, balance 0.75",smallest first,largest column,1,odds-ratio logit,1.0023,852.992,13.128,64.97501523461304,0,0.4036495106930229,0.39414906283152557,0.3994579315185547
"aligned, balance 0.75",smallest first,largest column,1,adjusted row,1.0022,415.458,11.448,36.290880503144656,0,0.4036495106930229,0.39414906283152557,0.6488907337188721
"aligned, balance 0.75",smallest first,largest column,2,position logit,1.00427,927.559,12.968,71.52675817396668,0,0.41985638834785893,0.410604721026911,0.4500293731689453
"aligned, balance 0.75",smallest first,largest column,2,odds-ratio logit,1.0029,916.734,12.984,70.60489833641405,0,0.41985638834785893,0.410604721026911,0.4689943790435791
"aligned, balance 0.75",smallest first,largest column,2,adjusted row,1.01303,563.66,10.76,52.38475836431227,0,0.41985638834785893,0.410604721026911,0.6978065967559814
"aligned, balance 0.75",smallest first,largest column,3,position logit,1.00221,681.839,10.624,64.17912274096386,0,0.4017959685550745,0.46956622775202184,0.3800508975982666
"aligned, balance 0.75",smallest first,largest column,3,odds-ratio logit,1.00167,625.506,7.928,78.89833501513623,0,0.4017959685550745,0.46956622775202184,0.34209299087524414
"aligned, balance 0.75",smallest first,largest column,3,adjusted row,1.00238,520.236,9.8,53.085306122448976,0,0.4017959685550745,0.46956622775202184,0.6292955875396729
"aligned, balance 0.75",smallest first,smallest column,1,position logit,1.00268,956.695,15.08,63.44131299734748,0,0.0721019901046664,0.39414906283152557,0.4858112335205078
"aligned, balance 0.75",smallest first,smallest column,1,odds-ratio logit,1.00084,946.078,11.944,79.20947756195578,0,0.0721019901046664,0.39414906283152557,0.3782532215118408
"aligned, balance 0.75",smallest first,smallest column,1,adjusted row,1.0081,352.091,11.04,31.892300724637686,0,0.0721019901046664,0.39414906283152557,0.6506237983703613
"aligned, balance 0.75",smallest first,smallest column,2,position logit,1.00225,975.075,14.896,65.45884801288936,0,0.06425584865659421,0.410604721026911,0.5291268825531006
"aligned, balance 0.75",smallest first,smallest column,2,odds-ratio logit,1.00492,933.257,12.296,75.89923552374756,0,0.06425584865659421,0.410604721026911,0.5034723281860352
"aligned, balance 0.75",smallest first,smallest column,2,adjusted row,1.00164,507.477,13.248,38.30593297101449,0,0.06425584865659421,0.410604721026911,0.6946456432342529
"aligned, balance 0.75",smallest first,smallest column,3,position logit,1.00226,1006.61,11.816,85.19041976980365,0,0.10381007074551535,0.46956622775202184,0.43677186965942383
"aligned, balance 0.75",smallest first,smallest column,3,odds-ratio logit,1.00527,932.759,9.048,103.09007515473033,0,0.10381007074551535,0.46956622775202184,0.3925442695617676
"aligned, balance 0.75",smallest first,smallest column,3,adjusted row,1.00311,416.03,11.656,35.69234728894989,0,0.10381007074551535,0.46956622775202184,0.7166728973388672
"aligned, balance 0.5",smallest first,diagonal,1,position logit,1.00227,713.871,15.432,46.25913685847589,0,0.021878340543771687,0.5640115386283224,0.5527548789978027
"aligned, balance 0.5",smallest first,diagonal,1,odds-ratio logit,1.00303,475.971,18.448,25.800683000867302,0,0.021878340543771687,0.5640115386283224,0.5795056819915771
"aligned, balance 0.5",smallest first,diagonal,1,adjusted row,1.00326,519.12,20.744,25.025067489394523,0,0.021878340543771687,0.5640115386283224,0.9615020751953125
"aligned, balance 0.5",smallest first,diagonal,1,adjusted table,1.00594,254.163,24.8,10.248508064516129,0,0.021878340543771687,0.5640115386283224,2.6419663429260254
"aligned, balance 0.5",smallest first,diagonal,2,position logit,1.00204,826.183,19.144,43.15623694107815,0,0.019197804684790116,0.5856341850449855,0.5956079959869385
"aligned, balance 0.5",smallest first,diagonal,2,odds-ratio logit,1.00618,480.829,19.128,25.137442492680886,0,0.019197804684790116,0.5856341850449855,0.6395120620727539
"aligned, balance 0.5",smallest first,diagonal,2,adjusted row,1.00481,490.914,21.28,23.06926691729323,0,0.019197804684790116,0.5856341850449855,1.0833775997161865
"aligned, balance 0.5",smallest first,diagonal,2,adjusted table,1.00287,441.691,26.832,16.46135211687537,0,0.019197804684790116,0.5856341850449855,2.7793171405792236
"aligned, balance 0.5",smallest first,diagonal,3,position logit,1.00454,1003.84,14.968,67.06574024585784,0,0.032063521629229895,0.6484685522838828,0.5328330993652344
"aligned, balance 0.5",smallest first,diagonal,3,odds-ratio logit,1.00143,965.653,14.4,67.0592361111111,0,0.032063521629229895,0.6484685522838828,0.5072216987609863
"aligned, balance 0.5",smallest first,diagonal,3,adjusted row,1.0065,817.149,19.288,42.36566777270842,0,0.032063521629229895,0.6484685522838828,0.8770380020141602
"aligned, balance 0.5",smallest first,diagonal,3,adjusted table,1.00293,339.698,17.864,19.01578593819973,0,0.032063521629229895,0.6484685522838828,2.060758352279663
"aligned, balance 0.5",smallest first,largest column,1,position logit,1.00244,639.265,15.328,41.70570198329854,0,0.5805033901444655,0.5640115386283224,0.5107543468475342
"aligned, balance 0.5",smallest first,largest column,1,odds-ratio logit,1.00321,751.694,15.312,49.091823406478575,0,0.5805033901444655,0.5640115386283224,0.5151705741882324
"aligned, balance 0.5",smallest first,largest column,1,adjusted row,1.00692,581.611,15.76,36.904251269035534,0,0.5805033901444655,0.5640115386283224,0.8438737392425537
"aligned, balance 0.5",smallest first,largest column,2,position logit,1.00112,724.724,16.552,43.78467858869019,0,0.5945287687372025,0.5856341850449855,0.5281801223754883
"aligned, balance 0.5",smallest first,largest column,2,odds-ratio logit,1.00362,583.145,16.712,34.89378889420775,0,0.5945287687372025,0.5856341850449855,0.5630617141723633
"aligned, balance 0.5",smallest first,largest column,2,adjusted row,1.00265,534.679,16.184,33.03750617894216,0,0.5945287687372025,0.5856341850449855,0.8215351104736328
"aligned, balance 0.5",smallest first,largest column,3,position logit,1.00167,908.301,14.776,61.47137249593936,0,0.5881803511806519,0.6484685522838828,0.4655473232269287
"aligned, balance 0.5",smallest first,largest column,3,odds-ratio logit,1.001,873.508,14.8,59.02081081081081,0,0.5881803511806519,0.6484685522838828,0.43869590759277344
"aligned, balance 0.5",smallest first,largest column,3,adjusted row,1.00413,724.359,15.248,47.50518100734523,0,0.5881803511806519,0.6484685522838828,0.7570106983184814
"aligned, balance 0.5",smallest first,smallest column,1,position logit,1.00356,759.797,16.24,46.78552955665025,0,0.02187834054377153,0.5640115386283224,0.5164546966552734
"aligned, balance 0.5",smallest first,smallest column,1,odds-ratio logit,1.0026,739.196,17.168,43.05661696178938,0,0.02187834054377153,0.5640115386283224,0.4973018169403076
"aligned, balance 0.5",smallest first,smallest column,1,adjusted row,1.00493,468.13,18.72,25.006944444444446,0,0.02187834054377153,0.5640115386283224,0.9484992027282715
"aligned, balance 0.5",smallest first,smallest column,2,position logit,1.00604,718.861,19.944,36.0439731247493,0,0.01919780468479011,0.5856341850449855,0.601203203201294
"aligned, balance 0.5",smallest first,smallest column,2,odds-ratio logit,1.00282,703.337,18.408,38.2082246849196,0,0.01919780468479011,0.5856341850449855,0.6476128101348877
"aligned, balance 0.5",smallest first,smallest column,2,adjusted row,1.01178,387.676,19.248,20.141105569409806,0,0.01919780468479011,0.5856341850449855,0.9902997016906738
"aligned, balance 0.5",smallest first,smallest column,3,position logit,1.00089,880.936,15.304,57.56246732880293,0,0.032063521629229895,0.6484685522838828,0.522087574005127
"aligned, balance 0.5",smallest first,smallest column,3,odds-ratio logit,1.00269,1096.05,14.84,73.85781671159029,0,0.032063521629229895,0.6484685522838828,0.5085124969482422
"aligned, balance 0.5",smallest first,smallest column,3,adjusted row,1.00454,462.708,20.08,23.04322709163347,0,0.032063521629229895,0.6484685522838828,0.8532876968383789
"aligned, balance 0.5",largest first,diagonal,1,position logit,1.00738,416.683,22.84,18.243563922942208,0,0.04981592423732926,0.022825482717202458,0.7420611381530762
"aligned, balance 0.5",largest first,diagonal,1,odds-ratio logit,1.0071,676.911,22.12,30.60176311030741,0,0.04981592423732926,0.022825482717202458,0.6476902961730957
"aligned, balance 0.5",largest first,diagonal,1,adjusted row,1.00055,577.678,23.392,24.695536935704514,0,0.04981592423732926,0.022825482717202458,1.0739977359771729
"aligned, balance 0.5",largest first,diagonal,2,position logit,1.0019,615.04,25.72,23.91290824261275,0,0.047185793371499855,0.02632677375091349,0.8211953639984131
"aligned, balance 0.5",largest first,diagonal,2,odds-ratio logit,1.00779,610.264,25.92,23.544135802469135,0,0.047185793371499855,0.02632677375091349,0.6607718467712402
"aligned, balance 0.5",largest first,diagonal,2,adjusted row,1.00369,573.811,23.464,24.454952267303106,0,0.047185793371499855,0.02632677375091349,1.119612455368042
"aligned, balance 0.5",largest first,diagonal,3,position logit,1.00251,507.516,25.128,20.19723018147087,0,0.04768854882061212,0.019338199061096413,0.8509504795074463
"aligned, balance 0.5",largest first,diagonal,3,odds-ratio logit,1.00186,708.526,16.112,43.97504965243297,0,0.04768854882061212,0.019338199061096413,0.6952495574951172
"aligned, balance 0.5",largest first,diagonal,3,adjusted row,1.00639,626.306,18.264,34.291830924222516,0,0.04768854882061212,0.019338199061096413,1.1519012451171875
"aligned, balance 0.5",largest first,largest column,1,position logit,1.008,844.676,18.456,45.76701343736455,0,0.5805033901444655,0.022825482717202458,0.8488869667053223
"aligned, balance 0.5",largest first,largest column,1,odds-ratio logit,1.01038,333.917,19.304,17.297813924575216,0,0.5805033901444655,0.022825482717202458,0.5771992206573486
"aligned, balance 0.5",largest first,largest column,1,adjusted row,1.00209,430.195,16.88,25.485485781990523,0,0.5805033901444655,0.022825482717202458,0.919926643371582
"aligned, balance 0.5",largest first,largest column,2,position logit,1.00706,638.007,17.288,36.90461591855622,0,0.5945287687372025,0.02632677375091349,0.6080479621887207
"aligned, balance 0.5",largest first,largest column,2,odds-ratio logit,1.00254,475.616,22.344,21.286072323666307,0,0.5945287687372025,0.02632677375091349,0.6013693809509277
"aligned, balance 0.5",largest first,largest column,2,adjusted row,1.00455,479.641,19.248,24.919004571903574,0,0.5945287687372025,0.02632677375091349,1.0182602405548096
"aligned, balance 0.5",largest first,largest column,3,position logit,1.00065,842.831,15.951,52.83875619083443,1,0.5881803511806525,0.019338199061096413,0.5385036468505859
"aligned, balance 0.5",largest first,largest column,3,odds-ratio logit,1.00312,662.767,15.008,44.16091417910448,0,0.5881803511806525,0.019338199061096413,0.4674360752105713
"aligned, balance 0.5",largest first,largest column,3,adjusted row,1.0034,566.274,15.928,35.55210949271723,0,0.5881803511806525,0.019338199061096413,0.8899149894714355
"aligned, balance 0.5",largest first,smallest column,1,position logit,1.0056,625.96,28.584,21.89896445563952,0,0.02187834054377153,0.022825482717202458,0.8962695598602295
"aligned, balance 0.5",largest first,smallest column,1,odds-ratio logit,1.00257,654.434,18.904,34.61881083368599,0,0.02187834054377153,0.022825482717202458,0.5728962421417236
"aligned, balance 0.5",largest first,smallest column,1,adjusted row,1.00238,539.031,19.392,27.796565594059405,0,0.02187834054377153,0.022825482717202458,0.9551882743835449
"aligned, balance 0.5",largest first,smallest column,2,position logit,1.00717,494.583,25.856,19.12836478960396,0,0.01919780468479011,0.02632677375091349,0.8596687316894531
"aligned, balance 0.5",largest first,smallest column,2,odds-ratio logit,1.00139,605.691,21.656,27.968738455855192,0,0.01919780468479011,0.02632677375091349,0.5676171779632568
"aligned, balance 0.5",largest first,smallest column,2,adjusted row,1.00642,354.106,21.344,16.590423538230883,0,0.01919780468479011,0.02632677375091349,1.010786771774292
"aligned, balance 0.5",largest first,smallest column,3,position logit,1.00474,370.424,27.272,13.58257553534761,0,0.03206352162922994,0.019338199061096413,0.825899600982666
"aligned, balance 0.5",largest first,smallest column,3,odds-ratio logit,1.00399,703.259,17.496,40.195416095107454,0,0.03206352162922994,0.019338199061096413,0.5258657932281494
"aligned, balance 0.5",largest first,smallest column,3,adjusted row,1.00564,364.387,17.872,20.38870859444942,0,0.03206352162922994,0.019338199061096413,0.852745771408081
"aligned, balance 0.35",smallest first,diagonal,1,position logit,1.00065,635.275,35.496,17.897086995717824,0,0.004119620059389188,0.7214868342384009,0.9258520603179932
"aligned, balance 0.35",smallest first,diagonal,1,odds-ratio logit,1.00349,412.569,33.704,12.240950629005459,0,0.004119620059389188,0.7214868342384009,0.8444600105285645
"aligned, balance 0.35",smallest first,diagonal,1,adjusted row,1.0019,621.031,36.648,16.945836061995195,0,0.004119620059389188,0.7214868342384009,1.5497798919677734
"aligned, balance 0.35",smallest first,diagonal,1,adjusted table,1.01079,286.907,37.512,7.648405843463425,0,0.004119620059389188,0.7214868342384009,3.984034299850464
"aligned, balance 0.35",smallest first,diagonal,2,position logit,1.00458,599.834,39.896,15.034940846200119,0,0.0035769546790360334,0.7415244540410678,0.9549930095672607
"aligned, balance 0.35",smallest first,diagonal,2,odds-ratio logit,1.00437,483.03,34.664,13.934629586891297,0,0.0035769546790360334,0.7415244540410678,0.9164931774139404
"aligned, balance 0.35",smallest first,diagonal,2,adjusted row,1.00382,390.998,42.92,9.109925442684062,0,0.0035769546790360334,0.7415244540410678,1.78615403175354
"aligned, balance 0.35",smallest first,diagonal,2,adjusted table,1.00311,347.752,53.896,6.452278462223542,0,0.0035769546790360334,0.7415244540410678,4.365834474563599
"aligned, balance 0.35",smallest first,diagonal,3,position logit,1.00494,794.657,30.52,26.037254259501967,0,0.006045368028011416,0.7953459409212081,1.0324921607971191
"aligned, balance 0.35",smallest first,diagonal,3,odds-ratio logit,1.00345,665.87,31.736,20.981535165112174,0,0.006045368028011416,0.7953459409212081,0.8831462860107422
"aligned, balance 0.35",smallest first,diagonal,3,adjusted row,1.00124,472.674,35.672,13.25056066382597,0,0.006045368028011416,0.7953459409212081,1.4491291046142578
"aligned, balance 0.35",smallest first,diagonal,3,adjusted table,1.00127,370.355,32.84,11.277557856272837,0,0.006045368028011416,0.7953459409212081,3.2787582874298096
"aligned, balance 0.35",smallest first,largest column,1,position logit,1.01506,472.199,34.84,13.553358208955222,0,0.7403725505154423,0.7214868342384009,0.9268150329589844
"aligned, balance 0.35",smallest first,largest column,1,odds-ratio logit,1.00274,510.269,34.024,14.997325417352457,0,0.7403725505154423,0.7214868342384009,0.8966193199157715
"aligned, balance 0.35",smallest first,largest column,1,adjusted row,1.00576,563.995,38.44,14.672086368366287,0,0.7403725505154423,0.7214868342384009,1.6171197891235352
"aligned, balance 0.35",smallest first,largest column,2,position logit,1.00402,615.446,31.528,19.520616594772903,0,0.7503044211221253,0.7415244540410678,0.8169188499450684
"aligned, balance 0.35",smallest first,largest column,2,odds-ratio logit,1.00426,637.276,40.392,15.777282630223805,0,0.7503044211221253,0.7415244540410678,1.0526461601257324
"aligned, balance 0.35",smallest first,largest column,2,adjusted row,1.00425,486.045,35.128,13.836398314734685,0,0.7503044211221253,0.7415244540410678,1.5288598537445068
"aligned, balance 0.35",smallest first,largest column,3,position logit,1.00313,688.433,30.712,22.415765824433446,0,0.75114676119213,0.7953459409212081,0.8106801509857178
"aligned, balance 0.35",smallest first,largest column,3,odds-ratio logit,1.00351,689.643,30.056,22.945268831514507,0,0.75114676119213,0.7953459409212081,0.6938149929046631
"aligned, balance 0.35",smallest first,largest column,3,adjusted row,1.00685,507.974,30.872,16.454197978750972,0,0.75114676119213,0.7953459409212081,1.2999184131622314
"aligned, balance 0.35",smallest first,smallest column,1,position logit,1.00271,652.483,33.56,19.442282479141834,0,0.004119620059389188,0.7214868342384009,0.9469585418701172
"aligned, balance 0.35",smallest first,smallest column,1,odds-ratio logit,1.00533,574.3,47.752,12.026721393868318,0,0.004119620059389188,0.7214868342384009,0.9700558185577393
"aligned, balance 0.35",smallest first,smallest column,1,adjusted row,1.00315,381.386,41.016,9.298468890189195,0,0.004119620059389188,0.7214868342384009,1.6786274909973145
"aligned, balance 0.35",smallest first,smallest column,2,position logit,1.00249,569.633,37.224,15.30284225231034,0,0.0035769546790360334,0.7415244540410678,0.9001626968383789
"aligned, balance 0.35",smallest first,smallest column,2,odds-ratio logit,1.00285,742.585,48.6,15.279526748971193,0,0.0035769546790360334,0.7415244540410678,1.0695617198944092
"aligned, balance 0.35",smallest first,smallest column,2,adjusted row,1.00557,483.174,39.944,12.096284798718203,0,0.0035769546790360334,0.7415244540410678,1.6690475940704346
"aligned, balance 0.35",smallest first,smallest column,3,position logit,1.00269,677.772,31.424,21.568609979633404,0,0.006045368028011416,0.7953459409212081,0.814483642578125
"aligned, balance 0.35",smallest first,smallest column,3,odds-ratio logit,1.00336,744.818,31.128,23.927589308661013,0,0.006045368028011416,0.7953459409212081,0.7653882503509521
"aligned, balance 0.35",smallest first,smallest column,3,adjusted row,1.00404,419.11,36.12,11.60326688815061,0,0.006045368028011416,0.7953459409212081,1.4848687648773193
"reversed, balance 0.5",smallest first,diagonal,1,position logit,1.00135,1047.64,6.996,149.74842767295598,0,0.04510533236741785,0.5640115386283232,0.3649122714996338
"reversed, balance 0.5",smallest first,diagonal,1,odds-ratio logit,1.00162,1172.85,7.0,167.54999999999998,0,0.04510533236741785,0.5640115386283232,0.300980806350708
"reversed, balance 0.5",smallest first,diagonal,1,adjusted row,1.00403,485.544,9.528,50.959697732997476,0,0.04510533236741785,0.5640115386283232,0.6011104583740234
"reversed, balance 0.5",smallest first,diagonal,1,adjusted table,1.00224,411.872,14.152,29.10344827586207,0,0.04510533236741785,0.5640115386283232,1.6967804431915283
"reversed, balance 0.5",smallest first,diagonal,2,position logit,1.00111,1037.45,7.0,148.20714285714286,0,0.04815862631491015,0.5856341850449847,0.4369339942932129
"reversed, balance 0.5",smallest first,diagonal,2,odds-ratio logit,1.00258,829.687,7.0,118.52671428571429,0,0.04815862631491015,0.5856341850449847,0.42104578018188477
"reversed, balance 0.5",smallest first,diagonal,2,adjusted row,1.00366,418.908,10.128,41.361374407582936,0,0.04815862631491015,0.5856341850449847,0.6379523277282715
"reversed, balance 0.5",smallest first,diagonal,2,adjusted table,1.00225,352.644,13.632,25.868838028169016,0,0.04815862631491015,0.5856341850449847,1.5864818096160889
"reversed, balance 0.5",smallest first,diagonal,3,position logit,1.00157,724.02,7.048,102.72701475595913,0,0.033679073771187173,0.6484685522838828,0.34476137161254883
"reversed, balance 0.5",smallest first,diagonal,3,odds-ratio logit,1.00165,956.974,7.016,136.39880273660205,0,0.033679073771187173,0.6484685522838828,0.3572361469268799
"reversed, balance 0.5",smallest first,diagonal,3,adjusted row,1.00372,548.599,11.576,47.39106772633034,0,0.033679073771187173,0.6484685522838828,0.6777453422546387
"reversed, balance 0.5",smallest first,diagonal,3,adjusted table,1.00282,384.968,13.16,29.25288753799392,0,0.033679073771187173,0.6484685522838828,1.4854021072387695
"reversed, balance 0.5",smallest first,largest column,1,position logit,1.00186,1061.52,7.0,151.6457142857143,0,0.5665071908511994,0.5640115386283232,0.33783483505249023
"reversed, balance 0.5",smallest first,largest column,1,odds-ratio logit,1.00025,1108.71,6.996,158.47770154373927,0,0.5665071908511994,0.5640115386283232,0.32007431983947754
"reversed, balance 0.5",smallest first,largest column,1,adjusted row,1.0044,345.97,7.736,44.72207859358842,0,0.5665071908511994,0.5640115386283232,0.5981519222259521
"reversed, balance 0.5",smallest first,largest column,2,position logit,1.00235,1234.06,7.0,176.2942857142857,0,0.544049918232551,0.5856341850449847,0.3798375129699707
"reversed, balance 0.5",smallest first,largest column,2,odds-ratio logit,1.00188,951.673,7.0,135.95328571428573,0,0.544049918232551,0.5856341850449847,0.39159107208251953
"reversed, balance 0.5",smallest first,largest column,2,adjusted row,1.00102,538.1,7.736,69.55791106514995,0,0.544049918232551,0.5856341850449847,0.5554924011230469
"reversed, balance 0.5",smallest first,largest column,3,position logit,1.00366,1135.31,7.0,162.18714285714285,0,0.6641818480628391,0.6484685522838828,0.3377196788787842
"reversed, balance 0.5",smallest first,largest column,3,odds-ratio logit,1.00419,899.647,7.0,128.52100000000002,0,0.6641818480628391,0.6484685522838828,0.3971419334411621
"reversed, balance 0.5",smallest first,largest column,3,adjusted row,1.00213,629.542,7.164,87.87576772752652,0,0.6641818480628391,0.6484685522838828,0.472959041595459
"reversed, balance 0.5",smallest first,smallest column,1,position logit,1.00314,964.919,7.04,137.06235795454546,0,0.022010941684001667,0.5640115386283232,0.37274861335754395
"reversed, balance 0.5",smallest first,smallest column,1,odds-ratio logit,1.0046,916.947,7.024,130.54484624145786,0,0.022010941684001667,0.5640115386283232,0.3478274345397949
"reversed, balance 0.5",smallest first,smallest column,1,adjusted row,1.0057,502.301,10.92,45.99826007326007,0,0.022010941684001667,0.5640115386283232,0.6961867809295654
"reversed, balance 0.5",smallest first,smallest column,2,position logit,1.00605,876.233,6.992,125.31936498855835,0,0.02467191550182625,0.5856341850449847,0.33854103088378906
"reversed, balance 0.5",smallest first,smallest column,2,odds-ratio logit,1.003,782.859,7.0,111.837,0,0.02467191550182625,0.5856341850449847,0.329662561416626
"reversed, balance 0.5",smallest first,smallest column,2,adjusted row,1.00647,405.902,10.664,38.062828207051766,0,0.02467191550182625,0.5856341850449847,0.6419780254364014
"reversed, balance 0.5",smallest first,smallest column,3,position logit,1.00475,917.223,7.0,131.03185714285715,0,0.017841407310127642,0.6484685522838828,0.34417152404785156
"reversed, balance 0.5",smallest first,smallest column,3,odds-ratio logit,1.00201,951.881,6.996,136.06074899942823,0,0.017841407310127642,0.6484685522838828,0.3703498840332031
"reversed, balance 0.5",smallest first,smallest column,3,adjusted row,1.00363,453.379,11.816,38.3699221394719,0,0.017841407310127642,0.6484685522838828,0.6860198974609375
"shifted, balance 0.5",smallest first,diagonal,1,position logit,1.00319,1022.8,14.056,72.76607854297097,0,0.050960262051770115,0.5640115386283213,0.5087571144104004
"shifted, balance 0.5",smallest first,diagonal,1,odds-ratio logit,1.00313,784.751,12.448,63.042336118251924,0,0.050960262051770115,0.5640115386283213,0.5165750980377197
"shifted, balance 0.5",smallest first,diagonal,1,adjusted row,1.00208,628.295,16.08,39.073072139303484,0,0.050960262051770115,0.5640115386283213,0.8735446929931641
"shifted, balance 0.5",smallest first,diagonal,1,adjusted table,1.00516,299.072,15.928,18.776494224008037,0,0.050960262051770115,0.5640115386283213,1.8400077819824219
"shifted, balance 0.5",smallest first,diagonal,2,position logit,1.00187,1150.49,14.888,77.27632993014508,0,0.04620036820477171,0.5856341850449854,0.5395827293395996
"shifted, balance 0.5",smallest first,diagonal,2,odds-ratio logit,0.99988,1114.22,14.592,76.35827850877193,0,0.04620036820477171,0.5856341850449854,0.48439645767211914
"shifted, balance 0.5",smallest first,diagonal,2,adjusted row,1.00446,671.428,18.192,36.90787159190853,0,0.04620036820477171,0.5856341850449854,0.8975076675415039
"shifted, balance 0.5",smallest first,diagonal,2,adjusted table,1.00741,256.607,16.424,15.623904042864103,0,0.04620036820477171,0.5856341850449854,1.9491586685180664
"shifted, balance 0.5",smallest first,diagonal,3,position logit,1.00313,735.507,11.528,63.801786953504504,0,0.07602052109480693,0.6484685522838829,0.45867156982421875
"shifted, balance 0.5",smallest first,diagonal,3,odds-ratio logit,1.00422,774.744,12.544,61.76211734693877,0,0.07602052109480693,0.6484685522838829,0.41278839111328125
"shifted, balance 0.5",smallest first,diagonal,3,adjusted row,1.00538,584.525,14.16,41.280014124293785,0,0.07602052109480693,0.6484685522838829,0.7048125267028809
"shifted, balance 0.5",smallest first,diagonal,3,adjusted table,1.02357,230.645,16.832,13.702768536121672,0,0.07602052109480693,0.6484685522838829,1.9218809604644775
"shifted, balance 0.5",smallest first,largest column,1,position logit,1.00232,1109.5,14.04,79.02421652421653,0,0.5420283504520296,0.5640115386283213,0.4640214443206787
"shifted, balance 0.5",smallest first,largest column,1,odds-ratio logit,1.00423,852.708,14.56,58.56510989010989,0,0.5420283504520296,0.5640115386283213,0.41580724716186523
"shifted, balance 0.5",smallest first,largest column,1,adjusted row,1.00279,557.018,14.456,38.5319590481461,0,0.5420283504520296,0.5640115386283213,0.7542619705200195
"shifted, balance 0.5",smallest first,largest column,2,position logit,1.00213,1093.76,14.632,74.75123018042646,0,0.546321972210759,0.5856341850449854,0.5782263278961182
"shifted, balance 0.5",smallest first,largest column,2,odds-ratio logit,1.00303,892.758,14.488,61.620513528437336,0,0.546321972210759,0.5856341850449854,0.4781796932220459
"shifted, balance 0.5",smallest first,largest column,2,adjusted row,1.0035,676.916,15.432,43.86443753240021,0,0.546321972210759,0.5856341850449854,0.9546220302581787
"shifted, balance 0.5",smallest first,largest column,3,position logit,1.00145,744.426,11.624,64.04215416379904,0,0.5149580703182934,0.6484685522838829,0.552790641784668
"shifted, balance 0.5",smallest first,largest column,3,odds-ratio logit,1.00306,589.881,11.8,49.98991525423728,0,0.5149580703182934,0.6484685522838829,0.5324370861053467
"shifted, balance 0.5",smallest first,largest column,3,adjusted row,1.004,477.517,10.16,46.99970472440945,0,0.5149580703182934,0.6484685522838829,0.8224587440490723
"shifted, balance 0.5",smallest first,smallest column,1,position logit,1.00349,894.019,14.112,63.351686507936506,0,0.02288488812489855,0.5640115386283213,0.5818440914154053
"shifted, balance 0.5",smallest first,smallest column,1,odds-ratio logit,1.00174,1090.76,14.752,73.93980477223427,0,0.02288488812489855,0.5640115386283213,0.43726015090942383
"shifted, balance 0.5",smallest first,smallest column,1,adjusted row,1.00213,518.263,16.0,32.3914375,0,0.02288488812489855,0.5640115386283213,0.8084251880645752
"shifted, balance 0.5",smallest first,smallest column,2,position logit,1.00112,909.32,14.536,62.55641166758394,0,0.024215503368207967,0.5856341850449854,0.5295202732086182
"shifted, balance 0.5",smallest first,smallest column,2,odds-ratio logit,1.00398,1128.1,15.088,74.76802757158006,0,0.024215503368207967,0.5856341850449854,0.4927842617034912
"shifted, balance 0.5",smallest first,smallest column,2,adjusted row,1.00127,706.012,17.784,39.69928025191183,0,0.024215503368207967,0.5856341850449854,0.7668988704681396
"shifted, balance 0.5",smallest first,smallest column,3,position logit,1.00333,783.522,11.976,65.42434869739479,0,0.023602439484154164,0.6484685522838829,0.4283006191253662
"shifted, balance 0.5",smallest first,smallest column,3,odds-ratio logit,1.00202,776.453,11.816,65.71200067704807,0,0.023602439484154164,0.6484685522838829,0.4180433750152588
"shifted, balance 0.5",smallest first,smallest column,3,adjusted row,1.00576,579.227,15.816,36.62285027819929,0,0.023602439484154164,0.6484685522838829,0.7589945793151855
