balance,last_column_rank,last_column_share,rep,param,max_rhat,min_ess,leapfrogs,ess_per_1000_grad,max_corr_col_params,cond_margin_corr,seconds
0.5,1,0.5805033901444661,1,position logit,1.00297,1098.07,6.996,156.9568324757004,0.2947734337911812,2.346134187783554,0.42172789573669434
0.5,1,0.5805033901444661,1,odds-ratio logit,1.00404,665.291,8.044,82.7064893088016,0.2026079416581562,2.2112370381062587,0.3545370101928711
0.5,1,0.5805033901444661,1,adjusted row,1.0042,467.361,9.992,46.773518815052036,0.22525063606970447,2.7379911652861773,0.6127862930297852
0.5,1,0.5805033901444661,1,adjusted table,1.0046,365.042,13.368,27.307151406343504,0.3004888768331199,2.9537816116443807,1.4684698581695557
0.5,1,0.5945287687372025,2,position logit,1.00019,628.423,7.52,83.56688829787234,0.21127698474727272,2.4607296004688606,0.3754591941833496
0.5,1,0.5945287687372025,2,odds-ratio logit,1.00285,688.258,7.088,97.10186230248307,0.2794222308732599,2.4720900021287044,0.36801910400390625
0.5,1,0.5945287687372025,2,adjusted row,1.00827,478.596,10.84,44.15092250922509,0.15862372558815055,2.0499236551727202,0.5880961418151855
0.5,1,0.5945287687372025,2,adjusted table,1.0051,487.328,13.416,36.324388789505065,0.20498695221762936,2.3107366719239737,1.5316150188446045
0.5,1,0.5881803511806525,3,position logit,1.0018,800.477,7.04,113.70411931818181,0.20986324757840472,2.316734871794398,0.35030293464660645
0.5,1,0.5881803511806525,3,odds-ratio logit,1.00246,691.615,7.176,96.37890189520624,0.19662270610595164,2.2019959709803234,0.30983638763427734
0.5,1,0.5881803511806525,3,adjusted row,1.00544,476.931,9.976,47.807838813151555,0.26690096286370435,2.445190686978781,0.5954320430755615
0.5,1,0.5881803511806525,3,adjusted table,1.00633,425.124,13.52,31.44408284023669,0.22548281760713784,2.336386167254195,1.382308006286621
0.5,2,0.23270447125095622,1,position logit,1.00117,644.399,8.304,77.60103564547205,0.5059557779531979,4.510193846879282,0.3907325267791748
0.5,2,0.23270447125095622,1,odds-ratio logit,1.00463,733.51,7.4,99.12297297297297,0.47994526756432626,4.064279832843401,0.30814623832702637
0.5,2,0.23270447125095622,1,adjusted row,1.00693,405.692,10.456,38.7999234889059,0.46717633385512336,3.61928748104941,0.6190617084503174
0.5,2,0.23270447125095622,1,adjusted table,1.00438,292.195,15.872,18.40946320564516,0.47744310325795547,4.024744337146853,1.8873841762542725
0.5,2,0.22701512834324628,2,position logit,1.00393,698.145,10.264,68.01880358534684,0.5279100906384513,4.0600722780621155,0.4061574935913086
0.5,2,0.22701512834324628,2,odds-ratio logit,1.00552,506.176,8.776,57.67730173199635,0.49607366563236027,3.8178924729593837,0.35074734687805176
0.5,2,0.22701512834324628,2,adjusted row,1.00263,487.824,12.648,38.56925996204934,0.4837578844981444,4.212832375175195,0.7097361087799072
0.5,2,0.22701512834324628,2,adjusted table,1.00815,317.417,19.592,16.20135769701919,0.4815144830183144,3.9450355577972465,2.080289125442505
0.5,2,0.2171962121281097,3,position logit,1.00343,624.433,9.28,67.28803879310345,0.4923753387925172,4.291721572015465,0.435685396194458
0.5,2,0.2171962121281097,3,odds-ratio logit,1.00844,378.645,8.864,42.717170577617324,0.5388302965004637,4.383329255474899,0.3553946018218994
0.5,2,0.2171962121281097,3,adjusted row,1.00503,485.812,13.144,36.960742544126596,0.517625044052071,4.340097744080907,0.714806079864502
0.5,2,0.2171962121281097,3,adjusted table,1.00593,208.827,15.4,13.560194805194804,0.5148324202428807,4.680851498368956,1.8328821659088135
0.5,3,0.11509787382347604,1,position logit,1.00351,661.501,10.704,61.799420777279515,0.7410863589830502,9.542344051254478,0.43932127952575684
0.5,3,0.11509787382347604,1,odds-ratio logit,1.0015,607.346,10.336,58.76025541795666,0.7874972609019368,11.511289980383212,0.37593793869018555
0.5,3,0.11509787382347604,1,adjusted row,1.00272,512.596,11.84,43.29358108108108,0.7631827644324062,10.14741941813911,0.7407355308532715
0.5,3,0.11509787382347604,1,adjusted table,1.00378,224.989,17.752,12.674008562415503,0.7494303980659575,9.777850858149542,1.9342279434204102
0.5,3,0.11207250486326113,2,position logit,1.00313,808.584,11.168,72.40186246418338,0.7432433028323532,9.358277310733387,0.6184911727905273
0.5,3,0.11207250486326113,2,odds-ratio logit,1.00378,651.382,11.776,55.314368206521735,0.7410276784166637,9.545588663315868,0.4376029968261719
0.5,3,0.11207250486326113,2,adjusted row,1.00346,511.847,12.296,41.62711450878334,0.7716014754297713,10.879089157687513,0.715979814529419
0.5,3,0.11207250486326113,2,adjusted table,1.00137,299.146,15.344,19.495959332638165,0.7767359442246502,10.91585754121547,1.876875877380371
0.5,3,0.11487136624139582,3,position logit,1.00423,703.339,9.76,72.06342213114755,0.7607727656243426,10.096093342503739,0.40796637535095215
0.5,3,0.11487136624139582,3,odds-ratio logit,1.00323,674.69,11.56,58.36418685121107,0.7302941552864273,9.241402955477298,0.509077787399292
0.5,3,0.11487136624139582,3,adjusted row,1.00777,569.489,13.424,42.423197258641245,0.7280693261711412,9.101358673375383,0.7769110202789307
0.5,3,0.11487136624139582,3,adjusted table,1.00495,274.338,16.288,16.842951866404718,0.6922788719284927,7.940170860656058,1.885373830795288
0.5,4,0.04981592423733009,1,position logit,1.00138,908.926,14.464,62.84056969026549,0.8762346929640025,26.189781378028492,0.4709043502807617
0.5,4,0.04981592423733009,1,odds-ratio logit,1.003,919.759,14.568,63.135571114772105,0.8704855457866628,23.97791851784411,0.4550027847290039
0.5,4,0.04981592423733009,1,adjusted row,1.00179,440.828,14.488,30.427112092766425,0.8684478470820128,23.91589806409359,0.7306504249572754
0.5,4,0.04981592423733009,1,adjusted table,1.00361,335.029,17.192,19.487494183341088,0.8696429578720559,24.32258622989935,1.877140760421753
0.5,4,0.04718579337149984,2,position logit,1.00493,867.601,13.944,62.22038152610441,0.8787598842395121,25.931851599484318,0.5872068405151367
0.5,4,0.04718579337149984,2,odds-ratio logit,1.00345,899.472,14.304,62.882550335570464,0.875256478050279,26.282305054826928,0.46596479415893555
0.5,4,0.04718579337149984,2,adjusted row,1.00466,553.313,18.968,29.170866722901728,0.8580522370392843,22.70109460112595,0.912975549697876
0.5,4,0.04718579337149984,2,adjusted table,1.00642,212.116,16.664,12.728996639462313,0.8686533164966318,24.617143339206436,1.9697692394256592
0.5,4,0.047688548820612076,3,position logit,1.00162,1026.31,14.824,69.23300053966541,0.8734493473487666,26.90198366635597,0.4744687080383301
0.5,4,0.047688548820612076,3,odds-ratio logit,1.00435,881.395,14.096,62.528022133938705,0.8667730271132829,25.536292047176328,0.5131769180297852
0.5,4,0.047688548820612076,3,adjusted row,1.00381,659.689,18.216,36.21481115502854,0.8573618110218016,22.81675615209608,0.8500344753265381
0.5,4,0.047688548820612076,3,adjusted table,1.00071,274.856,16.512,16.645833333333332,0.8547908291965042,22.944079324981644,1.794607162475586
0.5,5,0.021878340543771566,1,position logit,1.00753,674.608,19.288,34.975528826213186,0.9437521171843261,65.81169235274875,0.6828901767730713
0.5,5,0.021878340543771566,1,odds-ratio logit,1.00253,642.01,17.472,36.74507783882783,0.9329013934717565,55.04183063420114,0.49437832832336426
0.5,5,0.021878340543771566,1,adjusted row,1.00385,480.423,20.424,23.52247356051704,0.9341711716624806,56.21251240828351,0.9700820446014404
0.5,5,0.021878340543771566,1,adjusted table,1.00328,447.544,29.912,14.962021930997594,0.9315802047640953,53.8804513739194,2.4268438816070557
0.5,5,0.01919780468479011,2,position logit,1.00234,713.701,21.064,33.88250094948728,0.956135416375713,94.13550076876449,0.5970182418823242
0.5,5,0.01919780468479011,2,odds-ratio logit,1.00378,553.56,17.76,31.168918918918912,0.9386498399076385,62.2473508173022,0.58052659034729
0.5,5,0.01919780468479011,2,adjusted row,1.00522,528.318,21.968,24.04943554260743,0.9415654759188399,65.5209241280584,0.9836435317993164
0.5,5,0.01919780468479011,2,adjusted table,1.00205,475.657,30.16,15.771120689655172,0.9475919477377803,72.44452434184853,2.9019060134887695
0.5,5,0.032063521629229944,3,position logit,1.00373,862.494,15.128,57.01308831306187,0.9052699943710278,39.08426550301794,0.6635143756866455
0.5,5,0.032063521629229944,3,odds-ratio logit,1.00281,622.111,15.24,40.82093175853018,0.9107927170366927,41.271784692010904,0.5648984909057617
0.5,5,0.032063521629229944,3,adjusted row,1.00272,558.755,19.704,28.3574401136825,0.915789402827644,42.97335470453062,1.1300735473632812
0.5,5,0.032063521629229944,3,adjusted table,1.00564,328.074,22.88,14.338898601398602,0.8962857155162242,35.443449221094845,2.416351556777954
0.35,1,0.7403725505154427,1,position logit,1.00428,825.025,7.0,117.86071428571428,0.1025924700454839,1.8804146621642865,0.4480552673339844
0.35,1,0.7403725505154427,1,odds-ratio logit,1.00099,844.872,7.008,120.55821917808218,0.12381536522612385,2.6209495634945075,0.39532041549682617
0.35,1,0.7403725505154427,1,adjusted row,1.00374,549.469,12.136,45.27595583388267,0.1376596977760282,1.9772689283153577,0.7224712371826172
0.35,1,0.7403725505154427,1,adjusted table,1.00524,463.643,13.368,34.68304907241173,0.1151206841669742,2.0154101502637034,1.694260835647583
0.35,1,0.7503044211221263,2,position logit,1.00615,640.467,7.0,91.49528571428571,0.09719513834967977,2.0504013678264124,0.330629825592041
0.35,1,0.7503044211221263,2,odds-ratio logit,1.00393,748.087,7.008,106.74757420091323,0.1285611603337977,2.0767179557531183,0.34027767181396484
0.35,1,0.7503044211221263,2,adjusted row,1.0025,507.013,12.552,40.39300509878904,0.12403311620309615,2.045398046355179,0.6409387588500977
0.35,1,0.7503044211221263,2,adjusted table,1.00442,541.597,14.384,37.652739154616235,0.07567270247692386,1.9895484153967333,1.622084379196167
0.35,1,0.75114676119213,3,position logit,1.00196,750.922,7.016,107.0299315849487,0.15328964445658302,2.377314092471515,0.3230104446411133
0.35,1,0.75114676119213,3,odds-ratio logit,1.0005,753.687,7.008,107.54666095890411,0.061208025928467046,1.9346776839061424,0.31591010093688965
0.35,1,0.75114676119213,3,adjusted row,1.00397,634.286,11.944,53.104989953114526,0.13074632234611802,2.268367133646127,0.7263166904449463
0.35,1,0.75114676119213,3,adjusted table,1.00334,676.583,13.36,50.64244011976048,0.14110137863773256,1.88076351593818,1.422569990158081
0.35,2,0.18397109187010482,1,position logit,1.00481,425.407,9.528,44.64808984047019,0.44885092990872977,3.580571275801804,0.41384291648864746
0.35,2,0.18397109187010482,1,odds-ratio logit,1.00182,574.095,11.312,50.75097241867044,0.4231602103880749,2.9359674188336387,0.43795013427734375
0.35,2,0.18397109187010482,1,adjusted row,1.00233,541.305,14.296,37.86408785674314,0.464206260856218,3.3847667899519576,0.8410165309906006
0.35,2,0.18397109187010482,1,adjusted table,1.00326,247.713,18.032,13.737411268855368,0.42167094158123175,2.8459549618133724,2.0269253253936768
0.35,2,0.17759009517631358,2,position logit,1.01012,416.728,10.304,40.44332298136646,0.4894304552632975,3.594350013007471,0.4194984436035156
0.35,2,0.17759009517631358,2,odds-ratio logit,1.00527,510.389,10.104,50.51355898653999,0.41394635103006794,2.9346771306272963,0.37788915634155273
0.35,2,0.17759009517631358,2,adjusted row,1.00231,513.271,15.4,33.32928571428571,0.454731090415079,3.279780738217414,0.761528491973877
0.35,2,0.17759009517631358,2,adjusted table,1.00199,303.69,19.88,15.2761569416499,0.453843033115142,3.0924556509741743,2.122553825378418
0.35,2,0.17193561366553467,3,position logit,1.00422,594.104,12.816,46.35642946317104,0.47156589650783043,3.519149358301274,0.44303464889526367
0.35,2,0.17193561366553467,3,odds-ratio logit,1.00481,448.904,9.432,47.59372349448685,0.4733921495742042,3.5579881567968727,0.39417004585266113
0.35,2,0.17193561366553467,3,adjusted row,1.00619,479.707,13.848,34.6408867706528,0.4723351076718602,3.38885854620927,0.6950774192810059
0.35,2,0.17193561366553467,3,adjusted table,1.00179,262.157,17.976,14.583722741433021,0.5552892433445302,4.036233272227209,1.7987017631530762
0.35,3,0.0564042031860722,1,position logit,1.00276,908.457,14.544,62.462665016501646,0.8510902461239411,15.419609472698392,0.4725947380065918
0.35,3,0.0564042031860722,1,odds-ratio logit,1.00194,870.412,14.528,59.91272026431718,0.8392547647062683,13.872899073771299,0.4653160572052002
0.35,3,0.0564042031860722,1,adjusted row,1.00061,547.975,15.52,35.3076675257732,0.8669523176568219,17.669275658919602,0.7209830284118652
0.35,3,0.0564042031860722,1,adjusted table,1.01783,248.611,21.656,11.48000554118951,0.83836229336496,14.35881208392361,2.297422409057617
0.35,3,0.0543453422890647,2,position logit,1.00497,815.108,14.512,56.16786108048511,0.8268428348010537,13.027585279283254,0.6098647117614746
0.35,3,0.0543453422890647,2,odds-ratio logit,1.00142,1019.08,14.496,70.30077262693156,0.8271299975569726,13.12750421354947,0.5285711288452148
0.35,3,0.0543453422890647,2,adjusted row,1.00145,584.813,14.776,39.578573362208985,0.8453877391288669,14.399408407417337,0.9776797294616699
0.35,3,0.0543453422890647,2,adjusted table,1.00446,365.952,16.792,21.7932348737494,0.8374995368898415,13.935268976345688,2.141263246536255
0.35,3,0.056366970256882434,3,position logit,1.00365,821.447,13.968,58.8092067583047,0.8127445824792132,11.864190686030481,0.4431023597717285
0.35,3,0.056366970256882434,3,odds-ratio logit,1.00047,745.368,13.936,53.485074626865675,0.822211819476739,13.123411822194061,0.4610919952392578
0.35,3,0.056366970256882434,3,adjusted row,1.00756,506.58,14.424,35.12063227953411,0.8266044214808594,13.072328588233871,0.7047388553619385
0.35,3,0.056366970256882434,3,adjusted table,1.00406,300.294,17.288,17.37008329477094,0.8338580964863074,14.257015066647686,1.9451038837432861
0.35,4,0.015132534368989424,1,position logit,1.00242,870.357,23.736,36.66822548028311,0.9479409798253298,65.90005673543806,0.7117691040039062
0.35,4,0.015132534368989424,1,odds-ratio logit,1.00178,620.043,23.304,26.60671987641607,0.9495869045898365,62.99346310718574,0.643906831741333
0.35,4,0.015132534368989424,1,adjusted row,1.00654,406.953,22.024,18.477706138757718,0.9451093651664964,59.00442520267083,1.0480437278747559
0.35,4,0.015132534368989424,1,adjusted table,1.00517,375.034,25.912,14.4733714109293,0.9541865938646875,69.95531661549725,2.4842946529388428
0.35,4,0.014183186733458803,2,position logit,1.00194,736.926,19.992,36.861044417767104,0.9552157242930323,69.30329309779083,0.6613528728485107
0.35,4,0.014183186733458803,2,odds-ratio logit,1.00653,505.595,20.424,24.75494516255386,0.9523790647323668,68.31686870131578,0.6207742691040039
0.35,4,0.014183186733458803,2,adjusted row,1.00427,477.174,20.848,22.8882386799693,0.9525877349342811,69.50809295260977,0.9532198905944824
0.35,4,0.014183186733458803,2,adjusted table,1.00391,392.434,29.256,13.413795460760186,0.9597736528085553,81.35937675252937,2.635042905807495
0.35,4,0.014505286857441405,3,position logit,1.00186,648.937,23.384,27.75132569278139,0.9475318600065477,63.72878010538786,0.6885349750518799
0.35,4,0.014505286857441405,3,odds-ratio logit,1.00189,562.674,18.4,30.580108695652175,0.9481235210224218,64.57386570562608,0.618502140045166
0.35,4,0.014505286857441405,3,adjusted row,1.00156,492.553,21.24,23.18987758945386,0.9548552770170105,75.82171404461424,1.0434224605560303
0.35,4,0.014505286857441405,3,adjusted table,1.00446,372.31,27.896,13.346357900774304,0.9412738697167763,58.23424139599132,2.528299570083618
0.35,5,0.004119620059390939,1,position logit,1.00823,495.334,34.792,14.23700850770292,0.9855250741770006,275.0004924777641,0.9784092903137207
0.35,5,0.004119620059390939,1,odds-ratio logit,1.00512,449.338,37.384,12.019527070404452,0.9859162289432463,284.7211676330579,1.0297656059265137
0.35,5,0.004119620059390939,1,adjusted row,1.00653,335.136,43.8,7.651506849315069,0.9859794000133955,296.66217679967303,1.7925572395324707
0.35,5,0.004119620059390939,1,adjusted table,1.00263,404.538,48.632,8.318350057575259,0.9861384498185284,282.09645751689015,4.673988103866577
0.35,5,0.003576954679036509,2,position logit,1.00284,495.491,33.416,14.827956667464688,0.9896978451859604,381.30449629881366,1.0694255828857422
0.35,5,0.003576954679036509,2,odds-ratio logit,1.0022,379.029,40.536,9.350429248075784,0.9880567351393197,336.79471611536604,1.1183617115020752
0.35,5,0.003576954679036509,2,adjusted row,1.00832,533.397,40.152,13.284444112372984,0.9869298232516104,305.60565918575173,2.082227945327759
0.35,5,0.003576954679036509,2,adjusted table,1.00568,411.066,52.456,7.8363962177825215,0.9893168077213422,392.07088052114665,4.655145645141602
0.35,5,0.006045368028011418,3,position logit,1.0035,702.667,29.896,23.503712871287128,0.9812743562579067,208.4203350883404,0.943352460861206
0.35,5,0.006045368028011418,3,odds-ratio logit,1.00614,475.7,29.624,16.05792600594113,0.9763867347528145,166.96689043201548,0.728107213973999
0.35,5,0.006045368028011418,3,adjusted row,1.00293,508.076,35.352,14.371916723240554,0.9779765576549788,171.43976948930936,1.4295063018798828
0.35,5,0.006045368028011418,3,adjusted table,1.00489,259.697,33.264,7.807148869648869,0.981799996772574,228.85768842650486,3.3329732418060303
