R,C,cells,total,param,seconds,leapfrogs,ms_per_gradient,min_ess,max_rhat,ess_per_s,div,treedepth_hits,error,size,status
10,10,100,60000,odds-ratio logit,1.246065378189087,15.0,0.0885115341802164,1377.9898775262425,1.0278791882310636,1105.8728551858826,0.0,0.0,,10x10,ok
10,10,100,60000,position logit,2.0615901947021484,20.6,0.094522830503755,731.0017228480656,1.0103930217989483,354.5814899229661,0.0,0.0,,10x10,ok
10,10,100,60000,adjusted row,2.376880168914795,12.128,0.1544782873892564,201.72389936485024,1.0112648660878072,84.86919197821854,0.0,0.0,,10x10,ok
10,10,100,60000,ILR + log volume,4.970702409744263,62.968,0.0405551468773626,904.459650787446,1.010240117152422,181.95811702877208,0.0,0.0,,10x10,ok
10,10,100,60000,log cells,3.470076560974121,118.424,0.0304704066960896,1186.6300342248614,1.023522865363003,341.9607646615584,0.0,0.0,,10x10,ok
10,10,100,60000,adjusted table,51.63416886329651,52.808,1.1452627007496177,378.4289934765447,1.0148142198083492,7.329042024060663,0.0,0.0,,10x10,ok
5,40,200,30000,odds-ratio logit,3.125285387039185,15.0,0.2088536077946528,1242.1016880372165,1.0195149327395698,397.4362447628988,0.0,0.0,,5x40,ok
5,40,200,30000,position logit,11.1084246635437,47.0,0.2022379438995712,755.2261737604324,1.0234812348397797,67.98679350448127,0.0,0.0,,5x40,ok
5,40,200,30000,adjusted row,4.596733808517456,18.92,0.2612819762699628,74.61129615317466,1.0389204852560388,16.23137193955514,0.0,0.0,,5x40,ok
5,40,200,30000,ILR + log volume,9.805175065994264,31.0,0.1235562270469803,777.5473682138258,1.0167050371875337,79.29969255831753,0.0,0.0,,5x40,ok
5,40,200,30000,log cells,5.774442434310913,63.0,0.0901137248934669,1350.8830261612084,1.0198996857480371,233.9417253749824,0.0,0.0,,5x40,ok
5,40,200,30000,adjusted table,384.41051983833313,80.984,5.124926938970951,319.3167711724203,1.017418557136168,0.8306660580119178,0.0,0.0,,5x40,ok
16,16,256,96000,odds-ratio logit,5.456881046295166,15.0,0.3610958871291136,1247.8499777873042,1.0196648599998483,228.67457934317727,0.0,0.0,,16x16,ok
16,16,256,96000,position logit,9.726394653320312,30.872,0.324743569607703,926.0679442798804,1.014747903647068,95.21184131303444,0.0,0.0,,16x16,ok
16,16,256,96000,adjusted row,8.971084356307983,15.288,0.4007453031496463,73.78095419727258,1.0324933281188096,8.224307259511363,0.0,0.0,,16x16,ok
16,16,256,96000,ILR + log volume,27.57460117340088,62.872,0.2189937749545398,1172.980696275103,1.0166193203669232,42.53844648192367,0.0,0.0,,16x16,ok
16,16,256,96000,log cells,17.146026849746704,75.224,0.2042993452535174,811.1694135849693,1.0180220914840008,47.30946829218063,0.0,0.0,,16x16,ok
16,16,256,96000,adjusted table,900.0758163928986,,,,,,,,TimeoutError,16x16,TimeoutError
24,24,576,144000,odds-ratio logit,20.846646785736084,15.0,1.2612927629317572,843.1011126182217,1.0177811784432298,40.44300847439394,0.0,0.0,,24x24,ok
24,24,576,144000,position logit,70.96739768981934,63.0,1.1673229326395154,948.1739759695208,1.018588275572858,13.360698106949773,0.0,0.0,,24x24,ok
24,24,576,144000,adjusted row,32.31275272369385,15.0,1.4014595764185305,54.03868433272479,1.029463922713298,1.6723639980415548,0.0,0.0,,24x24,ok
24,24,576,144000,ILR + log volume,139.90079021453855,62.904,1.0865321275758475,1187.6362675553842,1.0205079987989971,8.489131946532524,0.0,0.0,,24x24,ok
24,24,576,144000,log cells,64.4032998085022,63.0,0.8650137308320254,951.9409050766698,1.0185521085079885,14.780933708477455,0.0,0.0,,24x24,ok
24,24,576,144000,adjusted table,900.3556215763092,,,,,,,,TimeoutError,24x24,TimeoutError
32,32,1024,192000,odds-ratio logit,192.071373462677,15.0,10.737142491694495,766.0673250573337,1.0131839504706903,3.988451330599741,0.0,0.0,,32x32,ok
32,32,1024,192000,position logit,505.0293073654175,47.0,10.291388489911306,585.8834958824785,1.013057375574564,1.160098012804153,0.0,0.0,,32x32,ok
32,32,1024,192000,adjusted row,237.0476212501526,15.0,10.381799205104569,13.84208533982929,1.130403942681797,0.058393690123648,0.0,0.0,,32x32,not converged
32,32,1024,192000,ILR + log volume,900.9291839599608,,,,,,,,TimeoutError,32x32,TimeoutError
32,32,1024,192000,log cells,593.397341966629,63.0,8.373394414418968,1028.2843869371764,1.026044690959152,1.7328766312455173,0.0,0.0,,32x32,ok
32,32,1024,192000,adjusted table,,,,,,,,,not run (timed out at 16x16 and 24x24),32x32,not run (timed out at 16x16 and 24x24)
