R,C,cells,param,basis,centred_interior,seconds,leapfrogs,ms_per_gradient,min_ess,max_rhat,ess_per_s,div,status
10,10,100,odds-ratio logit,split,1,0.9114983081817627,13.392,0.06973439738212552,900.4823817994272,1.0128771046430132,987.9144851027647,0,ok
10,10,100,position logit,split,1,1.2367000579833984,17.928,0.06140821579936434,616.4591238291273,1.0131197655599427,498.4710074602444,0,ok
10,10,100,adjusted row,split,1,1.2960577011108398,10.52,0.11403939297059744,652.9599297471397,1.0130136423299163,503.8046756618115,0,ok
10,10,100,adjusted table,split,1,2.1818337440490723,9.84,0.19777318202040176,857.1521743494618,1.008873505091381,392.85861110514725,0,ok
10,10,100,log cells,split,1,2.256695032119751,100.952,0.021510771443330006,818.526804379831,1.0129322365913704,362.71042065040365,0,ok
10,10,100,ILR + log volume,split,1,3.549085855484009,62.072,0.030202672607919468,1047.308936960717,1.0187416646476348,295.09258992493136,0,ok
5,40,200,odds-ratio logit,split,1,1.8786005973815918,15.0,0.12592422813162127,1143.552162970322,1.0152226265009352,608.7255399387255,0,ok
5,40,200,position logit,split,1,6.854872703552246,63.0,0.11036220895234045,860.3608047420277,1.0134813080217497,125.51083615253457,0,ok
5,40,200,adjusted row,split,1,2.4740898609161377,15.0,0.16550756670676908,1447.2569812737154,1.0169403946498083,584.9654065264252,0,ok
5,40,200,adjusted table,split,1,7.867851495742798,15.0,0.5307688127461664,1561.9692585998139,1.0152051275303746,198.5255135337744,0,ok
5,40,200,log cells,split,1,2.715402126312256,63.0,0.04229400692042826,1272.5937761833468,1.018685874424738,468.65757519002756,0,ok
5,40,200,ILR + log volume,split,1,5.061346769332886,31.0,0.06325655542640428,725.8073485227173,1.0120754610249199,143.40201958112087,0,ok
16,16,256,odds-ratio logit,split,1,2.6263599395751953,15.0,0.1748691617001928,1143.2808013136073,1.0225334126363617,435.31002132880883,0,ok
16,16,256,position logit,split,1,4.638565540313721,30.952,0.14776031027518421,1079.0239299895086,1.0143054731510017,232.62017548565905,0,ok
16,16,256,adjusted row,split,1,3.3186328411102295,15.0,0.2197988436672669,1177.3758424221635,1.0174195574645264,354.7773733319288,0,ok
16,16,256,adjusted table,split,1,6.18131685256958,15.232,0.4090201391278465,1544.5611895360166,1.0201230491643087,249.87575081091998,0,ok
16,16,256,log cells,split,1,4.690305471420288,87.704,0.051360645102663,653.6606922932267,1.0111413215223817,139.3642047999252,0,ok
16,16,256,ILR + log volume,split,1,8.126715183258057,63.0,0.06549814575204659,1054.393584136915,1.0179211525800667,129.74412912969854,0,ok
24,24,576,odds-ratio logit,split,1,5.82047963142395,15.0,0.3490123902035108,870.3847220773253,1.017533009191873,149.53831594534591,0,ok
24,24,576,position logit,split,1,17.85718584060669,62.872,0.29766937557270695,943.9847337014753,1.017344911430179,52.86301784208815,0,ok
24,24,576,adjusted row,split,1,7.500349283218384,15.0,0.45877904903926253,1122.0740418017072,1.0198890487554026,149.602905069006,0,ok
24,24,576,adjusted table,split,1,14.118395805358887,15.0,0.8814907005499882,1329.1203062924353,1.0236774238711857,94.14102881206547,0,ok
24,24,576,log cells,split,1,7.618651628494263,63.0,0.10283107652275321,914.1008251579335,1.0181299013899143,119.9819692160665,0,ok
24,24,576,ILR + log volume,split,1,19.11261296272278,50.808,0.15560089035115549,831.4857750275207,1.0153604904170541,43.50455778334704,0,ok
32,32,1024,odds-ratio logit,split,1,10.874663829803467,15.0,0.604803194004809,828.4344836913594,1.024837480695242,76.18023845674422,0,ok
32,32,1024,position logit,split,1,30.400457620620728,62.808,0.5399198589946049,962.7564764707887,1.0182821526405217,31.669144211097265,0,ok
32,32,1024,adjusted row,split,1,13.813462972640991,15.0,0.7729973683626744,978.6492755006204,1.023103844311367,70.8474969266532,0,ok
32,32,1024,adjusted table,split,1,28.758704662322998,15.0,1.6322552166594584,785.940807155295,1.0139918581147718,27.328797189706606,0,ok
32,32,1024,log cells,split,1,13.153328895568848,63.0,0.18721467869237451,1187.3454821102189,1.0162433648003302,90.26958054019444,0,ok
32,32,1024,ILR + log volume,split,1,35.64906048774719,62.424,0.26741675721629593,1038.7336154688867,1.0200711816241528,29.137755701188983,0,ok
48,48,2304,odds-ratio logit,split,1,38.30476760864258,23.448,1.5649290194322252,657.5110034700435,1.0192689066203766,17.165252382883313,0,ok
48,48,2304,position logit,split,1,89.36705946922302,63.0,1.2093953429131326,661.3257069262222,1.012861995206667,7.400105932253204,0,ok
48,48,2304,adjusted row,split,1,47.79591393470764,23.0,1.9878106816406098,797.7638848364934,1.018912115161139,16.691047814804655,0,ok
48,48,2304,adjusted table,split,1,109.78801774978638,23.24,4.527060913749104,884.9912701509793,1.0187019525988368,8.060909453415295,0,ok
48,48,2304,log cells,split,1,29.390271425247192,63.0,0.43851023417703167,1661.918748174226,1.0211759851337507,56.546560054786845,0,ok
48,48,2304,ILR + log volume,split,1,81.0671021938324,31.0,0.6824088639202024,613.1979667480035,1.0113576233843289,7.564079017920734,0,ok
